# Built 2026-09-30 from https://docs.google.com/spreadsheets/d/1sR8NT204STTwOoDrr9GBjhXVYEn0qqZTxgjoLKMmaaE/export?format=csv and epitaka.db; 5116 sheet rows, 13061 codes. Columns: code, book_id, para_id, display_code, title, range_code (set when the code is one sutta inside a DPD range), alt_code (the row's SuttaCentral code when it differs and opens the same place). Regenerate with scripts/build_sutta_codes.py whenever epitaka.db changes.
an1	A-i	3	AN1	ekakanipātapāḷi		
an1.1	A-i	3	AN1.1	rūpādivagga	AN1.1-10	
an1.1-10	A-i	3	AN1.1-10	rūpādivagga		
an1.2	A-i	7	AN1.2	rūpādivagga	AN1.1-10	
an1.3	A-i	8	AN1.3	rūpādivagga	AN1.1-10	
an1.4	A-i	9	AN1.4	rūpādivagga	AN1.1-10	
an1.5	A-i	10	AN1.5	rūpādivagga	AN1.1-10	
an1.6	A-i	11	AN1.6	rūpādivagga	AN1.1-10	
an1.7	A-i	12	AN1.7	rūpādivagga	AN1.1-10	
an1.8	A-i	13	AN1.8	rūpādivagga	AN1.1-10	
an1.9	A-i	14	AN1.9	rūpādivagga	AN1.1-10	
an1.10	A-i	15	AN1.10	rūpādivagga	AN1.1-10	
an1.11	A-i	17	AN1.11	nīvaraṇappahānavagga	AN1.11-20	
an1.11-20	A-i	17	AN1.11-20	nīvaraṇappahānavagga		
an1.12	A-i	19	AN1.12	nīvaraṇappahānavagga	AN1.11-20	
an1.13	A-i	20	AN1.13	nīvaraṇappahānavagga	AN1.11-20	
an1.14	A-i	21	AN1.14	nīvaraṇappahānavagga	AN1.11-20	
an1.15	A-i	22	AN1.15	nīvaraṇappahānavagga	AN1.11-20	
an1.16	A-i	23	AN1.16	nīvaraṇappahānavagga	AN1.11-20	
an1.17	A-i	24	AN1.17	nīvaraṇappahānavagga	AN1.11-20	
an1.18	A-i	25	AN1.18	nīvaraṇappahānavagga	AN1.11-20	
an1.19	A-i	26	AN1.19	nīvaraṇappahānavagga	AN1.11-20	
an1.20	A-i	27	AN1.20	nīvaraṇappahānavagga	AN1.11-20	
an1.21	A-i	29	AN1.21	akammaniyavagga	AN1.21-30	
an1.21-30	A-i	29	AN1.21-30	akammaniyavagga		
an1.22	A-i	31	AN1.22	akammaniyavagga	AN1.21-30	
an1.23	A-i	32	AN1.23	akammaniyavagga	AN1.21-30	
an1.24	A-i	33	AN1.24	akammaniyavagga	AN1.21-30	
an1.25	A-i	34	AN1.25	akammaniyavagga	AN1.21-30	
an1.26	A-i	35	AN1.26	akammaniyavagga	AN1.21-30	
an1.27	A-i	36	AN1.27	akammaniyavagga	AN1.21-30	
an1.28	A-i	37	AN1.28	akammaniyavagga	AN1.21-30	
an1.29	A-i	38	AN1.29	akammaniyavagga	AN1.21-30	
an1.30	A-i	39	AN1.30	akammaniyavagga	AN1.21-30	
an1.31	A-i	41	AN1.31	adantavagga	AN1.31-40	
an1.31-40	A-i	41	AN1.31-40	adantavagga		
an1.32	A-i	43	AN1.32	adantavagga	AN1.31-40	
an1.33	A-i	44	AN1.33	adantavagga	AN1.31-40	
an1.34	A-i	45	AN1.34	adantavagga	AN1.31-40	
an1.35	A-i	46	AN1.35	adantavagga	AN1.31-40	
an1.36	A-i	47	AN1.36	adantavagga	AN1.31-40	
an1.37	A-i	48	AN1.37	adantavagga	AN1.31-40	
an1.38	A-i	49	AN1.38	adantavagga	AN1.31-40	
an1.39	A-i	50	AN1.39	adantavagga	AN1.31-40	
an1.40	A-i	51	AN1.40	adantavagga	AN1.31-40	
an1.41	A-i	53	AN1.41	paṇihitaacchavagga	AN1.41-50	
an1.41-50	A-i	53	AN1.41-50	paṇihitaacchavagga		
an1.42	A-i	55	AN1.42	paṇihitaacchavagga	AN1.41-50	
an1.43	A-i	56	AN1.43	paṇihitaacchavagga	AN1.41-50	
an1.44	A-i	57	AN1.44	paṇihitaacchavagga	AN1.41-50	
an1.45	A-i	58	AN1.45	paṇihitaacchavagga	AN1.41-50	
an1.46	A-i	59	AN1.46	paṇihitaacchavagga	AN1.41-50	
an1.47	A-i	60	AN1.47	paṇihitaacchavagga	AN1.41-50	
an1.48	A-i	61	AN1.48	paṇihitaacchavagga	AN1.41-50	
an1.49	A-i	62	AN1.49	paṇihitaacchavagga	AN1.41-50	
an1.50	A-i	63	AN1.50	paṇihitaacchavagga	AN1.41-50	
an1.51	A-i	65	AN1.51	accharāsaṅghātavagga	AN1.51-60	
an1.51-60	A-i	65	AN1.51-60	accharāsaṅghātavagga		
an1.52	A-i	67	AN1.52	accharāsaṅghātavagga	AN1.51-60	
an1.53	A-i	68	AN1.53	accharāsaṅghātavagga	AN1.51-60	
an1.54	A-i	69	AN1.54	accharāsaṅghātavagga	AN1.51-60	
an1.55	A-i	70	AN1.55	accharāsaṅghātavagga	AN1.51-60	
an1.56	A-i	71	AN1.56	accharāsaṅghātavagga	AN1.51-60	
an1.57	A-i	72	AN1.57	accharāsaṅghātavagga	AN1.51-60	
an1.58	A-i	73	AN1.58	accharāsaṅghātavagga	AN1.51-60	
an1.59	A-i	74	AN1.59	accharāsaṅghātavagga	AN1.51-60	
an1.60	A-i	75	AN1.60	accharāsaṅghātavagga	AN1.51-60	
an1.61	A-i	77	AN1.61	vīriyārambhādivagga	AN1.61-70	
an1.61-70	A-i	77	AN1.61-70	vīriyārambhādivagga		
an1.62	A-i	79	AN1.62	vīriyārambhādivagga	AN1.61-70	
an1.63	A-i	80	AN1.63	vīriyārambhādivagga	AN1.61-70	
an1.64	A-i	81	AN1.64	vīriyārambhādivagga	AN1.61-70	
an1.65	A-i	82	AN1.65	vīriyārambhādivagga	AN1.61-70	
an1.66	A-i	83	AN1.66	vīriyārambhādivagga	AN1.61-70	
an1.67	A-i	84	AN1.67	vīriyārambhādivagga	AN1.61-70	
an1.68	A-i	85	AN1.68	vīriyārambhādivagga	AN1.61-70	
an1.69	A-i	86	AN1.69	vīriyārambhādivagga	AN1.61-70	
an1.70	A-i	87	AN1.70	vīriyārambhādivagga	AN1.61-70	
an1.71	A-i	89	AN1.71	kalyāṇamittādivagga	AN1.71-80	
an1.71-80	A-i	89	AN1.71-80	kalyāṇamittādivagga		
an1.72	A-i	91	AN1.72	kalyāṇamittādivagga	AN1.71-80	
an1.73	A-i	92	AN1.73	kalyāṇamittādivagga	AN1.71-80	
an1.74	A-i	93	AN1.74	kalyāṇamittādivagga	AN1.71-80	
an1.75	A-i	94	AN1.75	kalyāṇamittādivagga	AN1.71-80	
an1.76	A-i	95	AN1.76	kalyāṇamittādivagga	AN1.71-80	
an1.77	A-i	96	AN1.77	kalyāṇamittādivagga	AN1.71-80	
an1.78	A-i	97	AN1.78	kalyāṇamittādivagga	AN1.71-80	
an1.79	A-i	98	AN1.79	kalyāṇamittādivagga	AN1.71-80	
an1.80	A-i	99	AN1.80	kalyāṇamittādivagga	AN1.71-80	
an1.81	A-i	101	AN1.81	pamādādivagga	AN1.81-97	
an1.81-97	A-i	101	AN1.81-97	pamādādivagga		
an1.82	A-i	103	AN1.82	pamādādivagga	AN1.81-97	
an1.83	A-i	104	AN1.83	pamādādivagga	AN1.81-97	
an1.84	A-i	105	AN1.84	pamādādivagga	AN1.81-97	
an1.85	A-i	106	AN1.85	pamādādivagga	AN1.81-97	
an1.86	A-i	107	AN1.86	pamādādivagga	AN1.81-97	
an1.87	A-i	108	AN1.87	pamādādivagga	AN1.81-97	
an1.88	A-i	109	AN1.88	pamādādivagga	AN1.81-97	
an1.89	A-i	110	AN1.89	pamādādivagga	AN1.81-97	
an1.90	A-i	111	AN1.90	pamādādivagga	AN1.81-97	
an1.91	A-i	112	AN1.91	pamādādivagga	AN1.81-97	
an1.92	A-i	113	AN1.92	pamādādivagga	AN1.81-97	
an1.93	A-i	114	AN1.93	pamādādivagga	AN1.81-97	
an1.94	A-i	115	AN1.94	pamādādivagga	AN1.81-97	
an1.95	A-i	116	AN1.95	pamādādivagga	AN1.81-97	
an1.96	A-i	117	AN1.96	pamādādivagga	AN1.81-97	
an1.97	A-i	118	AN1.97	pamādādivagga	AN1.81-97	
an1.98	A-i	120	AN1.98	dutiyapamādādivagga	AN1.98-139	
an1.98-139	A-i	120	AN1.98-139	dutiyapamādādivagga		
an1.99	A-i	122	AN1.99	dutiyapamādādivagga	AN1.98-139	
an1.100	A-i	123	AN1.100	dutiyapamādādivagga	AN1.98-139	
an1.101	A-i	124	AN1.101	dutiyapamādādivagga	AN1.98-139	
an1.102	A-i	125	AN1.102	dutiyapamādādivagga	AN1.98-139	
an1.103	A-i	125	AN1.103	dutiyapamādādivagga	AN1.98-139	
an1.104	A-i	125	AN1.104	dutiyapamādādivagga	AN1.98-139	
an1.105	A-i	125	AN1.105	dutiyapamādādivagga	AN1.98-139	
an1.106	A-i	125	AN1.106	dutiyapamādādivagga	AN1.98-139	
an1.107	A-i	125	AN1.107	dutiyapamādādivagga	AN1.98-139	
an1.108	A-i	125	AN1.108	dutiyapamādādivagga	AN1.98-139	
an1.109	A-i	125	AN1.109	dutiyapamādādivagga	AN1.98-139	
an1.110	A-i	126	AN1.110	dutiyapamādādivagga	AN1.98-139	
an1.111	A-i	127	AN1.111	dutiyapamādādivagga	AN1.98-139	
an1.112	A-i	128	AN1.112	dutiyapamādādivagga	AN1.98-139	
an1.113	A-i	129	AN1.113	dutiyapamādādivagga	AN1.98-139	
an1.114	A-i	130	AN1.114	dutiyapamādādivagga	AN1.98-139	
an1.115	A-i	131	AN1.115	dutiyapamādādivagga	AN1.98-139	
an1.116	A-i	132	AN1.116	dutiyapamādādivagga	AN1.98-139	
an1.117	A-i	133	AN1.117	dutiyapamādādivagga	AN1.98-139	
an1.118	A-i	134	AN1.118	dutiyapamādādivagga	AN1.98-139	
an1.119	A-i	134	AN1.119	dutiyapamādādivagga	AN1.98-139	
an1.120	A-i	134	AN1.120	dutiyapamādādivagga	AN1.98-139	
an1.121	A-i	134	AN1.121	dutiyapamādādivagga	AN1.98-139	
an1.122	A-i	134	AN1.122	dutiyapamādādivagga	AN1.98-139	
an1.123	A-i	134	AN1.123	dutiyapamādādivagga	AN1.98-139	
an1.124	A-i	134	AN1.124	dutiyapamādādivagga	AN1.98-139	
an1.125	A-i	134	AN1.125	dutiyapamādādivagga	AN1.98-139	
an1.126	A-i	134	AN1.126	dutiyapamādādivagga	AN1.98-139	
an1.127	A-i	134	AN1.127	dutiyapamādādivagga	AN1.98-139	
an1.128	A-i	134	AN1.128	dutiyapamādādivagga	AN1.98-139	
an1.129	A-i	135	AN1.129	dutiyapamādādivagga	AN1.98-139	
an1.130	A-i	136	AN1.130	dutiyapamādādivagga	AN1.98-139	
an1.131	A-i	137	AN1.131	dutiyapamādādivagga	AN1.98-139	
an1.132	A-i	138	AN1.132	dutiyapamādādivagga	AN1.98-139	
an1.133	A-i	138	AN1.133	dutiyapamādādivagga	AN1.98-139	
an1.134	A-i	138	AN1.134	dutiyapamādādivagga	AN1.98-139	
an1.135	A-i	138	AN1.135	dutiyapamādādivagga	AN1.98-139	
an1.136	A-i	138	AN1.136	dutiyapamādādivagga	AN1.98-139	
an1.137	A-i	138	AN1.137	dutiyapamādādivagga	AN1.98-139	
an1.138	A-i	138	AN1.138	dutiyapamādādivagga	AN1.98-139	
an1.139	A-i	138	AN1.139	dutiyapamādādivagga	AN1.98-139	
an1.140	A-i	140	AN1.140	adhammavagga	AN1.140-149	
an1.140-149	A-i	140	AN1.140-149	adhammavagga		
an1.141	A-i	142	AN1.141	adhammavagga	AN1.140-149	
an1.142	A-i	143	AN1.142	adhammavagga	AN1.140-149	
an1.143	A-i	143	AN1.143	adhammavagga	AN1.140-149	
an1.144	A-i	143	AN1.144	adhammavagga	AN1.140-149	
an1.145	A-i	143	AN1.145	adhammavagga	AN1.140-149	
an1.146	A-i	143	AN1.146	adhammavagga	AN1.140-149	
an1.147	A-i	143	AN1.147	adhammavagga	AN1.140-149	
an1.148	A-i	143	AN1.148	adhammavagga	AN1.140-149	
an1.149	A-i	143	AN1.149	adhammavagga	AN1.140-149	
an1.150	A-i	145	AN1.150	anāpattivagga	AN1.150-169	
an1.150-169	A-i	145	AN1.150-169	anāpattivagga		
an1.151	A-i	147	AN1.151	anāpattivagga	AN1.150-169	
an1.152	A-i	148	AN1.152	anāpattivagga	AN1.150-169	
an1.153	A-i	148	AN1.153	anāpattivagga	AN1.150-169	
an1.154	A-i	148	AN1.154	anāpattivagga	AN1.150-169	
an1.155	A-i	148	AN1.155	anāpattivagga	AN1.150-169	
an1.156	A-i	148	AN1.156	anāpattivagga	AN1.150-169	
an1.157	A-i	148	AN1.157	anāpattivagga	AN1.150-169	
an1.158	A-i	148	AN1.158	anāpattivagga	AN1.150-169	
an1.159	A-i	148	AN1.159	anāpattivagga	AN1.150-169	
an1.160	A-i	149	AN1.160	anāpattivagga	AN1.150-169	
an1.161	A-i	150	AN1.161	anāpattivagga	AN1.150-169	
an1.162	A-i	151	AN1.162	anāpattivagga	AN1.150-169	
an1.163	A-i	151	AN1.163	anāpattivagga	AN1.150-169	
an1.164	A-i	151	AN1.164	anāpattivagga	AN1.150-169	
an1.165	A-i	151	AN1.165	anāpattivagga	AN1.150-169	
an1.166	A-i	151	AN1.166	anāpattivagga	AN1.150-169	
an1.167	A-i	151	AN1.167	anāpattivagga	AN1.150-169	
an1.168	A-i	151	AN1.168	anāpattivagga	AN1.150-169	
an1.169	A-i	151	AN1.169	anāpattivagga	AN1.150-169	
an1.170	A-i	153	AN1.170	ekapuggalavagga	AN1.170-187	
an1.170-187	A-i	153	AN1.170-187	ekapuggalavagga		
an1.171	A-i	155	AN1.171	ekapuggalavagga	AN1.170-187	
an1.172	A-i	156	AN1.172	ekapuggalavagga	AN1.170-187	
an1.173	A-i	157	AN1.173	ekapuggalavagga	AN1.170-187	
an1.174	A-i	158	AN1.174	ekapuggalavagga	AN1.170-187	
an1.175	A-i	159	AN1.175	ekapuggalavagga	AN1.170-187	
an1.176	A-i	159	AN1.176	ekapuggalavagga	AN1.170-187	
an1.177	A-i	159	AN1.177	ekapuggalavagga	AN1.170-187	
an1.178	A-i	159	AN1.178	ekapuggalavagga	AN1.170-187	
an1.179	A-i	159	AN1.179	ekapuggalavagga	AN1.170-187	
an1.180	A-i	159	AN1.180	ekapuggalavagga	AN1.170-187	
an1.181	A-i	159	AN1.181	ekapuggalavagga	AN1.170-187	
an1.182	A-i	159	AN1.182	ekapuggalavagga	AN1.170-187	
an1.183	A-i	159	AN1.183	ekapuggalavagga	AN1.170-187	
an1.184	A-i	159	AN1.184	ekapuggalavagga	AN1.170-187	
an1.185	A-i	159	AN1.185	ekapuggalavagga	AN1.170-187	
an1.186	A-i	159	AN1.186	ekapuggalavagga	AN1.170-187	
an1.187	A-i	160	AN1.187	ekapuggalavagga	AN1.170-187	
an1.188	A-i	162	AN1.188-267	etadaggavagga		
an1.188-197	A-i	162	AN1.188-197	paṭhamavagga		
an1.188-267	A-i	162	AN1.188-267	etadaggavagga		
an1.189	A-i	162	AN1.188-267	etadaggavagga		
an1.190	A-i	162	AN1.188-267	etadaggavagga		
an1.191	A-i	162	AN1.188-267	etadaggavagga		
an1.192	A-i	162	AN1.188-267	etadaggavagga		
an1.193	A-i	162	AN1.188-267	etadaggavagga		
an1.194	A-i	162	AN1.188-267	etadaggavagga		
an1.195	A-i	162	AN1.188-267	etadaggavagga		
an1.196	A-i	162	AN1.188-267	etadaggavagga		
an1.197	A-i	162	AN1.188-267	etadaggavagga		
an1.198	A-i	162	AN1.188-267	etadaggavagga		
an1.198-208	A-i	175	AN1.198-208	dutiyavagga		
an1.199	A-i	162	AN1.188-267	etadaggavagga		
an1.200	A-i	162	AN1.188-267	etadaggavagga		
an1.201	A-i	162	AN1.188-267	etadaggavagga		
an1.202	A-i	162	AN1.188-267	etadaggavagga		
an1.203	A-i	162	AN1.188-267	etadaggavagga		
an1.204	A-i	162	AN1.188-267	etadaggavagga		
an1.205	A-i	162	AN1.188-267	etadaggavagga		
an1.206	A-i	162	AN1.188-267	etadaggavagga		
an1.207	A-i	162	AN1.188-267	etadaggavagga		
an1.208	A-i	162	AN1.188-267	etadaggavagga		
an1.209	A-i	162	AN1.188-267	etadaggavagga		
an1.209-218	A-i	188	AN1.209-218	tatiyavagga		
an1.210	A-i	162	AN1.188-267	etadaggavagga		
an1.211	A-i	162	AN1.188-267	etadaggavagga		
an1.212	A-i	162	AN1.188-267	etadaggavagga		
an1.213	A-i	162	AN1.188-267	etadaggavagga		
an1.214	A-i	162	AN1.188-267	etadaggavagga		
an1.215	A-i	162	AN1.188-267	etadaggavagga		
an1.216	A-i	162	AN1.188-267	etadaggavagga		
an1.217	A-i	162	AN1.188-267	etadaggavagga		
an1.218	A-i	162	AN1.188-267	etadaggavagga		
an1.219	A-i	162	AN1.188-267	etadaggavagga		
an1.219-234	A-i	200	AN1.219-234	catutthavagga		
an1.220	A-i	162	AN1.188-267	etadaggavagga		
an1.221	A-i	162	AN1.188-267	etadaggavagga		
an1.222	A-i	162	AN1.188-267	etadaggavagga		
an1.223	A-i	162	AN1.188-267	etadaggavagga		
an1.224	A-i	162	AN1.188-267	etadaggavagga		
an1.225	A-i	162	AN1.188-267	etadaggavagga		
an1.226	A-i	162	AN1.188-267	etadaggavagga		
an1.227	A-i	162	AN1.188-267	etadaggavagga		
an1.228	A-i	162	AN1.188-267	etadaggavagga		
an1.229	A-i	162	AN1.188-267	etadaggavagga		
an1.230	A-i	162	AN1.188-267	etadaggavagga		
an1.231	A-i	162	AN1.188-267	etadaggavagga		
an1.232	A-i	162	AN1.188-267	etadaggavagga		
an1.233	A-i	162	AN1.188-267	etadaggavagga		
an1.234	A-i	162	AN1.188-267	etadaggavagga		
an1.235	A-i	162	AN1.188-267	etadaggavagga		
an1.235-247	A-i	218	AN1.235-247	pañcamavagga		
an1.236	A-i	162	AN1.188-267	etadaggavagga		
an1.237	A-i	162	AN1.188-267	etadaggavagga		
an1.238	A-i	162	AN1.188-267	etadaggavagga		
an1.239	A-i	162	AN1.188-267	etadaggavagga		
an1.240	A-i	162	AN1.188-267	etadaggavagga		
an1.241	A-i	162	AN1.188-267	etadaggavagga		
an1.242	A-i	162	AN1.188-267	etadaggavagga		
an1.243	A-i	162	AN1.188-267	etadaggavagga		
an1.244	A-i	162	AN1.188-267	etadaggavagga		
an1.245	A-i	162	AN1.188-267	etadaggavagga		
an1.246	A-i	162	AN1.188-267	etadaggavagga		
an1.247	A-i	162	AN1.188-267	etadaggavagga		
an1.248	A-i	162	AN1.188-267	etadaggavagga		
an1.248-257	A-i	233	AN1.248-257	chaṭṭhavagga		
an1.249	A-i	162	AN1.188-267	etadaggavagga		
an1.250	A-i	162	AN1.188-267	etadaggavagga		
an1.251	A-i	162	AN1.188-267	etadaggavagga		
an1.252	A-i	162	AN1.188-267	etadaggavagga		
an1.253	A-i	162	AN1.188-267	etadaggavagga		
an1.254	A-i	162	AN1.188-267	etadaggavagga		
an1.255	A-i	162	AN1.188-267	etadaggavagga		
an1.256	A-i	162	AN1.188-267	etadaggavagga		
an1.257	A-i	162	AN1.188-267	etadaggavagga		
an1.258	A-i	162	AN1.188-267	etadaggavagga		
an1.258-267	A-i	245	AN1.258-267	sattamavagga		
an1.259	A-i	162	AN1.188-267	etadaggavagga		
an1.260	A-i	162	AN1.188-267	etadaggavagga		
an1.261	A-i	162	AN1.188-267	etadaggavagga		
an1.262	A-i	162	AN1.188-267	etadaggavagga		
an1.263	A-i	162	AN1.188-267	etadaggavagga		
an1.264	A-i	162	AN1.188-267	etadaggavagga		
an1.265	A-i	162	AN1.188-267	etadaggavagga		
an1.266	A-i	162	AN1.188-267	etadaggavagga		
an1.267	A-i	162	AN1.188-267	etadaggavagga		
an1.268	A-i	258	AN1.268-295	aṭṭhānapāḷi		
an1.268-277	A-i	258	AN1.268-277	paṭhamavagga		
an1.268-295	A-i	258	AN1.268-295	aṭṭhānapāḷi		
an1.269	A-i	258	AN1.268-295	aṭṭhānapāḷi		
an1.270	A-i	258	AN1.268-295	aṭṭhānapāḷi		
an1.271	A-i	258	AN1.268-295	aṭṭhānapāḷi		
an1.272	A-i	258	AN1.268-295	aṭṭhānapāḷi		
an1.273	A-i	258	AN1.268-295	aṭṭhānapāḷi		
an1.274	A-i	258	AN1.268-295	aṭṭhānapāḷi		
an1.275	A-i	258	AN1.268-295	aṭṭhānapāḷi		
an1.276	A-i	258	AN1.268-295	aṭṭhānapāḷi		
an1.277	A-i	258	AN1.268-295	aṭṭhānapāḷi		
an1.278	A-i	258	AN1.268-295	aṭṭhānapāḷi		
an1.278-286	A-i	271	AN1.278-286	dutiyavagga		
an1.279	A-i	258	AN1.268-295	aṭṭhānapāḷi		
an1.280	A-i	258	AN1.268-295	aṭṭhānapāḷi		
an1.281	A-i	258	AN1.268-295	aṭṭhānapāḷi		
an1.282	A-i	258	AN1.268-295	aṭṭhānapāḷi		
an1.283	A-i	258	AN1.268-295	aṭṭhānapāḷi		
an1.284	A-i	258	AN1.268-295	aṭṭhānapāḷi		
an1.285	A-i	258	AN1.268-295	aṭṭhānapāḷi		
an1.286	A-i	258	AN1.268-295	aṭṭhānapāḷi		
an1.287	A-i	258	AN1.268-295	aṭṭhānapāḷi		
an1.287-295	A-i	279	AN1.287-295	tatiyavagga		
an1.288	A-i	258	AN1.268-295	aṭṭhānapāḷi		
an1.289	A-i	258	AN1.268-295	aṭṭhānapāḷi		
an1.290	A-i	258	AN1.268-295	aṭṭhānapāḷi		
an1.291	A-i	258	AN1.268-295	aṭṭhānapāḷi		
an1.292	A-i	258	AN1.268-295	aṭṭhānapāḷi		
an1.293	A-i	258	AN1.268-295	aṭṭhānapāḷi		
an1.294	A-i	258	AN1.268-295	aṭṭhānapāḷi		
an1.295	A-i	258	AN1.268-295	aṭṭhānapāḷi		
an1.296	A-i	288	AN1.296-365	ekadhammapāḷi		
an1.296-297	A-i	288	AN1.296-297	paṭhamavagga		
an1.296-365	A-i	288	AN1.296-365	ekadhammapāḷi		
an1.297	A-i	288	AN1.296-365	ekadhammapāḷi		
an1.298	A-i	288	AN1.296-365	ekadhammapāḷi		
an1.298-307	A-i	293	AN1.298-307	dutiyavagga		
an1.299	A-i	288	AN1.296-365	ekadhammapāḷi		
an1.300	A-i	288	AN1.296-365	ekadhammapāḷi		
an1.301	A-i	288	AN1.296-365	ekadhammapāḷi		
an1.302	A-i	288	AN1.296-365	ekadhammapāḷi		
an1.303	A-i	288	AN1.296-365	ekadhammapāḷi		
an1.304	A-i	288	AN1.296-365	ekadhammapāḷi		
an1.305	A-i	288	AN1.296-365	ekadhammapāḷi		
an1.306	A-i	288	AN1.296-365	ekadhammapāḷi		
an1.307	A-i	288	AN1.296-365	ekadhammapāḷi		
an1.308	A-i	288	AN1.296-365	ekadhammapāḷi		
an1.308-321	A-i	305	AN1.308-321	tatiyavagga		
an1.309	A-i	288	AN1.296-365	ekadhammapāḷi		
an1.310	A-i	288	AN1.296-365	ekadhammapāḷi		
an1.311	A-i	288	AN1.296-365	ekadhammapāḷi		
an1.312	A-i	288	AN1.296-365	ekadhammapāḷi		
an1.313	A-i	288	AN1.296-365	ekadhammapāḷi		
an1.314	A-i	288	AN1.296-365	ekadhammapāḷi		
an1.315	A-i	288	AN1.296-365	ekadhammapāḷi		
an1.316	A-i	288	AN1.296-365	ekadhammapāḷi		
an1.317	A-i	288	AN1.296-365	ekadhammapāḷi		
an1.318	A-i	288	AN1.296-365	ekadhammapāḷi		
an1.319	A-i	288	AN1.296-365	ekadhammapāḷi		
an1.320	A-i	288	AN1.296-365	ekadhammapāḷi		
an1.321	A-i	288	AN1.296-365	ekadhammapāḷi		
an1.322	A-i	288	AN1.296-365	ekadhammapāḷi		
an1.322-365	A-i	321	AN1.322-365	catutthavagga		
an1.323	A-i	288	AN1.296-365	ekadhammapāḷi		
an1.324	A-i	288	AN1.296-365	ekadhammapāḷi		
an1.325	A-i	288	AN1.296-365	ekadhammapāḷi		
an1.326	A-i	288	AN1.296-365	ekadhammapāḷi		
an1.327	A-i	288	AN1.296-365	ekadhammapāḷi		
an1.328	A-i	288	AN1.296-365	ekadhammapāḷi		
an1.329	A-i	288	AN1.296-365	ekadhammapāḷi		
an1.330	A-i	288	AN1.296-365	ekadhammapāḷi		
an1.331	A-i	288	AN1.296-365	ekadhammapāḷi		
an1.332	A-i	288	AN1.296-365	ekadhammapāḷi		
an1.333	A-i	288	AN1.296-365	ekadhammapāḷi		
an1.334	A-i	288	AN1.296-365	ekadhammapāḷi		
an1.335	A-i	288	AN1.296-365	ekadhammapāḷi		
an1.336	A-i	288	AN1.296-365	ekadhammapāḷi		
an1.337	A-i	288	AN1.296-365	ekadhammapāḷi		
an1.338	A-i	288	AN1.296-365	ekadhammapāḷi		
an1.339	A-i	288	AN1.296-365	ekadhammapāḷi		
an1.340	A-i	288	AN1.296-365	ekadhammapāḷi		
an1.341	A-i	288	AN1.296-365	ekadhammapāḷi		
an1.342	A-i	288	AN1.296-365	ekadhammapāḷi		
an1.343	A-i	288	AN1.296-365	ekadhammapāḷi		
an1.344	A-i	288	AN1.296-365	ekadhammapāḷi		
an1.345	A-i	288	AN1.296-365	ekadhammapāḷi		
an1.346	A-i	288	AN1.296-365	ekadhammapāḷi		
an1.347	A-i	288	AN1.296-365	ekadhammapāḷi		
an1.348	A-i	288	AN1.296-365	ekadhammapāḷi		
an1.349	A-i	288	AN1.296-365	ekadhammapāḷi		
an1.350	A-i	288	AN1.296-365	ekadhammapāḷi		
an1.351	A-i	288	AN1.296-365	ekadhammapāḷi		
an1.352	A-i	288	AN1.296-365	ekadhammapāḷi		
an1.353	A-i	288	AN1.296-365	ekadhammapāḷi		
an1.354	A-i	288	AN1.296-365	ekadhammapāḷi		
an1.355	A-i	288	AN1.296-365	ekadhammapāḷi		
an1.356	A-i	288	AN1.296-365	ekadhammapāḷi		
an1.357	A-i	288	AN1.296-365	ekadhammapāḷi		
an1.358	A-i	288	AN1.296-365	ekadhammapāḷi		
an1.359	A-i	288	AN1.296-365	ekadhammapāḷi		
an1.360	A-i	288	AN1.296-365	ekadhammapāḷi		
an1.361	A-i	288	AN1.296-365	ekadhammapāḷi		
an1.362	A-i	288	AN1.296-365	ekadhammapāḷi		
an1.363	A-i	288	AN1.296-365	ekadhammapāḷi		
an1.364	A-i	288	AN1.296-365	ekadhammapāḷi		
an1.365	A-i	288	AN1.296-365	ekadhammapāḷi		
an1.366	A-i	350	AN1.366	pasādakaradhammavagga	AN1.366-381	
an1.366-381	A-i	350	AN1.366-381	pasādakaradhammavagga		
an1.367	A-i	350	AN1.367	pasādakaradhammavagga	AN1.366-381	
an1.368	A-i	350	AN1.368	pasādakaradhammavagga	AN1.366-381	
an1.369	A-i	350	AN1.369	pasādakaradhammavagga	AN1.366-381	
an1.370	A-i	350	AN1.370	pasādakaradhammavagga	AN1.366-381	
an1.371	A-i	350	AN1.371	pasādakaradhammavagga	AN1.366-381	
an1.372	A-i	350	AN1.372	pasādakaradhammavagga	AN1.366-381	
an1.373	A-i	350	AN1.373	pasādakaradhammavagga	AN1.366-381	
an1.374	A-i	350	AN1.374	pasādakaradhammavagga	AN1.366-381	
an1.375	A-i	350	AN1.375	pasādakaradhammavagga	AN1.366-381	
an1.376	A-i	350	AN1.376	pasādakaradhammavagga	AN1.366-381	
an1.377	A-i	350	AN1.377	pasādakaradhammavagga	AN1.366-381	
an1.378	A-i	350	AN1.378	pasādakaradhammavagga	AN1.366-381	
an1.379	A-i	350	AN1.379	pasādakaradhammavagga	AN1.366-381	
an1.380	A-i	350	AN1.380	pasādakaradhammavagga	AN1.366-381	
an1.381	A-i	350	AN1.381	pasādakaradhammavagga	AN1.366-381	
an1.382	A-i	354	AN1.382	aparaaccharāsaṅghātavagga	AN1.382-562	
an1.382-562	A-i	354	AN1.382-562	aparaaccharāsaṅghātavagga		
an1.383	A-i	356	AN1.383	aparaaccharāsaṅghātavagga	AN1.382-562	
an1.384	A-i	356	AN1.384	aparaaccharāsaṅghātavagga	AN1.382-562	
an1.385	A-i	356	AN1.385	aparaaccharāsaṅghātavagga	AN1.382-562	
an1.386	A-i	356	AN1.386	aparaaccharāsaṅghātavagga	AN1.382-562	
an1.387	A-i	356	AN1.387	aparaaccharāsaṅghātavagga	AN1.382-562	
an1.388	A-i	356	AN1.388	aparaaccharāsaṅghātavagga	AN1.382-562	
an1.389	A-i	356	AN1.389	aparaaccharāsaṅghātavagga	AN1.382-562	
an1.390	A-i	357	AN1.390	aparaaccharāsaṅghātavagga	AN1.382-562	
an1.391	A-i	357	AN1.391	aparaaccharāsaṅghātavagga	AN1.382-562	
an1.392	A-i	357	AN1.392	aparaaccharāsaṅghātavagga	AN1.382-562	
an1.393	A-i	357	AN1.393	aparaaccharāsaṅghātavagga	AN1.382-562	
an1.394	A-i	358	AN1.394	aparaaccharāsaṅghātavagga	AN1.382-562	
an1.395	A-i	358	AN1.395	aparaaccharāsaṅghātavagga	AN1.382-562	
an1.396	A-i	358	AN1.396	aparaaccharāsaṅghātavagga	AN1.382-562	
an1.397	A-i	358	AN1.397	aparaaccharāsaṅghātavagga	AN1.382-562	
an1.398	A-i	359	AN1.398	aparaaccharāsaṅghātavagga	AN1.382-562	
an1.399	A-i	359	AN1.399	aparaaccharāsaṅghātavagga	AN1.382-562	
an1.400	A-i	359	AN1.400	aparaaccharāsaṅghātavagga	AN1.382-562	
an1.401	A-i	359	AN1.401	aparaaccharāsaṅghātavagga	AN1.382-562	
an1.402	A-i	360	AN1.402	aparaaccharāsaṅghātavagga	AN1.382-562	
an1.403	A-i	360	AN1.403	aparaaccharāsaṅghātavagga	AN1.382-562	
an1.404	A-i	360	AN1.404	aparaaccharāsaṅghātavagga	AN1.382-562	
an1.405	A-i	360	AN1.405	aparaaccharāsaṅghātavagga	AN1.382-562	
an1.406	A-i	360	AN1.406	aparaaccharāsaṅghātavagga	AN1.382-562	
an1.407	A-i	361	AN1.407	aparaaccharāsaṅghātavagga	AN1.382-562	
an1.408	A-i	361	AN1.408	aparaaccharāsaṅghātavagga	AN1.382-562	
an1.409	A-i	361	AN1.409	aparaaccharāsaṅghātavagga	AN1.382-562	
an1.410	A-i	361	AN1.410	aparaaccharāsaṅghātavagga	AN1.382-562	
an1.411	A-i	361	AN1.411	aparaaccharāsaṅghātavagga	AN1.382-562	
an1.412	A-i	362	AN1.412	aparaaccharāsaṅghātavagga	AN1.382-562	
an1.413	A-i	362	AN1.413	aparaaccharāsaṅghātavagga	AN1.382-562	
an1.414	A-i	362	AN1.414	aparaaccharāsaṅghātavagga	AN1.382-562	
an1.415	A-i	362	AN1.415	aparaaccharāsaṅghātavagga	AN1.382-562	
an1.416	A-i	362	AN1.416	aparaaccharāsaṅghātavagga	AN1.382-562	
an1.417	A-i	362	AN1.417	aparaaccharāsaṅghātavagga	AN1.382-562	
an1.418	A-i	362	AN1.418	aparaaccharāsaṅghātavagga	AN1.382-562	
an1.419	A-i	363	AN1.419	aparaaccharāsaṅghātavagga	AN1.382-562	
an1.420	A-i	363	AN1.420	aparaaccharāsaṅghātavagga	AN1.382-562	
an1.421	A-i	363	AN1.421	aparaaccharāsaṅghātavagga	AN1.382-562	
an1.422	A-i	363	AN1.422	aparaaccharāsaṅghātavagga	AN1.382-562	
an1.423	A-i	363	AN1.423	aparaaccharāsaṅghātavagga	AN1.382-562	
an1.424	A-i	363	AN1.424	aparaaccharāsaṅghātavagga	AN1.382-562	
an1.425	A-i	363	AN1.425	aparaaccharāsaṅghātavagga	AN1.382-562	
an1.426	A-i	363	AN1.426	aparaaccharāsaṅghātavagga	AN1.382-562	
an1.427	A-i	364	AN1.427	aparaaccharāsaṅghātavagga	AN1.382-562	
an1.428	A-i	364	AN1.428	aparaaccharāsaṅghātavagga	AN1.382-562	
an1.429	A-i	364	AN1.429	aparaaccharāsaṅghātavagga	AN1.382-562	
an1.430	A-i	364	AN1.430	aparaaccharāsaṅghātavagga	AN1.382-562	
an1.431	A-i	364	AN1.431	aparaaccharāsaṅghātavagga	AN1.382-562	
an1.432	A-i	364	AN1.432	aparaaccharāsaṅghātavagga	AN1.382-562	
an1.433	A-i	364	AN1.433	aparaaccharāsaṅghātavagga	AN1.382-562	
an1.434	A-i	364	AN1.434	aparaaccharāsaṅghātavagga	AN1.382-562	
an1.435	A-i	365	AN1.435	aparaaccharāsaṅghātavagga	AN1.382-562	
an1.436	A-i	365	AN1.436	aparaaccharāsaṅghātavagga	AN1.382-562	
an1.437	A-i	365	AN1.437	aparaaccharāsaṅghātavagga	AN1.382-562	
an1.438	A-i	365	AN1.438	aparaaccharāsaṅghātavagga	AN1.382-562	
an1.439	A-i	365	AN1.439	aparaaccharāsaṅghātavagga	AN1.382-562	
an1.440	A-i	365	AN1.440	aparaaccharāsaṅghātavagga	AN1.382-562	
an1.441	A-i	365	AN1.441	aparaaccharāsaṅghātavagga	AN1.382-562	
an1.442	A-i	365	AN1.442	aparaaccharāsaṅghātavagga	AN1.382-562	
an1.443	A-i	366	AN1.443	aparaaccharāsaṅghātavagga	AN1.382-562	
an1.444	A-i	366	AN1.444	aparaaccharāsaṅghātavagga	AN1.382-562	
an1.445	A-i	366	AN1.445	aparaaccharāsaṅghātavagga	AN1.382-562	
an1.446	A-i	366	AN1.446	aparaaccharāsaṅghātavagga	AN1.382-562	
an1.447	A-i	366	AN1.447	aparaaccharāsaṅghātavagga	AN1.382-562	
an1.448	A-i	366	AN1.448	aparaaccharāsaṅghātavagga	AN1.382-562	
an1.449	A-i	366	AN1.449	aparaaccharāsaṅghātavagga	AN1.382-562	
an1.450	A-i	366	AN1.450	aparaaccharāsaṅghātavagga	AN1.382-562	
an1.451	A-i	366	AN1.451	aparaaccharāsaṅghātavagga	AN1.382-562	
an1.452	A-i	366	AN1.452	aparaaccharāsaṅghātavagga	AN1.382-562	
an1.453	A-i	367	AN1.453	aparaaccharāsaṅghātavagga	AN1.382-562	
an1.454	A-i	367	AN1.454	aparaaccharāsaṅghātavagga	AN1.382-562	
an1.455	A-i	367	AN1.455	aparaaccharāsaṅghātavagga	AN1.382-562	
an1.456	A-i	367	AN1.456	aparaaccharāsaṅghātavagga	AN1.382-562	
an1.457	A-i	367	AN1.457	aparaaccharāsaṅghātavagga	AN1.382-562	
an1.458	A-i	367	AN1.458	aparaaccharāsaṅghātavagga	AN1.382-562	
an1.459	A-i	367	AN1.459	aparaaccharāsaṅghātavagga	AN1.382-562	
an1.460	A-i	367	AN1.460	aparaaccharāsaṅghātavagga	AN1.382-562	
an1.461	A-i	367	AN1.461	aparaaccharāsaṅghātavagga	AN1.382-562	
an1.462	A-i	367	AN1.462	aparaaccharāsaṅghātavagga	AN1.382-562	
an1.463	A-i	368	AN1.463	aparaaccharāsaṅghātavagga	AN1.382-562	
an1.464	A-i	368	AN1.464	aparaaccharāsaṅghātavagga	AN1.382-562	
an1.465	A-i	368	AN1.465	aparaaccharāsaṅghātavagga	AN1.382-562	
an1.466	A-i	368	AN1.466	aparaaccharāsaṅghātavagga	AN1.382-562	
an1.467	A-i	368	AN1.467	aparaaccharāsaṅghātavagga	AN1.382-562	
an1.468	A-i	368	AN1.468	aparaaccharāsaṅghātavagga	AN1.382-562	
an1.469	A-i	368	AN1.469	aparaaccharāsaṅghātavagga	AN1.382-562	
an1.470	A-i	368	AN1.470	aparaaccharāsaṅghātavagga	AN1.382-562	
an1.471	A-i	368	AN1.471	aparaaccharāsaṅghātavagga	AN1.382-562	
an1.472	A-i	368	AN1.472	aparaaccharāsaṅghātavagga	AN1.382-562	
an1.473	A-i	369	AN1.473	aparaaccharāsaṅghātavagga	AN1.382-562	
an1.474	A-i	369	AN1.474	aparaaccharāsaṅghātavagga	AN1.382-562	
an1.475	A-i	369	AN1.475	aparaaccharāsaṅghātavagga	AN1.382-562	
an1.476	A-i	369	AN1.476	aparaaccharāsaṅghātavagga	AN1.382-562	
an1.477	A-i	369	AN1.477	aparaaccharāsaṅghātavagga	AN1.382-562	
an1.478	A-i	369	AN1.478	aparaaccharāsaṅghātavagga	AN1.382-562	
an1.479	A-i	369	AN1.479	aparaaccharāsaṅghātavagga	AN1.382-562	
an1.480	A-i	369	AN1.480	aparaaccharāsaṅghātavagga	AN1.382-562	
an1.481	A-i	369	AN1.481	aparaaccharāsaṅghātavagga	AN1.382-562	
an1.482	A-i	369	AN1.482	aparaaccharāsaṅghātavagga	AN1.382-562	
an1.483	A-i	370	AN1.483	aparaaccharāsaṅghātavagga	AN1.382-562	
an1.484	A-i	370	AN1.484	aparaaccharāsaṅghātavagga	AN1.382-562	
an1.485	A-i	370	AN1.485	aparaaccharāsaṅghātavagga	AN1.382-562	
an1.486	A-i	370	AN1.486	aparaaccharāsaṅghātavagga	AN1.382-562	
an1.487	A-i	370	AN1.487	aparaaccharāsaṅghātavagga	AN1.382-562	
an1.488	A-i	370	AN1.488	aparaaccharāsaṅghātavagga	AN1.382-562	
an1.489	A-i	370	AN1.489	aparaaccharāsaṅghātavagga	AN1.382-562	
an1.490	A-i	370	AN1.490	aparaaccharāsaṅghātavagga	AN1.382-562	
an1.491	A-i	370	AN1.491	aparaaccharāsaṅghātavagga	AN1.382-562	
an1.492	A-i	370	AN1.492	aparaaccharāsaṅghātavagga	AN1.382-562	
an1.493	A-i	371	AN1.493	aparaaccharāsaṅghātavagga	AN1.382-562	
an1.494	A-i	371	AN1.494	aparaaccharāsaṅghātavagga	AN1.382-562	
an1.495	A-i	371	AN1.495	aparaaccharāsaṅghātavagga	AN1.382-562	
an1.496	A-i	371	AN1.496	aparaaccharāsaṅghātavagga	AN1.382-562	
an1.497	A-i	371	AN1.497	aparaaccharāsaṅghātavagga	AN1.382-562	
an1.498	A-i	371	AN1.498	aparaaccharāsaṅghātavagga	AN1.382-562	
an1.499	A-i	371	AN1.499	aparaaccharāsaṅghātavagga	AN1.382-562	
an1.500	A-i	371	AN1.500	aparaaccharāsaṅghātavagga	AN1.382-562	
an1.501	A-i	371	AN1.501	aparaaccharāsaṅghātavagga	AN1.382-562	
an1.502	A-i	371	AN1.502	aparaaccharāsaṅghātavagga	AN1.382-562	
an1.503	A-i	371	AN1.503	aparaaccharāsaṅghātavagga	AN1.382-562	
an1.504	A-i	371	AN1.504	aparaaccharāsaṅghātavagga	AN1.382-562	
an1.505	A-i	371	AN1.505	aparaaccharāsaṅghātavagga	AN1.382-562	
an1.506	A-i	371	AN1.506	aparaaccharāsaṅghātavagga	AN1.382-562	
an1.507	A-i	371	AN1.507	aparaaccharāsaṅghātavagga	AN1.382-562	
an1.508	A-i	371	AN1.508	aparaaccharāsaṅghātavagga	AN1.382-562	
an1.509	A-i	371	AN1.509	aparaaccharāsaṅghātavagga	AN1.382-562	
an1.510	A-i	371	AN1.510	aparaaccharāsaṅghātavagga	AN1.382-562	
an1.511	A-i	371	AN1.511	aparaaccharāsaṅghātavagga	AN1.382-562	
an1.512	A-i	371	AN1.512	aparaaccharāsaṅghātavagga	AN1.382-562	
an1.513	A-i	371	AN1.513	aparaaccharāsaṅghātavagga	AN1.382-562	
an1.514	A-i	371	AN1.514	aparaaccharāsaṅghātavagga	AN1.382-562	
an1.515	A-i	371	AN1.515	aparaaccharāsaṅghātavagga	AN1.382-562	
an1.516	A-i	371	AN1.516	aparaaccharāsaṅghātavagga	AN1.382-562	
an1.517	A-i	371	AN1.517	aparaaccharāsaṅghātavagga	AN1.382-562	
an1.518	A-i	371	AN1.518	aparaaccharāsaṅghātavagga	AN1.382-562	
an1.519	A-i	371	AN1.519	aparaaccharāsaṅghātavagga	AN1.382-562	
an1.520	A-i	371	AN1.520	aparaaccharāsaṅghātavagga	AN1.382-562	
an1.521	A-i	371	AN1.521	aparaaccharāsaṅghātavagga	AN1.382-562	
an1.522	A-i	371	AN1.522	aparaaccharāsaṅghātavagga	AN1.382-562	
an1.523	A-i	371	AN1.523	aparaaccharāsaṅghātavagga	AN1.382-562	
an1.524	A-i	371	AN1.524	aparaaccharāsaṅghātavagga	AN1.382-562	
an1.525	A-i	371	AN1.525	aparaaccharāsaṅghātavagga	AN1.382-562	
an1.526	A-i	371	AN1.526	aparaaccharāsaṅghātavagga	AN1.382-562	
an1.527	A-i	371	AN1.527	aparaaccharāsaṅghātavagga	AN1.382-562	
an1.528	A-i	371	AN1.528	aparaaccharāsaṅghātavagga	AN1.382-562	
an1.529	A-i	371	AN1.529	aparaaccharāsaṅghātavagga	AN1.382-562	
an1.530	A-i	371	AN1.530	aparaaccharāsaṅghātavagga	AN1.382-562	
an1.531	A-i	371	AN1.531	aparaaccharāsaṅghātavagga	AN1.382-562	
an1.532	A-i	371	AN1.532	aparaaccharāsaṅghātavagga	AN1.382-562	
an1.533	A-i	371	AN1.533	aparaaccharāsaṅghātavagga	AN1.382-562	
an1.534	A-i	371	AN1.534	aparaaccharāsaṅghātavagga	AN1.382-562	
an1.535	A-i	371	AN1.535	aparaaccharāsaṅghātavagga	AN1.382-562	
an1.536	A-i	371	AN1.536	aparaaccharāsaṅghātavagga	AN1.382-562	
an1.537	A-i	371	AN1.537	aparaaccharāsaṅghātavagga	AN1.382-562	
an1.538	A-i	371	AN1.538	aparaaccharāsaṅghātavagga	AN1.382-562	
an1.539	A-i	371	AN1.539	aparaaccharāsaṅghātavagga	AN1.382-562	
an1.540	A-i	371	AN1.540	aparaaccharāsaṅghātavagga	AN1.382-562	
an1.541	A-i	371	AN1.541	aparaaccharāsaṅghātavagga	AN1.382-562	
an1.542	A-i	371	AN1.542	aparaaccharāsaṅghātavagga	AN1.382-562	
an1.543	A-i	371	AN1.543	aparaaccharāsaṅghātavagga	AN1.382-562	
an1.544	A-i	371	AN1.544	aparaaccharāsaṅghātavagga	AN1.382-562	
an1.545	A-i	371	AN1.545	aparaaccharāsaṅghātavagga	AN1.382-562	
an1.546	A-i	371	AN1.546	aparaaccharāsaṅghātavagga	AN1.382-562	
an1.547	A-i	371	AN1.547	aparaaccharāsaṅghātavagga	AN1.382-562	
an1.548	A-i	371	AN1.548	aparaaccharāsaṅghātavagga	AN1.382-562	
an1.549	A-i	371	AN1.549	aparaaccharāsaṅghātavagga	AN1.382-562	
an1.550	A-i	371	AN1.550	aparaaccharāsaṅghātavagga	AN1.382-562	
an1.551	A-i	371	AN1.551	aparaaccharāsaṅghātavagga	AN1.382-562	
an1.552	A-i	371	AN1.552	aparaaccharāsaṅghātavagga	AN1.382-562	
an1.553	A-i	371	AN1.553	aparaaccharāsaṅghātavagga	AN1.382-562	
an1.554	A-i	371	AN1.554	aparaaccharāsaṅghātavagga	AN1.382-562	
an1.555	A-i	371	AN1.555	aparaaccharāsaṅghātavagga	AN1.382-562	
an1.556	A-i	371	AN1.556	aparaaccharāsaṅghātavagga	AN1.382-562	
an1.557	A-i	371	AN1.557	aparaaccharāsaṅghātavagga	AN1.382-562	
an1.558	A-i	371	AN1.558	aparaaccharāsaṅghātavagga	AN1.382-562	
an1.559	A-i	371	AN1.559	aparaaccharāsaṅghātavagga	AN1.382-562	
an1.560	A-i	371	AN1.560	aparaaccharāsaṅghātavagga	AN1.382-562	
an1.561	A-i	371	AN1.561	aparaaccharāsaṅghātavagga	AN1.382-562	
an1.562	A-i	371	AN1.562	aparaaccharāsaṅghātavagga	AN1.382-562	
an1.563	A-i	373	AN1.563	kāyagatāsativagga	AN1.563-599	
an1.563-599	A-i	373	AN1.563-599	kāyagatāsativagga		
an1.564	A-i	375	AN1.564	kāyagatāsativagga	AN1.563-599	
an1.565	A-i	375	AN1.565	kāyagatāsativagga	AN1.563-599	
an1.566	A-i	375	AN1.566	kāyagatāsativagga	AN1.563-599	
an1.567	A-i	375	AN1.567	kāyagatāsativagga	AN1.563-599	
an1.568	A-i	375	AN1.568	kāyagatāsativagga	AN1.563-599	
an1.569	A-i	375	AN1.569	kāyagatāsativagga	AN1.563-599	
an1.570	A-i	375	AN1.570	kāyagatāsativagga	AN1.563-599	
an1.571	A-i	376	AN1.571	kāyagatāsativagga	AN1.563-599	
an1.572	A-i	377	AN1.572	kāyagatāsativagga	AN1.563-599	
an1.573	A-i	378	AN1.573	kāyagatāsativagga	AN1.563-599	
an1.574	A-i	379	AN1.574	kāyagatāsativagga	AN1.563-599	
an1.575	A-i	380	AN1.575	kāyagatāsativagga	AN1.563-599	
an1.576	A-i	380	AN1.576	kāyagatāsativagga	AN1.563-599	
an1.577	A-i	381	AN1.577	kāyagatāsativagga	AN1.563-599	
an1.578	A-i	381	AN1.578	kāyagatāsativagga	AN1.563-599	
an1.579	A-i	381	AN1.579	kāyagatāsativagga	AN1.563-599	
an1.580	A-i	382	AN1.580	kāyagatāsativagga	AN1.563-599	
an1.581	A-i	382	AN1.581	kāyagatāsativagga	AN1.563-599	
an1.582	A-i	382	AN1.582	kāyagatāsativagga	AN1.563-599	
an1.583	A-i	382	AN1.583	kāyagatāsativagga	AN1.563-599	
an1.584	A-i	383	AN1.584	kāyagatāsativagga	AN1.563-599	
an1.585	A-i	383	AN1.585	kāyagatāsativagga	AN1.563-599	
an1.586	A-i	383	AN1.586	kāyagatāsativagga	AN1.563-599	
an1.587	A-i	383	AN1.587	kāyagatāsativagga	AN1.563-599	
an1.588	A-i	383	AN1.588	kāyagatāsativagga	AN1.563-599	
an1.589	A-i	383	AN1.589	kāyagatāsativagga	AN1.563-599	
an1.590	A-i	383	AN1.590	kāyagatāsativagga	AN1.563-599	
an1.591	A-i	383	AN1.591	kāyagatāsativagga	AN1.563-599	
an1.592	A-i	383	AN1.592	kāyagatāsativagga	AN1.563-599	
an1.593	A-i	383	AN1.593	kāyagatāsativagga	AN1.563-599	
an1.594	A-i	383	AN1.594	kāyagatāsativagga	AN1.563-599	
an1.595	A-i	383	AN1.595	kāyagatāsativagga	AN1.563-599	
an1.596	A-i	383	AN1.596	kāyagatāsativagga	AN1.563-599	
an1.597	A-i	383	AN1.597	kāyagatāsativagga	AN1.563-599	
an1.598	A-i	383	AN1.598	kāyagatāsativagga	AN1.563-599	
an1.599	A-i	383	AN1.599	kāyagatāsativagga	AN1.563-599	
an1.600	A-i	385	AN1.600	amatavagga	AN1.600-611	
an1.600-611	A-i	385	AN1.600-611	amatavagga		
an1.601	A-i	387	AN1.601	amatavagga	AN1.600-611	
an1.602	A-i	388	AN1.602	amatavagga	AN1.600-611	
an1.603	A-i	389	AN1.603	amatavagga	AN1.600-611	
an1.604	A-i	390	AN1.604	amatavagga	AN1.600-611	
an1.605	A-i	391	AN1.605	amatavagga	AN1.600-611	
an1.606	A-i	392	AN1.606	amatavagga	AN1.600-611	
an1.607	A-i	393	AN1.607	amatavagga	AN1.600-611	
an1.608	A-i	394	AN1.608	amatavagga	AN1.600-611	
an1.609	A-i	395	AN1.609	amatavagga	AN1.600-611	
an1.610	A-i	396	AN1.610	amatavagga	AN1.600-611	
an1.611	A-i	397	AN1.611	amatavagga	AN1.600-611	
an2	A-ii	3	AN2	dukanipātapāḷi		
an2.1	A-ii	5	AN2.1	vajjasutta		
an2.1-10	A-ii	5	AN2.1-10	kammakaraṇavagga		
an2.2	A-ii	11	AN2.2	padhānasutta		
an2.3	A-ii	14	AN2.3	tapanīyasutta		
an2.4	A-ii	16	AN2.4	atapanīyasutta		
an2.5	A-ii	18	AN2.5	upaññātasutta		
an2.6	A-ii	20	AN2.6	saṃyojanasutta		
an2.7	A-ii	23	AN2.7	kaṇhasutta		
an2.8	A-ii	25	AN2.8	sukkasutta		
an2.9	A-ii	27	AN2.9	cariyasutta		
an2.10	A-ii	29	AN2.10	vassūpanāyikasutta		
an2.11	A-ii	35	AN2.11	adhikaraṇavagga	AN2.11-21	
an2.11-21	A-ii	35	AN2.11-21	adhikaraṇavagga		
an2.12	A-ii	38	AN2.12	adhikaraṇavagga	AN2.11-21	
an2.13	A-ii	40	AN2.13	adhikaraṇavagga	AN2.11-21	
an2.14	A-ii	42	AN2.14	adhikaraṇavagga	AN2.11-21	
an2.15	A-ii	43	AN2.15	adhikaraṇavagga	AN2.11-21	
an2.16	A-ii	47	AN2.16	adhikaraṇavagga	AN2.11-21	
an2.17	A-ii	50	AN2.17	adhikaraṇavagga	AN2.11-21	
an2.18	A-ii	53	AN2.18	adhikaraṇavagga	AN2.11-21	
an2.19	A-ii	55	AN2.19	adhikaraṇavagga	AN2.11-21	
an2.20	A-ii	57	AN2.20	adhikaraṇavagga	AN2.11-21	
an2.21	A-ii	58	AN2.21	adhikaraṇavagga	AN2.11-21	
an2.22	A-ii	60	AN2.22	bālavagga	AN2.22-32	
an2.22-32	A-ii	60	AN2.22-32	bālavagga		
an2.23	A-ii	62	AN2.23	bālavagga	AN2.22-32	
an2.24	A-ii	63	AN2.24	bālavagga	AN2.22-32	
an2.25	A-ii	64	AN2.25	bālavagga	AN2.22-32	
an2.26	A-ii	65	AN2.26	bālavagga	AN2.22-32	
an2.27	A-ii	66	AN2.27	bālavagga	AN2.22-32	
an2.28	A-ii	67	AN2.28	bālavagga	AN2.22-32	
an2.29	A-ii	68	AN2.29	bālavagga	AN2.22-32	
an2.30	A-ii	69	AN2.30	bālavagga	AN2.22-32	
an2.31	A-ii	70	AN2.31	bālavagga	AN2.22-32	
an2.32	A-ii	71	AN2.32	bālavagga	AN2.22-32	
an2.33	A-ii	73	AN2.33	samacittavagga	AN2.33-42	
an2.33-42	A-ii	73	AN2.33-42	samacittavagga		
an2.34	A-ii	76	AN2.34	samacittavagga	AN2.33-42	
an2.35	A-ii	77	AN2.35	samacittavagga	AN2.33-42	
an2.36	A-ii	80	AN2.36	samacittavagga	AN2.33-42	
an2.37	A-ii	86	AN2.37	samacittavagga	AN2.33-42	
an2.38	A-ii	92	AN2.38	samacittavagga	AN2.33-42	
an2.39	A-ii	99	AN2.39	samacittavagga	AN2.33-42	
an2.40	A-ii	103	AN2.40	samacittavagga	AN2.33-42	
an2.41	A-ii	105	AN2.41	samacittavagga	AN2.33-42	
an2.42	A-ii	107	AN2.42	samacittavagga	AN2.33-42	
an2.43	A-ii	110	AN2.43	parisavagga	AN2.43-52	
an2.43-52	A-ii	110	AN2.43-52	parisavagga		
an2.44	A-ii	113	AN2.44	parisavagga	AN2.43-52	
an2.45	A-ii	115	AN2.45	parisavagga	AN2.43-52	
an2.46	A-ii	117	AN2.46	parisavagga	AN2.43-52	
an2.47	A-ii	119	AN2.47	parisavagga	AN2.43-52	
an2.48	A-ii	121	AN2.48	parisavagga	AN2.43-52	
an2.49	A-ii	123	AN2.49	parisavagga	AN2.43-52	
an2.50	A-ii	125	AN2.50	parisavagga	AN2.43-52	
an2.51	A-ii	127	AN2.51	parisavagga	AN2.43-52	
an2.52	A-ii	128	AN2.52	parisavagga	AN2.43-52	
an2.53	A-ii	136	AN2.53	puggalavagga	AN2.53-64	
an2.53-64	A-ii	136	AN2.53-64	puggalavagga		
an2.54	A-ii	138	AN2.54	puggalavagga	AN2.53-64	
an2.55	A-ii	139	AN2.55	puggalavagga	AN2.53-64	
an2.56	A-ii	140	AN2.56	puggalavagga	AN2.53-64	
an2.57	A-ii	141	AN2.57	puggalavagga	AN2.53-64	
an2.58	A-ii	142	AN2.58	puggalavagga	AN2.53-64	
an2.59	A-ii	143	AN2.59	puggalavagga	AN2.53-64	
an2.60	A-ii	144	AN2.60	puggalavagga	AN2.53-64	
an2.61	A-ii	145	AN2.61	puggalavagga	AN2.53-64	
an2.62	A-ii	146	AN2.62	puggalavagga	AN2.53-64	
an2.63	A-ii	147	AN2.63	puggalavagga	AN2.53-64	
an2.64	A-ii	150	AN2.64	puggalavagga	AN2.53-64	
an2.65	A-ii	152	AN2.65	sukhavagga	AN2.65-77	
an2.65-77	A-ii	152	AN2.65-77	sukhavagga		
an2.66	A-ii	154	AN2.66	sukhavagga	AN2.65-77	
an2.67	A-ii	155	AN2.67	sukhavagga	AN2.65-77	
an2.68	A-ii	156	AN2.68	sukhavagga	AN2.65-77	
an2.69	A-ii	157	AN2.69	sukhavagga	AN2.65-77	
an2.70	A-ii	158	AN2.70	sukhavagga	AN2.65-77	
an2.71	A-ii	159	AN2.71	sukhavagga	AN2.65-77	
an2.72	A-ii	160	AN2.72	sukhavagga	AN2.65-77	
an2.73	A-ii	161	AN2.73	sukhavagga	AN2.65-77	
an2.74	A-ii	162	AN2.74	sukhavagga	AN2.65-77	
an2.75	A-ii	163	AN2.75	sukhavagga	AN2.65-77	
an2.76	A-ii	164	AN2.76	sukhavagga	AN2.65-77	
an2.77	A-ii	165	AN2.77	sukhavagga	AN2.65-77	
an2.78	A-ii	167	AN2.78	sanimittavagga	AN2.78-87	
an2.78-87	A-ii	167	AN2.78-87	sanimittavagga		
an2.79	A-ii	169	AN2.79	sanimittavagga	AN2.78-87	
an2.80	A-ii	170	AN2.80	sanimittavagga	AN2.78-87	
an2.81	A-ii	171	AN2.81	sanimittavagga	AN2.78-87	
an2.82	A-ii	172	AN2.82	sanimittavagga	AN2.78-87	
an2.83	A-ii	173	AN2.83	sanimittavagga	AN2.78-87	
an2.84	A-ii	174	AN2.84	sanimittavagga	AN2.78-87	
an2.85	A-ii	175	AN2.85	sanimittavagga	AN2.78-87	
an2.86	A-ii	176	AN2.86	sanimittavagga	AN2.78-87	
an2.87	A-ii	177	AN2.87	sanimittavagga	AN2.78-87	
an2.88	A-ii	179	AN2.88	dhammavagga	AN2.88-98	
an2.88-98	A-ii	179	AN2.88-98	dhammavagga		
an2.89	A-ii	181	AN2.89	dhammavagga	AN2.88-98	
an2.90	A-ii	182	AN2.90	dhammavagga	AN2.88-98	
an2.91	A-ii	183	AN2.91	dhammavagga	AN2.88-98	
an2.92	A-ii	184	AN2.92	dhammavagga	AN2.88-98	
an2.93	A-ii	185	AN2.93	dhammavagga	AN2.88-98	
an2.94	A-ii	186	AN2.94	dhammavagga	AN2.88-98	
an2.95	A-ii	187	AN2.95	dhammavagga	AN2.88-98	
an2.96	A-ii	188	AN2.96	dhammavagga	AN2.88-98	
an2.97	A-ii	189	AN2.97	dhammavagga	AN2.88-98	
an2.98	A-ii	190	AN2.98	dhammavagga	AN2.88-98	
an2.99	A-ii	192	AN2.99	bālavagga	AN2.99-118	
an2.99-118	A-ii	192	AN2.99-118	bālavagga		
an2.100	A-ii	194	AN2.100	bālavagga	AN2.99-118	
an2.101	A-ii	195	AN2.101	bālavagga	AN2.99-118	
an2.102	A-ii	196	AN2.102	bālavagga	AN2.99-118	
an2.103	A-ii	197	AN2.103	bālavagga	AN2.99-118	
an2.104	A-ii	198	AN2.104	bālavagga	AN2.99-118	
an2.105	A-ii	199	AN2.105	bālavagga	AN2.99-118	
an2.106	A-ii	200	AN2.106	bālavagga	AN2.99-118	
an2.107	A-ii	201	AN2.107	bālavagga	AN2.99-118	
an2.108	A-ii	202	AN2.108	bālavagga	AN2.99-118	
an2.109	A-ii	203	AN2.109	bālavagga	AN2.99-118	
an2.110	A-ii	204	AN2.110	bālavagga	AN2.99-118	
an2.111	A-ii	205	AN2.111	bālavagga	AN2.99-118	
an2.112	A-ii	206	AN2.112	bālavagga	AN2.99-118	
an2.113	A-ii	207	AN2.113	bālavagga	AN2.99-118	
an2.114	A-ii	208	AN2.114	bālavagga	AN2.99-118	
an2.115	A-ii	209	AN2.115	bālavagga	AN2.99-118	
an2.116	A-ii	210	AN2.116	bālavagga	AN2.99-118	
an2.117	A-ii	211	AN2.117	bālavagga	AN2.99-118	
an2.118	A-ii	212	AN2.118	bālavagga	AN2.99-118	
an2.119	A-ii	216	AN2.119	āsāduppajahavagga	AN2.119-130	
an2.119-130	A-ii	216	AN2.119-130	āsāduppajahavagga		
an2.120	A-ii	218	AN2.120	āsāduppajahavagga	AN2.119-130	
an2.121	A-ii	219	AN2.121	āsāduppajahavagga	AN2.119-130	
an2.122	A-ii	220	AN2.122	āsāduppajahavagga	AN2.119-130	
an2.123	A-ii	221	AN2.123	āsāduppajahavagga	AN2.119-130	
an2.124	A-ii	222	AN2.124	āsāduppajahavagga	AN2.119-130	
an2.125	A-ii	223	AN2.125	āsāduppajahavagga	AN2.119-130	
an2.126	A-ii	224	AN2.126	āsāduppajahavagga	AN2.119-130	
an2.127	A-ii	225	AN2.127	āsāduppajahavagga	AN2.119-130	
an2.128	A-ii	226	AN2.128	āsāduppajahavagga	AN2.119-130	
an2.129	A-ii	227	AN2.129	āsāduppajahavagga	AN2.119-130	
an2.130	A-ii	228	AN2.130	āsāduppajahavagga	AN2.119-130	
an2.131	A-ii	230	AN2.131	āyācanavagga	AN2.131-141	
an2.131-141	A-ii	230	AN2.131-141	āyācanavagga		
an2.132	A-ii	232	AN2.132	āyācanavagga	AN2.131-141	
an2.133	A-ii	233	AN2.133	āyācanavagga	AN2.131-141	
an2.134	A-ii	234	AN2.134	āyācanavagga	AN2.131-141	
an2.135	A-ii	235	AN2.135	āyācanavagga	AN2.131-141	
an2.136	A-ii	237	AN2.136	āyācanavagga	AN2.131-141	
an2.137	A-ii	239	AN2.137	āyācanavagga	AN2.131-141	
an2.138	A-ii	241	AN2.138	āyācanavagga	AN2.131-141	
an2.139	A-ii	243	AN2.139	āyācanavagga	AN2.131-141	
an2.140	A-ii	244	AN2.140	āyācanavagga	AN2.131-141	
an2.141	A-ii	245	AN2.141	āyācanavagga	AN2.131-141	
an2.142	A-ii	247	AN2.142	dānavagga	AN2.142-151	
an2.142-151	A-ii	247	AN2.142-151	dānavagga		
an2.143	A-ii	249	AN2.143	dānavagga	AN2.142-151	
an2.144	A-ii	250	AN2.144	dānavagga	AN2.142-151	
an2.145	A-ii	251	AN2.145	dānavagga	AN2.142-151	
an2.146	A-ii	252	AN2.146	dānavagga	AN2.142-151	
an2.147	A-ii	253	AN2.147	dānavagga	AN2.142-151	
an2.148	A-ii	254	AN2.148	dānavagga	AN2.142-151	
an2.149	A-ii	255	AN2.149	dānavagga	AN2.142-151	
an2.150	A-ii	256	AN2.150	dānavagga	AN2.142-151	
an2.151	A-ii	257	AN2.151	dānavagga	AN2.142-151	
an2.152	A-ii	259	AN2.152	santhāravagga	AN2.152-163	
an2.152-163	A-ii	259	AN2.152-163	santhāravagga		
an2.153	A-ii	261	AN2.153	santhāravagga	AN2.152-163	
an2.154	A-ii	262	AN2.154	santhāravagga	AN2.152-163	
an2.155	A-ii	263	AN2.155	santhāravagga	AN2.152-163	
an2.156	A-ii	264	AN2.156	santhāravagga	AN2.152-163	
an2.157	A-ii	265	AN2.157	santhāravagga	AN2.152-163	
an2.158	A-ii	266	AN2.158	santhāravagga	AN2.152-163	
an2.159	A-ii	267	AN2.159	santhāravagga	AN2.152-163	
an2.160	A-ii	268	AN2.160	santhāravagga	AN2.152-163	
an2.161	A-ii	269	AN2.161	santhāravagga	AN2.152-163	
an2.162	A-ii	270	AN2.162	santhāravagga	AN2.152-163	
an2.163	A-ii	271	AN2.163	santhāravagga	AN2.152-163	
an2.164	A-ii	273	AN2.164	samāpattivagga	AN2.164-180	
an2.164-180	A-ii	273	AN2.164-180	samāpattivagga		
an2.165	A-ii	275	AN2.165	samāpattivagga	AN2.164-180	
an2.166	A-ii	276	AN2.166	samāpattivagga	AN2.164-180	
an2.167	A-ii	277	AN2.167	samāpattivagga	AN2.164-180	
an2.168	A-ii	278	AN2.168	samāpattivagga	AN2.164-180	
an2.169	A-ii	279	AN2.169	samāpattivagga	AN2.164-180	
an2.170	A-ii	280	AN2.170	samāpattivagga	AN2.164-180	
an2.171	A-ii	281	AN2.171	samāpattivagga	AN2.164-180	
an2.172	A-ii	282	AN2.172	samāpattivagga	AN2.164-180	
an2.173	A-ii	283	AN2.173	samāpattivagga	AN2.164-180	
an2.174	A-ii	284	AN2.174	samāpattivagga	AN2.164-180	
an2.175	A-ii	285	AN2.175	samāpattivagga	AN2.164-180	
an2.176	A-ii	286	AN2.176	samāpattivagga	AN2.164-180	
an2.177	A-ii	287	AN2.177	samāpattivagga	AN2.164-180	
an2.178	A-ii	288	AN2.178	samāpattivagga	AN2.164-180	
an2.179	A-ii	289	AN2.179	samāpattivagga	AN2.164-180	
an2.180	A-ii	290	AN2.180	samāpattivagga	AN2.164-180	
an2.181	A-ii	293	AN2.181	kodhapeyyāla	AN2.181-190	
an2.181-190	A-ii	293	AN2.181-190	kodhapeyyāla		
an2.182	A-ii	295	AN2.182	kodhapeyyāla	AN2.181-190	
an2.183	A-ii	296	AN2.183	kodhapeyyāla	AN2.181-190	
an2.184	A-ii	297	AN2.184	kodhapeyyāla	AN2.181-190	
an2.185	A-ii	298	AN2.185	kodhapeyyāla	AN2.181-190	
an2.186	A-ii	299	AN2.186	kodhapeyyāla	AN2.181-190	
an2.187	A-ii	300	AN2.187	kodhapeyyāla	AN2.181-190	
an2.188	A-ii	301	AN2.188	kodhapeyyāla	AN2.181-190	
an2.189	A-ii	302	AN2.189	kodhapeyyāla	AN2.181-190	
an2.190	A-ii	303	AN2.190	kodhapeyyāla	AN2.181-190	
an2.191	A-ii	305	AN2.191	akusalapeyyāla	AN2.191-200	
an2.191-200	A-ii	305	AN2.191-200	akusalapeyyāla		
an2.192	A-ii	305	AN2.192	akusalapeyyāla	AN2.191-200	
an2.193	A-ii	305	AN2.193	akusalapeyyāla	AN2.191-200	
an2.194	A-ii	305	AN2.194	akusalapeyyāla	AN2.191-200	
an2.195	A-ii	305	AN2.195	akusalapeyyāla	AN2.191-200	
an2.196	A-ii	305	AN2.196	akusalapeyyāla	AN2.191-200	
an2.197	A-ii	305	AN2.197	akusalapeyyāla	AN2.191-200	
an2.198	A-ii	305	AN2.198	akusalapeyyāla	AN2.191-200	
an2.199	A-ii	305	AN2.199	akusalapeyyāla	AN2.191-200	
an2.200	A-ii	305	AN2.200	akusalapeyyāla	AN2.191-200	
an2.201	A-ii	308	AN2.201	vinayapeyyāla	AN2.201-230	
an2.201-230	A-ii	308	AN2.201-230	vinayapeyyāla		
an2.202	A-ii	310	AN2.202	vinayapeyyāla	AN2.201-230	
an2.203	A-ii	310	AN2.203	vinayapeyyāla	AN2.201-230	
an2.204	A-ii	310	AN2.204	vinayapeyyāla	AN2.201-230	
an2.205	A-ii	310	AN2.205	vinayapeyyāla	AN2.201-230	
an2.206	A-ii	310	AN2.206	vinayapeyyāla	AN2.201-230	
an2.207	A-ii	310	AN2.207	vinayapeyyāla	AN2.201-230	
an2.208	A-ii	310	AN2.208	vinayapeyyāla	AN2.201-230	
an2.209	A-ii	310	AN2.209	vinayapeyyāla	AN2.201-230	
an2.210	A-ii	310	AN2.210	vinayapeyyāla	AN2.201-230	
an2.211	A-ii	310	AN2.211	vinayapeyyāla	AN2.201-230	
an2.212	A-ii	310	AN2.212	vinayapeyyāla	AN2.201-230	
an2.213	A-ii	310	AN2.213	vinayapeyyāla	AN2.201-230	
an2.214	A-ii	310	AN2.214	vinayapeyyāla	AN2.201-230	
an2.215	A-ii	310	AN2.215	vinayapeyyāla	AN2.201-230	
an2.216	A-ii	310	AN2.216	vinayapeyyāla	AN2.201-230	
an2.217	A-ii	310	AN2.217	vinayapeyyāla	AN2.201-230	
an2.218	A-ii	310	AN2.218	vinayapeyyāla	AN2.201-230	
an2.219	A-ii	310	AN2.219	vinayapeyyāla	AN2.201-230	
an2.220	A-ii	310	AN2.220	vinayapeyyāla	AN2.201-230	
an2.221	A-ii	310	AN2.221	vinayapeyyāla	AN2.201-230	
an2.222	A-ii	310	AN2.222	vinayapeyyāla	AN2.201-230	
an2.223	A-ii	310	AN2.223	vinayapeyyāla	AN2.201-230	
an2.224	A-ii	310	AN2.224	vinayapeyyāla	AN2.201-230	
an2.225	A-ii	310	AN2.225	vinayapeyyāla	AN2.201-230	
an2.226	A-ii	310	AN2.226	vinayapeyyāla	AN2.201-230	
an2.227	A-ii	310	AN2.227	vinayapeyyāla	AN2.201-230	
an2.228	A-ii	310	AN2.228	vinayapeyyāla	AN2.201-230	
an2.229	A-ii	310	AN2.229	vinayapeyyāla	AN2.201-230	
an2.230	A-ii	310	AN2.230	vinayapeyyāla	AN2.201-230	
an2.231	A-ii	312	AN2.231	rāgapeyyāla	AN2.231-246	
an2.231-246	A-ii	312	AN2.231-246	rāgapeyyāla		
an2.232	A-ii	315	AN2.232	rāgapeyyāla	AN2.231-246	
an2.233	A-ii	315	AN2.233	rāgapeyyāla	AN2.231-246	
an2.234	A-ii	315	AN2.234	rāgapeyyāla	AN2.231-246	
an2.235	A-ii	315	AN2.235	rāgapeyyāla	AN2.231-246	
an2.236	A-ii	315	AN2.236	rāgapeyyāla	AN2.231-246	
an2.237	A-ii	315	AN2.237	rāgapeyyāla	AN2.231-246	
an2.238	A-ii	315	AN2.238	rāgapeyyāla	AN2.231-246	
an2.239	A-ii	315	AN2.239	rāgapeyyāla	AN2.231-246	
an2.240	A-ii	315	AN2.240	rāgapeyyāla	AN2.231-246	
an2.241	A-ii	315	AN2.241	rāgapeyyāla	AN2.231-246	
an2.242	A-ii	315	AN2.242	rāgapeyyāla	AN2.231-246	
an2.243	A-ii	315	AN2.243	rāgapeyyāla	AN2.231-246	
an2.244	A-ii	315	AN2.244	rāgapeyyāla	AN2.231-246	
an2.245	A-ii	315	AN2.245	rāgapeyyāla	AN2.231-246	
an2.246	A-ii	315	AN2.246	rāgapeyyāla	AN2.231-246	
an3	A-iii	3	AN3	tikanipātapāḷi		
an3.1	A-iii	3	AN3.1	bhayasutta		
an3.1-10	A-iii	3	AN3.1-10	bālavagga		
an3.2	A-iii	11	AN3.2	lakkhaṇasutta		
an3.3	A-iii	15	AN3.3	cintīsutta		
an3.4	A-iii	18	AN3.4	accayasutta		
an3.5	A-iii	21	AN3.5	ayonisosutta		
an3.6	A-iii	24	AN3.6	akusalasutta		
an3.7	A-iii	27	AN3.7	sāvajjasutta		
an3.8	A-iii	29	AN3.8	sabyābajjhasutta		
an3.9	A-iii	32	AN3.9	khatasutta		
an3.10	A-iii	35	AN3.10	malasutta		
an3.11	A-iii	42	AN3.11	ñātasutta		
an3.11-20	A-iii	42	AN3.11-20	rathakāravagga		
an3.12	A-iii	46	AN3.12	sāraṇīyasutta		
an3.13	A-iii	53	AN3.13	āsaṃsasutta		
an3.14	A-iii	60	AN3.14	cakkavattisutta		
an3.15	A-iii	66	AN3.15	sacetanasutta		
an3.16	A-iii	74	AN3.16	apaṇṇakasutta		
an3.17	A-iii	79	AN3.17	attabyābādhasutta		
an3.18	A-iii	82	AN3.18	devalokasutta		
an3.19	A-iii	84	AN3.19	paṭhamapāpaṇikasutta		
an3.20	A-iii	89	AN3.20	dutiyapāpaṇikasutta		
an3.21	A-iii	101	AN3.21	samiddhasutta		
an3.21-30	A-iii	101	AN3.21-30	puggalavagga		
an3.22	A-iii	115	AN3.22	gilānasutta		
an3.23	A-iii	124	AN3.23	saṅkhārasutta		
an3.24	A-iii	128	AN3.24	bahukārasutta		
an3.25	A-iii	133	AN3.25	vajirūpamasutta		
an3.26	A-iii	137	AN3.26	sevitabbasutta		
an3.27	A-iii	145	AN3.27	jigucchitabbasutta		
an3.28	A-iii	153	AN3.28	gūthabhāṇīsutta		
an3.29	A-iii	157	AN3.29	andhasutta		
an3.30	A-iii	174	AN3.30	avakujjasutta		
an3.31	A-iii	197	AN3.31	sabrahmakasutta		
an3.31-40	A-iii	197	AN3.31-40	devadūtavagga		
an3.32	A-iii	207	AN3.32	ānandasutta		
an3.33	A-iii	217	AN3.33	sāriputtasutta		
an3.34	A-iii	225	AN3.34	nidānasutta		
an3.35	A-iii	243	AN3.35	hatthakasutta		
an3.36	A-iii	255	AN3.36	devadūtasutta		
an3.37	A-iii	284	AN3.37	catumahārājasutta		
an3.38	A-iii	298	AN3.38	dutiyacatumahārājasutta		
an3.39	A-iii	309	AN3.39	sukhumālasutta		
an3.40	A-iii	327	AN3.40	ādhipateyyasutta		
an3.41	A-iii	349	AN3.41	sammukhībhāvasutta		
an3.41-51	A-iii	349	AN3.41-51	cūḷavagga		
an3.42	A-iii	352	AN3.42	tiṭhānasutta		
an3.43	A-iii	356	AN3.43	atthavasasutta		
an3.44	A-iii	358	AN3.44	kathāpavattisutta		
an3.45	A-iii	360	AN3.45	paṇḍitasutta		
an3.46	A-iii	366	AN3.46	sīlavantasutta		
an3.47	A-iii	368	AN3.47	saṅkhatalakkhaṇasutta		
an3.48	A-iii	370	AN3.48	asaṅkhatalakkhaṇasutta		
an3.49	A-iii	372	AN3.49	pabbatarājasutta		
an3.50	A-iii	384	AN3.50	ātappakaraṇīyasutta		
an3.51	A-iii	387	AN3.51	mahācorasutta		
an3.52	A-iii	400	AN3.52	paṭhamadvebrāhmaṇasutta		
an3.52-61	A-iii	400	AN3.52-61	brāhmaṇavagga		
an3.53	A-iii	412	AN3.53	dutiyadvebrāhmaṇasutta		
an3.54	A-iii	422	AN3.54	aññatarabrāhmaṇasutta		
an3.55	A-iii	428	AN3.55	paribbājakasutta		
an3.56	A-iii	437	AN3.56	nibbutasutta		
an3.57	A-iii	442	AN3.57	palokasutta		
an3.58	A-iii	448	AN3.58	vacchagottasutta		
an3.59	A-iii	473	AN3.59	tikaṇṇasutta		
an3.60	A-iii	493	AN3.60	jāṇussoṇisutta		
an3.61	A-iii	508	AN3.61	saṅgāravasutta		
an3.62	A-iii	533	AN3.62	titthāyatanādisutta		
an3.62-71	A-iii	533	AN3.62-71	mahāvagga		
an3.63	A-iii	562	AN3.64	venāgapurasutta		AN3.63
an3.64	A-iii	562	AN3.64	venāgapurasutta		AN3.63
an3.65	A-iii	575	AN3.65	sarabhasutta		
an3.66	A-iii	587	AN3.66	kesamuttisutta		
an3.67	A-iii	641	AN3.67	sāḷhasutta		
an3.68	A-iii	689	AN3.68	kathāvatthusutta		
an3.69	A-iii	711	AN3.69	aññatitthiyasutta		
an3.70	A-iii	720	AN3.70	akusalamūlasutta		
an3.71	A-iii	737	AN3.71	uposathasutta		
an3.72	A-iii	799	AN3.72	channasutta		
an3.72-81	A-iii	799	AN3.72-81	ānandavagga		
an3.73	A-iii	806	AN3.73	ājīvakasutta		
an3.74	A-iii	814	AN3.74	mahānāmasakkasutta		
an3.75	A-iii	820	AN3.75	nigaṇṭhasutta		
an3.76	A-iii	826	AN3.76	nivesakasutta		
an3.77	A-iii	832	AN3.77	paṭhamabhavasutta		
an3.78	A-iii	837	AN3.78	dutiyabhavasutta		
an3.79	A-iii	842	AN3.79	sīlabbatasutta		
an3.80	A-iii	846	AN3.80	gandhajātasutta		
an3.81	A-iii	857	AN3.81	cūḷanikāsutta		
an3.82	A-iii	871	AN3.82	samaṇasutta		
an3.82-92	A-iii	871	AN3.82-92	samaṇavagga		
an3.83	A-iii	875	AN3.83	gadrabhasutta		
an3.84	A-iii	879	AN3.84	khettasutta		
an3.85	A-iii	883	AN3.85	vajjiputtasutta		
an3.86	A-iii	887	AN3.86	sekkhasutta		
an3.87	A-iii	894	AN3.87	paṭhamasikkhāsutta		
an3.88	A-iii	901	AN3.88	dutiyasikkhāsutta		
an3.89	A-iii	907	AN3.89	tatiyasikkhāsutta		
an3.90	A-iii	911	AN3.90	paṭhamasikkhattayasutta		
an3.91	A-iii	916	AN3.91	dutiyasikkhattayasutta		
an3.92	A-iii	931	AN3.92	saṅkavāsutta		
an3.93	A-iii	944	AN3.93	accāyikasutta		
an3.93-103	A-iii	944	AN3.93-103	loṇakapallavagga		
an3.94	A-iii	949	AN3.94	pavivekasutta		
an3.95	A-iii	957	AN3.95	saradasutta		
an3.96	A-iii	961	AN3.96	parisāsutta		
an3.97	A-iii	969	AN3.97	paṭhamaājānīyasutta		
an3.98	A-iii	974	AN3.98	dutiyaājānīyasutta		
an3.99	A-iii	979	AN3.99	tatiyaājānīyasutta		
an3.100	A-iii	984	AN3.100	potthakasutta		
an3.101	A-iii	991	AN3.101	loṇakapallasutta		
an3.102	A-iii	1010	AN3.102	paṃsudhovakasutta		
an3.103	A-iii	1019	AN3.103	nimittasutta		
an3.104	A-iii	1029	AN3.104	pubbevasambodhasutta		
an3.104-113	A-iii	1029	AN3.104-113	sambodhavagga		
an3.105	A-iii	1033	AN3.105	paṭhamaassādasutta		
an3.106	A-iii	1035	AN3.106	dutiyaassādasutta		
an3.107	A-iii	1037	AN3.107	samaṇabrāhmaṇasutta		
an3.108	A-iii	1039	AN3.108	ruṇṇasutta		
an3.109	A-iii	1041	AN3.109	atittisutta		
an3.110	A-iii	1043	AN3.110	arakkhitasutta		
an3.111	A-iii	1050	AN3.111	byāpannasutta		
an3.112	A-iii	1053	AN3.112	paṭhamanidānasutta		
an3.113	A-iii	1056	AN3.113	dutiyanidānasutta		
an3.114	A-iii	1067	AN3.114	āpāyikasutta		
an3.114-123	A-iii	1067	AN3.114-123	āpāyikavagga		
an3.115	A-iii	1070	AN3.115	dullabhasutta		
an3.116	A-iii	1072	AN3.116	appameyyasutta		
an3.117	A-iii	1076	AN3.117	āneñjasutta		
an3.118	A-iii	1080	AN3.118	vipattisampadāsutta		
an3.119	A-iii	1087	AN3.119	apaṇṇakasutta		
an3.120	A-iii	1094	AN3.120	kammantasutta		
an3.121	A-iii	1101	AN3.121	paṭhamasoceyyasutta		
an3.122	A-iii	1105	AN3.122	dutiyasoceyyasutta		
an3.123	A-iii	1111	AN3.123	moneyyasutta		
an3.124	A-iii	1121	AN3.124	kusinārasutta		
an3.124-133	A-iii	1121	AN3.124-133	kusināravagga		
an3.125	A-iii	1128	AN3.125	bhaṇḍanasutta		
an3.126	A-iii	1131	AN3.126	gotamakacetiyasutta		
an3.127	A-iii	1135	AN3.127	bharaṇḍukālāmasutta		
an3.128	A-iii	1143	AN3.128	hatthakasutta		
an3.129	A-iii	1151	AN3.129	kaṭuviyasutta		
an3.130	A-iii	1165	AN3.130	paṭhamaanuruddhasutta		
an3.131	A-iii	1168	AN3.131	dutiyaanuruddhasutta		
an3.132	A-iii	1172	AN3.132	paṭicchannasutta		
an3.133	A-iii	1175	AN3.133	lekhasutta		
an3.134	A-iii	1183	AN3.134	yodhājīvasutta		
an3.134-146	A-iii	1183	AN3.134-146	yodhājīvavagga		
an3.135	A-iii	1189	AN3.135	parisāsutta		
an3.136	A-iii	1191	AN3.136	mittasutta		
an3.137	A-iii	1193	AN3.137	uppādāsutta		
an3.138	A-iii	1195	AN3.138	kesakambalasutta		
an3.139	A-iii	1199	AN3.139	sampadāsutta		
an3.140	A-iii	1201	AN3.140	vuddhisutta		
an3.141	A-iii	1203	AN3.141	assakhaḷuṅkasutta		
an3.142	A-iii	1210	AN3.142	assaparassasutta		
an3.143	A-iii	1217	AN3.143	assājānīyasutta		
an3.144	A-iii	1222	AN3.144	paṭhamamoranivāpasutta		
an3.145	A-iii	1225	AN3.145	dutiyamoranivāpasutta		
an3.146	A-iii	1227	AN3.146	tatiyamoranivāpasutta		
an3.147	A-iii	1233	AN3.147	akusalasutta		
an3.147-156	A-iii	1233	AN3.147-156	maṅgalavagga		
an3.148	A-iii	1237	AN3.148	sāvajjasutta		
an3.149	A-iii	1240	AN3.149	visamasutta		
an3.150	A-iii	1243	AN3.150	asucisutta		
an3.151	A-iii	1246	AN3.151	paṭhamakhatasutta		
an3.152	A-iii	1249	AN3.152	dutiyakhatasutta		
an3.153	A-iii	1252	AN3.153	tatiyakhatasutta		
an3.154	A-iii	1255	AN3.154	catutthakhatasutta		
an3.155	A-iii	1258	AN3.155	vandanāsutta		
an3.156	A-iii	1260	AN3.156	pubbaṇhasutta		
an3.157	A-iii	1276	AN3.157	acelakavagga	AN3.157-163	
an3.157-163	A-iii	1276	AN3.157-163	acelakavagga		
an3.158	A-iii	1276	AN3.158	acelakavagga	AN3.157-163	
an3.159	A-iii	1276	AN3.159	acelakavagga	AN3.157-163	
an3.160	A-iii	1276	AN3.160	acelakavagga	AN3.157-163	
an3.161	A-iii	1276	AN3.161	acelakavagga	AN3.157-163	
an3.162	A-iii	1276	AN3.162	acelakavagga	AN3.157-163	
an3.163	A-iii	1276	AN3.163	acelakavagga	AN3.157-163	
an3.164	A-iii	1294	AN3.164	kammapathapeyyāla	AN3.164-183	
an3.164-183	A-iii	1294	AN3.164-183	kammapathapeyyāla		
an3.165	A-iii	1294	AN3.165	kammapathapeyyāla	AN3.164-183	
an3.166	A-iii	1294	AN3.166	kammapathapeyyāla	AN3.164-183	
an3.167	A-iii	1294	AN3.167	kammapathapeyyāla	AN3.164-183	
an3.168	A-iii	1294	AN3.168	kammapathapeyyāla	AN3.164-183	
an3.169	A-iii	1294	AN3.169	kammapathapeyyāla	AN3.164-183	
an3.170	A-iii	1294	AN3.170	kammapathapeyyāla	AN3.164-183	
an3.171	A-iii	1294	AN3.171	kammapathapeyyāla	AN3.164-183	
an3.172	A-iii	1294	AN3.172	kammapathapeyyāla	AN3.164-183	
an3.173	A-iii	1294	AN3.173	kammapathapeyyāla	AN3.164-183	
an3.174	A-iii	1294	AN3.174	kammapathapeyyāla	AN3.164-183	
an3.175	A-iii	1294	AN3.175	kammapathapeyyāla	AN3.164-183	
an3.176	A-iii	1294	AN3.176	kammapathapeyyāla	AN3.164-183	
an3.177	A-iii	1294	AN3.177	kammapathapeyyāla	AN3.164-183	
an3.178	A-iii	1294	AN3.178	kammapathapeyyāla	AN3.164-183	
an3.179	A-iii	1294	AN3.179	kammapathapeyyāla	AN3.164-183	
an3.180	A-iii	1294	AN3.180	kammapathapeyyāla	AN3.164-183	
an3.181	A-iii	1294	AN3.181	kammapathapeyyāla	AN3.164-183	
an3.182	A-iii	1294	AN3.182	kammapathapeyyāla	AN3.164-183	
an3.183	A-iii	1294	AN3.183	kammapathapeyyāla	AN3.164-183	
an3.183-352	A-iii	1320	AN3.184	rāgapeyyāla		AN3.183-352
an3.184	A-iii	1320	AN3.184	rāgapeyyāla		AN3.183-352
an3.185	A-iii	1320	AN3.184	rāgapeyyāla		AN3.183-352
an3.186	A-iii	1320	AN3.184	rāgapeyyāla		AN3.183-352
an3.187	A-iii	1320	AN3.184	rāgapeyyāla		AN3.183-352
an3.188	A-iii	1320	AN3.184	rāgapeyyāla		AN3.183-352
an3.189	A-iii	1320	AN3.184	rāgapeyyāla		AN3.183-352
an3.190	A-iii	1320	AN3.184	rāgapeyyāla		AN3.183-352
an3.191	A-iii	1320	AN3.184	rāgapeyyāla		AN3.183-352
an3.192	A-iii	1320	AN3.184	rāgapeyyāla		AN3.183-352
an3.193	A-iii	1320	AN3.184	rāgapeyyāla		AN3.183-352
an3.194	A-iii	1320	AN3.184	rāgapeyyāla		AN3.183-352
an3.195	A-iii	1320	AN3.184	rāgapeyyāla		AN3.183-352
an3.196	A-iii	1320	AN3.184	rāgapeyyāla		AN3.183-352
an3.197	A-iii	1320	AN3.184	rāgapeyyāla		AN3.183-352
an3.198	A-iii	1320	AN3.184	rāgapeyyāla		AN3.183-352
an3.199	A-iii	1320	AN3.184	rāgapeyyāla		AN3.183-352
an3.200	A-iii	1320	AN3.184	rāgapeyyāla		AN3.183-352
an3.201	A-iii	1320	AN3.184	rāgapeyyāla		AN3.183-352
an3.202	A-iii	1320	AN3.184	rāgapeyyāla		AN3.183-352
an3.203	A-iii	1320	AN3.184	rāgapeyyāla		AN3.183-352
an3.204	A-iii	1320	AN3.184	rāgapeyyāla		AN3.183-352
an3.205	A-iii	1320	AN3.184	rāgapeyyāla		AN3.183-352
an3.206	A-iii	1320	AN3.184	rāgapeyyāla		AN3.183-352
an3.207	A-iii	1320	AN3.184	rāgapeyyāla		AN3.183-352
an3.208	A-iii	1320	AN3.184	rāgapeyyāla		AN3.183-352
an3.209	A-iii	1320	AN3.184	rāgapeyyāla		AN3.183-352
an3.210	A-iii	1320	AN3.184	rāgapeyyāla		AN3.183-352
an3.211	A-iii	1320	AN3.184	rāgapeyyāla		AN3.183-352
an3.212	A-iii	1320	AN3.184	rāgapeyyāla		AN3.183-352
an3.213	A-iii	1320	AN3.184	rāgapeyyāla		AN3.183-352
an3.214	A-iii	1320	AN3.184	rāgapeyyāla		AN3.183-352
an3.215	A-iii	1320	AN3.184	rāgapeyyāla		AN3.183-352
an3.216	A-iii	1320	AN3.184	rāgapeyyāla		AN3.183-352
an3.217	A-iii	1320	AN3.184	rāgapeyyāla		AN3.183-352
an3.218	A-iii	1320	AN3.184	rāgapeyyāla		AN3.183-352
an3.219	A-iii	1320	AN3.184	rāgapeyyāla		AN3.183-352
an3.220	A-iii	1320	AN3.184	rāgapeyyāla		AN3.183-352
an3.221	A-iii	1320	AN3.184	rāgapeyyāla		AN3.183-352
an3.222	A-iii	1320	AN3.184	rāgapeyyāla		AN3.183-352
an3.223	A-iii	1320	AN3.184	rāgapeyyāla		AN3.183-352
an3.224	A-iii	1320	AN3.184	rāgapeyyāla		AN3.183-352
an3.225	A-iii	1320	AN3.184	rāgapeyyāla		AN3.183-352
an3.226	A-iii	1320	AN3.184	rāgapeyyāla		AN3.183-352
an3.227	A-iii	1320	AN3.184	rāgapeyyāla		AN3.183-352
an3.228	A-iii	1320	AN3.184	rāgapeyyāla		AN3.183-352
an3.229	A-iii	1320	AN3.184	rāgapeyyāla		AN3.183-352
an3.230	A-iii	1320	AN3.184	rāgapeyyāla		AN3.183-352
an3.231	A-iii	1320	AN3.184	rāgapeyyāla		AN3.183-352
an3.232	A-iii	1320	AN3.184	rāgapeyyāla		AN3.183-352
an3.233	A-iii	1320	AN3.184	rāgapeyyāla		AN3.183-352
an3.234	A-iii	1320	AN3.184	rāgapeyyāla		AN3.183-352
an3.235	A-iii	1320	AN3.184	rāgapeyyāla		AN3.183-352
an3.236	A-iii	1320	AN3.184	rāgapeyyāla		AN3.183-352
an3.237	A-iii	1320	AN3.184	rāgapeyyāla		AN3.183-352
an3.238	A-iii	1320	AN3.184	rāgapeyyāla		AN3.183-352
an3.239	A-iii	1320	AN3.184	rāgapeyyāla		AN3.183-352
an3.240	A-iii	1320	AN3.184	rāgapeyyāla		AN3.183-352
an3.241	A-iii	1320	AN3.184	rāgapeyyāla		AN3.183-352
an3.242	A-iii	1320	AN3.184	rāgapeyyāla		AN3.183-352
an3.243	A-iii	1320	AN3.184	rāgapeyyāla		AN3.183-352
an3.244	A-iii	1320	AN3.184	rāgapeyyāla		AN3.183-352
an3.245	A-iii	1320	AN3.184	rāgapeyyāla		AN3.183-352
an3.246	A-iii	1320	AN3.184	rāgapeyyāla		AN3.183-352
an3.247	A-iii	1320	AN3.184	rāgapeyyāla		AN3.183-352
an3.248	A-iii	1320	AN3.184	rāgapeyyāla		AN3.183-352
an3.249	A-iii	1320	AN3.184	rāgapeyyāla		AN3.183-352
an3.250	A-iii	1320	AN3.184	rāgapeyyāla		AN3.183-352
an3.251	A-iii	1320	AN3.184	rāgapeyyāla		AN3.183-352
an3.252	A-iii	1320	AN3.184	rāgapeyyāla		AN3.183-352
an3.253	A-iii	1320	AN3.184	rāgapeyyāla		AN3.183-352
an3.254	A-iii	1320	AN3.184	rāgapeyyāla		AN3.183-352
an3.255	A-iii	1320	AN3.184	rāgapeyyāla		AN3.183-352
an3.256	A-iii	1320	AN3.184	rāgapeyyāla		AN3.183-352
an3.257	A-iii	1320	AN3.184	rāgapeyyāla		AN3.183-352
an3.258	A-iii	1320	AN3.184	rāgapeyyāla		AN3.183-352
an3.259	A-iii	1320	AN3.184	rāgapeyyāla		AN3.183-352
an3.260	A-iii	1320	AN3.184	rāgapeyyāla		AN3.183-352
an3.261	A-iii	1320	AN3.184	rāgapeyyāla		AN3.183-352
an3.262	A-iii	1320	AN3.184	rāgapeyyāla		AN3.183-352
an3.263	A-iii	1320	AN3.184	rāgapeyyāla		AN3.183-352
an3.264	A-iii	1320	AN3.184	rāgapeyyāla		AN3.183-352
an3.265	A-iii	1320	AN3.184	rāgapeyyāla		AN3.183-352
an3.266	A-iii	1320	AN3.184	rāgapeyyāla		AN3.183-352
an3.267	A-iii	1320	AN3.184	rāgapeyyāla		AN3.183-352
an3.268	A-iii	1320	AN3.184	rāgapeyyāla		AN3.183-352
an3.269	A-iii	1320	AN3.184	rāgapeyyāla		AN3.183-352
an3.270	A-iii	1320	AN3.184	rāgapeyyāla		AN3.183-352
an3.271	A-iii	1320	AN3.184	rāgapeyyāla		AN3.183-352
an3.272	A-iii	1320	AN3.184	rāgapeyyāla		AN3.183-352
an3.273	A-iii	1320	AN3.184	rāgapeyyāla		AN3.183-352
an3.274	A-iii	1320	AN3.184	rāgapeyyāla		AN3.183-352
an3.275	A-iii	1320	AN3.184	rāgapeyyāla		AN3.183-352
an3.276	A-iii	1320	AN3.184	rāgapeyyāla		AN3.183-352
an3.277	A-iii	1320	AN3.184	rāgapeyyāla		AN3.183-352
an3.278	A-iii	1320	AN3.184	rāgapeyyāla		AN3.183-352
an3.279	A-iii	1320	AN3.184	rāgapeyyāla		AN3.183-352
an3.280	A-iii	1320	AN3.184	rāgapeyyāla		AN3.183-352
an3.281	A-iii	1320	AN3.184	rāgapeyyāla		AN3.183-352
an3.282	A-iii	1320	AN3.184	rāgapeyyāla		AN3.183-352
an3.283	A-iii	1320	AN3.184	rāgapeyyāla		AN3.183-352
an3.284	A-iii	1320	AN3.184	rāgapeyyāla		AN3.183-352
an3.285	A-iii	1320	AN3.184	rāgapeyyāla		AN3.183-352
an3.286	A-iii	1320	AN3.184	rāgapeyyāla		AN3.183-352
an3.287	A-iii	1320	AN3.184	rāgapeyyāla		AN3.183-352
an3.288	A-iii	1320	AN3.184	rāgapeyyāla		AN3.183-352
an3.289	A-iii	1320	AN3.184	rāgapeyyāla		AN3.183-352
an3.290	A-iii	1320	AN3.184	rāgapeyyāla		AN3.183-352
an3.291	A-iii	1320	AN3.184	rāgapeyyāla		AN3.183-352
an3.292	A-iii	1320	AN3.184	rāgapeyyāla		AN3.183-352
an3.293	A-iii	1320	AN3.184	rāgapeyyāla		AN3.183-352
an3.294	A-iii	1320	AN3.184	rāgapeyyāla		AN3.183-352
an3.295	A-iii	1320	AN3.184	rāgapeyyāla		AN3.183-352
an3.296	A-iii	1320	AN3.184	rāgapeyyāla		AN3.183-352
an3.297	A-iii	1320	AN3.184	rāgapeyyāla		AN3.183-352
an3.298	A-iii	1320	AN3.184	rāgapeyyāla		AN3.183-352
an3.299	A-iii	1320	AN3.184	rāgapeyyāla		AN3.183-352
an3.300	A-iii	1320	AN3.184	rāgapeyyāla		AN3.183-352
an3.301	A-iii	1320	AN3.184	rāgapeyyāla		AN3.183-352
an3.302	A-iii	1320	AN3.184	rāgapeyyāla		AN3.183-352
an3.303	A-iii	1320	AN3.184	rāgapeyyāla		AN3.183-352
an3.304	A-iii	1320	AN3.184	rāgapeyyāla		AN3.183-352
an3.305	A-iii	1320	AN3.184	rāgapeyyāla		AN3.183-352
an3.306	A-iii	1320	AN3.184	rāgapeyyāla		AN3.183-352
an3.307	A-iii	1320	AN3.184	rāgapeyyāla		AN3.183-352
an3.308	A-iii	1320	AN3.184	rāgapeyyāla		AN3.183-352
an3.309	A-iii	1320	AN3.184	rāgapeyyāla		AN3.183-352
an3.310	A-iii	1320	AN3.184	rāgapeyyāla		AN3.183-352
an3.311	A-iii	1320	AN3.184	rāgapeyyāla		AN3.183-352
an3.312	A-iii	1320	AN3.184	rāgapeyyāla		AN3.183-352
an3.313	A-iii	1320	AN3.184	rāgapeyyāla		AN3.183-352
an3.314	A-iii	1320	AN3.184	rāgapeyyāla		AN3.183-352
an3.315	A-iii	1320	AN3.184	rāgapeyyāla		AN3.183-352
an3.316	A-iii	1320	AN3.184	rāgapeyyāla		AN3.183-352
an3.317	A-iii	1320	AN3.184	rāgapeyyāla		AN3.183-352
an3.318	A-iii	1320	AN3.184	rāgapeyyāla		AN3.183-352
an3.319	A-iii	1320	AN3.184	rāgapeyyāla		AN3.183-352
an3.320	A-iii	1320	AN3.184	rāgapeyyāla		AN3.183-352
an3.321	A-iii	1320	AN3.184	rāgapeyyāla		AN3.183-352
an3.322	A-iii	1320	AN3.184	rāgapeyyāla		AN3.183-352
an3.323	A-iii	1320	AN3.184	rāgapeyyāla		AN3.183-352
an3.324	A-iii	1320	AN3.184	rāgapeyyāla		AN3.183-352
an3.325	A-iii	1320	AN3.184	rāgapeyyāla		AN3.183-352
an3.326	A-iii	1320	AN3.184	rāgapeyyāla		AN3.183-352
an3.327	A-iii	1320	AN3.184	rāgapeyyāla		AN3.183-352
an3.328	A-iii	1320	AN3.184	rāgapeyyāla		AN3.183-352
an3.329	A-iii	1320	AN3.184	rāgapeyyāla		AN3.183-352
an3.330	A-iii	1320	AN3.184	rāgapeyyāla		AN3.183-352
an3.331	A-iii	1320	AN3.184	rāgapeyyāla		AN3.183-352
an3.332	A-iii	1320	AN3.184	rāgapeyyāla		AN3.183-352
an3.333	A-iii	1320	AN3.184	rāgapeyyāla		AN3.183-352
an3.334	A-iii	1320	AN3.184	rāgapeyyāla		AN3.183-352
an3.335	A-iii	1320	AN3.184	rāgapeyyāla		AN3.183-352
an3.336	A-iii	1320	AN3.184	rāgapeyyāla		AN3.183-352
an3.337	A-iii	1320	AN3.184	rāgapeyyāla		AN3.183-352
an3.338	A-iii	1320	AN3.184	rāgapeyyāla		AN3.183-352
an3.339	A-iii	1320	AN3.184	rāgapeyyāla		AN3.183-352
an3.340	A-iii	1320	AN3.184	rāgapeyyāla		AN3.183-352
an3.341	A-iii	1320	AN3.184	rāgapeyyāla		AN3.183-352
an3.342	A-iii	1320	AN3.184	rāgapeyyāla		AN3.183-352
an3.343	A-iii	1320	AN3.184	rāgapeyyāla		AN3.183-352
an3.344	A-iii	1320	AN3.184	rāgapeyyāla		AN3.183-352
an3.345	A-iii	1320	AN3.184	rāgapeyyāla		AN3.183-352
an3.346	A-iii	1320	AN3.184	rāgapeyyāla		AN3.183-352
an3.347	A-iii	1320	AN3.184	rāgapeyyāla		AN3.183-352
an3.348	A-iii	1320	AN3.184	rāgapeyyāla		AN3.183-352
an3.349	A-iii	1320	AN3.184	rāgapeyyāla		AN3.183-352
an3.350	A-iii	1320	AN3.184	rāgapeyyāla		AN3.183-352
an3.351	A-iii	1320	AN3.184	rāgapeyyāla		AN3.183-352
an3.352	A-iii	1320	AN3.184	rāgapeyyāla		AN3.183-352
an4	A-iv	3	AN4	catukkanipātapāḷi		
an4.1	A-iv	3	AN4.1	anubuddhasutta		
an4.1-10	A-iv	3	AN4.1-10	bhaṇḍagāmavagga		
an4.2	A-iv	14	AN4.2	papatitasutta		
an4.3	A-iv	19	AN4.3	paṭhamakhatasutta		
an4.4	A-iv	35	AN4.4	dutiyakhatasutta		
an4.5	A-iv	48	AN4.5	anusotasutta		
an4.6	A-iv	69	AN4.6	appassutasutta		
an4.7	A-iv	85	AN4.7	sobhanasutta		
an4.8	A-iv	94	AN4.8	vesārajjasutta		
an4.9	A-iv	107	AN4.9	taṇhuppādasutta		
an4.10	A-iv	113	AN4.10	yogasutta		
an4.11	A-iv	132	AN4.11	carasutta		
an4.11-20	A-iv	132	AN4.11-20	caravagga		
an4.12	A-iv	149	AN4.12	sīlasutta		
an4.13	A-iv	161	AN4.13	padhānasutta		
an4.14	A-iv	167	AN4.14	saṃvarasutta		
an4.15	A-iv	175	AN4.15	paññattisutta		
an4.16	A-iv	181	AN4.16	sokhummasutta		
an4.17	A-iv	188	AN4.17	paṭhamaagatisutta		
an4.18	A-iv	192	AN4.18	dutiyaagatisutta		
an4.19	A-iv	196	AN4.19	tatiyaagatisutta		
an4.20	A-iv	203	AN4.20	bhattuddesakasutta		
an4.21	A-iv	220	AN4.21	paṭhamauruvelasutta		
an4.21-30	A-iv	220	AN4.21-30	uruvelavagga		
an4.22	A-iv	237	AN4.22	dutiyauruvelasutta		
an4.23	A-iv	251	AN4.23	lokasutta		
an4.24	A-iv	271	AN4.24	kāḷakārāmasutta		
an4.25	A-iv	287	AN4.25	brahmacariyasutta		
an4.26	A-iv	294	AN4.26	kuhasutta		
an4.27	A-iv	300	AN4.27	santuṭṭhisutta		
an4.28	A-iv	307	AN4.28	ariyavaṃsasutta		
an4.29	A-iv	318	AN4.29	dhammapadasutta		
an4.30	A-iv	325	AN4.30	paribbājakasutta		
an4.31	A-iv	340	AN4.31	cakkasutta		
an4.31-40	A-iv	340	AN4.31-40	cakkavagga		
an4.32	A-iv	346	AN4.32	saṅgahasutta		
an4.33	A-iv	355	AN4.33	sīhasutta		
an4.34	A-iv	366	AN4.34	aggappasādasutta		
an4.35	A-iv	379	AN4.35	vassakārasutta		
an4.36	A-iv	390	AN4.36	doṇasutta		
an4.37	A-iv	400	AN4.37	aparihāniyasutta		
an4.38	A-iv	412	AN4.38	patilīnasutta		
an4.39	A-iv	423	AN4.39	ujjayasutta		
an4.40	A-iv	436	AN4.40	udāyīsutta		
an4.41	A-iv	453	AN4.41	samādhibhāvanāsutta		
an4.41-50	A-iv	453	AN4.41-50	rohitassavagga		
an4.42	A-iv	464	AN4.42	pañhabyākaraṇasutta		
an4.43	A-iv	474	AN4.43	paṭhamakodhagarusutta		
an4.44	A-iv	481	AN4.44	dutiyakodhagarusutta		
an4.45	A-iv	488	AN4.45	rohitassasutta		
an4.46	A-iv	501	AN4.46	dutiyarohitassasutta		
an4.47	A-iv	512	AN4.47	suvidūrasutta		
an4.48	A-iv	524	AN4.48	visākhasutta		
an4.49	A-iv	532	AN4.49	vipallāsasutta		
an4.50	A-iv	546	AN4.50	upakkilesasutta		
an4.51	A-iv	570	AN4.51	paṭhamapuññābhisandasutta		
an4.51-60	A-iv	570	AN4.51-60	puññābhisandavagga		
an4.52	A-iv	587	AN4.52	dutiyapuññābhisandasutta		
an4.53	A-iv	598	AN4.53	paṭhamasaṃvāsasutta		
an4.54	A-iv	619	AN4.54	dutiyasaṃvāsasutta		
an4.55	A-iv	639	AN4.55	paṭhamasamajīvīsutta		
an4.56	A-iv	649	AN4.56	dutiyasamajīvīsutta		
an4.57	A-iv	657	AN4.57	suppavāsāsutta		
an4.58	A-iv	670	AN4.58	sudattasutta		
an4.59	A-iv	679	AN4.59	bhojanasutta		
an4.60	A-iv	687	AN4.60	gihisāmīcisutta		
an4.61	A-iv	699	AN4.61	pattakammasutta		
an4.61-70	A-iv	699	AN4.61-70	pattakammavagga		
an4.62	A-iv	725	AN4.62	ānaṇyasutta		
an4.63	A-iv	736	AN4.63	brahmasutta		
an4.64	A-iv	746	AN4.64	nirayasutta		
an4.65	A-iv	750	AN4.65	rūpasutta		
an4.66	A-iv	760	AN4.66	sarāgasutta		
an4.67	A-iv	768	AN4.67	ahirājasutta		
an4.68	A-iv	786	AN4.68	devadattasutta		
an4.69	A-iv	794	AN4.69	padhānasutta		
an4.70	A-iv	802	AN4.70	adhammikasutta		
an4.71	A-iv	819	AN4.71	padhānasutta		
an4.71-80	A-iv	819	AN4.71-80	apaṇṇakavagga		
an4.72	A-iv	822	AN4.72	sammādiṭṭhisutta		
an4.73	A-iv	824	AN4.73	sappurisasutta		
an4.74	A-iv	834	AN4.74	paṭhamaaggasutta		
an4.75	A-iv	836	AN4.75	dutiyaaggasutta		
an4.76	A-iv	838	AN4.76	kusinārasutta		
an4.77	A-iv	843	AN4.77	acinteyyasutta		
an4.78	A-iv	845	AN4.78	dakkhiṇasutta		
an4.79	A-iv	851	AN4.79	vaṇijjasutta		
an4.80	A-iv	858	AN4.80	kambojasutta		
an4.81	A-iv	865	AN4.81	pāṇātipātasutta		
an4.81-90	A-iv	865	AN4.81-90	macalavagga		
an4.82	A-iv	869	AN4.82	musāvādasutta		
an4.83	A-iv	872	AN4.83	avaṇṇārahasutta		
an4.84	A-iv	875	AN4.84	kodhagarusutta		
an4.85	A-iv	878	AN4.85	tamotamasutta		
an4.86	A-iv	884	AN4.86	oṇatoṇatasutta		
an4.87	A-iv	886	AN4.87	puttasutta		
an4.88	A-iv	894	AN4.88	saṃyojanasutta		
an4.89	A-iv	900	AN4.89	sammādiṭṭhisutta		
an4.90	A-iv	906	AN4.90	khandhasutta		
an4.91	A-iv	916	AN4.91	asurasutta		
an4.91-100	A-iv	916	AN4.91-100	asuravagga		
an4.92	A-iv	923	AN4.92	paṭhamasamādhisutta		
an4.93	A-iv	925	AN4.93	dutiyasamādhisutta		
an4.94	A-iv	931	AN4.94	tatiyasamādhisutta		
an4.95	A-iv	937	AN4.95	chavālātasutta		
an4.96	A-iv	942	AN4.96	rāgavinayasutta		
an4.97	A-iv	948	AN4.97	khippanisantisutta		
an4.98	A-iv	954	AN4.98	attahitasutta		
an4.99	A-iv	956	AN4.99	sikkhāpadasutta		
an4.100	A-iv	962	AN4.100	potaliyasutta		
an4.101	A-iv	974	AN4.101	paṭhamavalāhakasutta		
an4.101-110	A-iv	974	AN4.101-110	valāhakavagga		
an4.102	A-iv	983	AN4.102	dutiyavalāhakasutta		
an4.103	A-iv	989	AN4.103	kumbhasutta		
an4.104	A-iv	995	AN4.104	udakarahadasutta		
an4.105	A-iv	1001	AN4.105	ambasutta		
an4.106	A-iv	1007	AN4.106	dutiyaambasutta		
an4.107	A-iv	1009	AN4.107	mūsikasutta		
an4.108	A-iv	1015	AN4.108	balībaddasutta		
an4.109	A-iv	1021	AN4.109	rukkhasutta		
an4.110	A-iv	1027	AN4.110	āsīvisasutta		
an4.111	A-iv	1037	AN4.111	kesisutta		
an4.111-120	A-iv	1037	AN4.111-120	kesivagga		
an4.112	A-iv	1044	AN4.112	javasutta		
an4.113	A-iv	1047	AN4.113	patodasutta		
an4.114	A-iv	1056	AN4.114	nāgasutta		
an4.115	A-iv	1067	AN4.115	ṭhānasutta		
an4.116	A-iv	1073	AN4.116	appamādasutta		
an4.117	A-iv	1076	AN4.117	ārakkhasutta		
an4.118	A-iv	1079	AN4.118	saṃvejanīyasutta		
an4.119	A-iv	1081	AN4.119	paṭhamabhayasutta		
an4.120	A-iv	1083	AN4.120	dutiyabhayasutta		
an4.121	A-iv	1089	AN4.121	attānuvādasutta		
an4.121-130	A-iv	1089	AN4.121-130	bhayavagga		
an4.122	A-iv	1097	AN4.122	ūmibhayasutta		
an4.123	A-iv	1103	AN4.123	paṭhamanānākaraṇasutta		
an4.124	A-iv	1108	AN4.124	dutiyanānākaraṇasutta		
an4.125	A-iv	1111	AN4.125	paṭhamamettāsutta		
an4.126	A-iv	1114	AN4.126	dutiyamettāsutta		
an4.127	A-iv	1117	AN4.127	paṭhamatathāgataacchariyasutta		
an4.128	A-iv	1122	AN4.128	dutiyatathāgataacchariyasutta		
an4.129	A-iv	1127	AN4.129	ānandaacchariyasutta		
an4.130	A-iv	1132	AN4.130	cakkavattiacchariyasutta		
an4.131	A-iv	1143	AN4.131	saṃyojanasutta		
an4.131-140	A-iv	1143	AN4.131-140	puggalavagga		
an4.132	A-iv	1153	AN4.132	paṭibhānasutta		
an4.133	A-iv	1155	AN4.133	ugghaṭitaññūsutta		
an4.134	A-iv	1157	AN4.134	uṭṭhānaphalasutta		
an4.135	A-iv	1159	AN4.135	sāvajjasutta		
an4.136	A-iv	1165	AN4.136	paṭhamasīlasutta		
an4.137	A-iv	1170	AN4.137	dutiyasīlasutta		
an4.138	A-iv	1175	AN4.138	nikaṭṭhasutta		
an4.139	A-iv	1181	AN4.139	dhammakathikasutta		
an4.140	A-iv	1186	AN4.140	vādīsutta		
an4.141	A-iv	1192	AN4.141	ābhāsutta		
an4.141-150	A-iv	1192	AN4.141-150	ābhāvagga		
an4.142	A-iv	1195	AN4.142	pabhāsutta		
an4.143	A-iv	1197	AN4.143	ālokasutta		
an4.144	A-iv	1199	AN4.144	obhāsasutta		
an4.145	A-iv	1201	AN4.145	pajjotasutta		
an4.146	A-iv	1203	AN4.146	paṭhamakālasutta		
an4.147	A-iv	1205	AN4.147	dutiyakālasutta		
an4.148	A-iv	1208	AN4.148	duccaritasutta		
an4.149	A-iv	1210	AN4.149	sucaritasutta		
an4.150	A-iv	1212	AN4.150	sārasutta		
an4.151	A-iv	1219	AN4.151	indriyasutta		
an4.151-160	A-iv	1219	AN4.151-160	indriyavagga		
an4.152	A-iv	1223	AN4.152	saddhābalasutta		
an4.153	A-iv	1225	AN4.153	paññābalasutta		
an4.154	A-iv	1227	AN4.154	satibalasutta		
an4.155	A-iv	1229	AN4.155	paṭisaṅkhānabalasutta		
an4.156	A-iv	1231	AN4.156	kappasutta		
an4.157	A-iv	1236	AN4.157	rogasutta		
an4.158	A-iv	1240	AN4.158	parihānisutta		
an4.159	A-iv	1244	AN4.159	bhikkhunīsutta		
an4.160	A-iv	1254	AN4.160	sugatavinayasutta		
an4.161	A-iv	1270	AN4.161	saṃkhittasutta		
an4.161-170	A-iv	1270	AN4.161-170	paṭipadāvagga		
an4.162	A-iv	1273	AN4.162	vitthārasutta		
an4.163	A-iv	1279	AN4.163	asubhasutta		
an4.164	A-iv	1285	AN4.164	paṭhamakhamasutta		
an4.165	A-iv	1290	AN4.165	dutiyakhamasutta		
an4.166	A-iv	1296	AN4.166	ubhayasutta		
an4.167	A-iv	1302	AN4.167	mahāmoggallānasutta		
an4.168	A-iv	1306	AN4.168	sāriputtasutta		
an4.169	A-iv	1310	AN4.169	sasaṅkhārasutta		
an4.170	A-iv	1316	AN4.170	yuganaddhasutta		
an4.171	A-iv	1328	AN4.171	cetanāsutta		
an4.171-180	A-iv	1328	AN4.171-180	sañcetaniyavagga		
an4.172	A-iv	1340	AN4.172	vibhattisutta		
an4.173	A-iv	1346	AN4.173	mahākoṭṭhikasutta		
an4.174	A-iv	1358	AN4.174	ānandasutta		
an4.175	A-iv	1370	AN4.175	upavāṇasutta		
an4.176	A-iv	1382	AN4.176	āyācanasutta		
an4.177	A-iv	1387	AN4.177	rāhulasutta		
an4.178	A-iv	1394	AN4.178	jambālīsutta		
an4.179	A-iv	1399	AN4.179	nibbānasutta		
an4.180	A-iv	1403	AN4.180	mahāpadesasutta		
an4.181	A-iv	1417	AN4.181	yodhājīvasutta		
an4.181-190	A-iv	1417	AN4.181-190	brāhmaṇavagga		
an4.182	A-iv	1424	AN4.182	pāṭibhogasutta		
an4.183	A-iv	1428	AN4.183	sutasutta		
an4.184	A-iv	1437	AN4.184	abhayasutta		
an4.185	A-iv	1449	AN4.185	brāhmaṇasaccasutta		
an4.186	A-iv	1457	AN4.186	ummaggasutta		
an4.187	A-iv	1466	AN4.187	vassakārasutta		
an4.188	A-iv	1475	AN4.188	upakasutta		
an4.189	A-iv	1482	AN4.189	sacchikaraṇīyasutta		
an4.190	A-iv	1487	AN4.190	uposathasutta		
an4.191	A-iv	1499	AN4.191	sotānugatasutta		
an4.191-200	A-iv	1499	AN4.191-200	mahāvagga		
an4.192	A-iv	1505	AN4.192	ṭhānasutta		
an4.193	A-iv	1518	AN4.193	bhaddiyasutta		
an4.194	A-iv	1535	AN4.194	sāmugiyasutta		
an4.195	A-iv	1543	AN4.195	vappasutta		
an4.196	A-iv	1557	AN4.196	sāḷhasutta		
an4.197	A-iv	1571	AN4.197	mallikādevīsutta		
an4.198	A-iv	1585	AN4.198	attantapasutta		
an4.199	A-iv	1601	AN4.199	taṇhāsutta		
an4.200	A-iv	1608	AN4.200	pemasutta		
an4.201	A-iv	1632	AN4.201	sikkhāpadasutta		
an4.201-210	A-iv	1632	AN4.201-210	sappurisavagga		
an4.202	A-iv	1640	AN4.202	assaddhasutta		
an4.203	A-iv	1646	AN4.203	sattakammasutta		
an4.204	A-iv	1652	AN4.204	dasakammasutta		
an4.205	A-iv	1658	AN4.205	aṭṭhaṅgikasutta		
an4.206	A-iv	1664	AN4.206	dasamaggasutta		
an4.207	A-iv	1670	AN4.207	paṭhamapāpadhammasutta		
an4.208	A-iv	1676	AN4.208	dutiyapāpadhammasutta		
an4.209	A-iv	1682	AN4.209	tatiyapāpadhammasutta		
an4.210	A-iv	1688	AN4.210	catutthapāpadhammasutta		
an4.211	A-iv	1698	AN4.211	parisāsutta		
an4.211-220	A-iv	1698	AN4.211-220	parisasobhaṇavagga		
an4.212	A-iv	1702	AN4.212	diṭṭhisutta		
an4.213	A-iv	1705	AN4.213	akataññutāsutta		
an4.214	A-iv	1708	AN4.214	pāṇātipātīsutta		
an4.215	A-iv	1710	AN4.215	paṭhamamaggasutta		
an4.216	A-iv	1712	AN4.216	dutiyamaggasutta		
an4.217	A-iv	1714	AN4.217	paṭhamavohārapathasutta		
an4.218	A-iv	1716	AN4.218	dutiyavohārapathasutta		
an4.219	A-iv	1718	AN4.219	ahirikasutta		
an4.220	A-iv	1720	AN4.220	dussīlasutta		
an4.221	A-iv	1727	AN4.221	duccaritasutta		
an4.221-231	A-iv	1727	AN4.221-231	duccaritavagga		
an4.222	A-iv	1730	AN4.222	diṭṭhisutta		
an4.223	A-iv	1733	AN4.223	akataññutāsutta		
an4.224	A-iv	1735	AN4.224	pāṇātipātīsutta		
an4.225	A-iv	1737	AN4.225	paṭhamamaggasutta		
an4.226	A-iv	1739	AN4.226	dutiyamaggasutta		
an4.227	A-iv	1741	AN4.227	paṭhamavohārapathasutta		
an4.228	A-iv	1743	AN4.228	dutiyavohārapathasutta		
an4.229	A-iv	1745	AN4.229	ahirikasutta		
an4.230	A-iv	1747	AN4.230	duppaññasutta		
an4.231	A-iv	1749	AN4.231	kavisutta		
an4.232	A-iv	1755	AN4.232	saṃkhittasutta		
an4.232-242	A-iv	1755	AN4.232-242	kammavagga		
an4.233	A-iv	1758	AN4.233	vitthārasutta		
an4.234	A-iv	1764	AN4.234	soṇakāyanasutta		
an4.235	A-iv	1772	AN4.235	paṭhamasikkhāpadasutta		
an4.236	A-iv	1777	AN4.236	dutiyasikkhāpadasutta		
an4.237	A-iv	1783	AN4.237	ariyamaggasutta		
an4.238	A-iv	1789	AN4.238	bojjhaṅgasutta		
an4.239	A-iv	1794	AN4.239	sāvajjasutta		
an4.240	A-iv	1797	AN4.240	abyābajjhasutta		
an4.241	A-iv	1800	AN4.241	samaṇasutta		
an4.242	A-iv	1807	AN4.242	sappurisānisaṃsasutta		
an4.243	A-iv	1815	AN4.243	saṅghabhedakasutta		
an4.243-253	A-iv	1815	AN4.243-253	āpattibhayavagga		
an4.244	A-iv	1823	AN4.244	āpattibhayasutta		
an4.245	A-iv	1828	AN4.245	sikkhānisaṃsasutta		
an4.246	A-iv	1834	AN4.246	seyyāsutta		
an4.247	A-iv	1839	AN4.247	thūpārahasutta		
an4.248	A-iv	1841	AN4.248	paññāvuddhisutta		
an4.249	A-iv	1843	AN4.249	bahukārasutta		
an4.250	A-iv	1845	AN4.250	paṭhamavohārasutta		
an4.251	A-iv	1847	AN4.251	dutiyavohārasutta		
an4.252	A-iv	1849	AN4.252	tatiyavohārasutta		
an4.253	A-iv	1851	AN4.253	catutthavohārasutta		
an4.254	A-iv	1858	AN4.254	abhiññāsutta		
an4.254-263	A-iv	1858	AN4.254-263	abhiññāvagga		
an4.255	A-iv	1865	AN4.255	pariyesanāsutta		
an4.256	A-iv	1868	AN4.256	saṅgahavatthusutta		
an4.257	A-iv	1870	AN4.257	mālukyaputtasutta		
an4.258	A-iv	1875	AN4.258	kulasutta		
an4.259	A-iv	1878	AN4.259	paṭhamaājānīyasutta		
an4.260	A-iv	1886	AN4.260	dutiyaājānīyasutta		
an4.261	A-iv	1894	AN4.261	balasutta		
an4.262	A-iv	1896	AN4.262	araññasutta		
an4.263	A-iv	1899	AN4.263	kammasutta		
an4.264	A-iv	1906	AN4.264	pāṇātipātīsutta		
an4.264-273	A-iv	1906	AN4.264-273	kammapathavagga		
an4.265	A-iv	1910	AN4.265	adinnādāyīsutta		
an4.266	A-iv	1913	AN4.266	micchācārīsutta		
an4.267	A-iv	1916	AN4.267	musāvādīsutta		
an4.268	A-iv	1919	AN4.268	pisuṇavācāsutta		
an4.269	A-iv	1922	AN4.269	pharusavācāsutta		
an4.270	A-iv	1925	AN4.270	samphappalāpasutta		
an4.271	A-iv	1928	AN4.271	abhijjhālusutta		
an4.272	A-iv	1931	AN4.272	byāpannacittasutta		
an4.273	A-iv	1934	AN4.273	micchādiṭṭhisutta		
an4.274	A-iv	1938	AN4.274	satipaṭṭhānasutta		
an4.274-783	A-iv	1938	AN4.274-783	rāgapeyyāla		
an4.275	A-iv	1941	AN4.275	sammappadhānasutta		
an4.276	A-iv	1943	AN4.276	iddhipādasutta		
an4.277	A-iv	1945	AN4.277	rāgapeyyāla	AN4.274-783	
an4.277-303	A-iv	1945	AN4.277-303	pariññādisuttāni		
an4.278	A-iv	1945	AN4.278	rāgapeyyāla	AN4.274-783	
an4.279	A-iv	1945	AN4.279	rāgapeyyāla	AN4.274-783	
an4.280	A-iv	1945	AN4.280	rāgapeyyāla	AN4.274-783	
an4.281	A-iv	1945	AN4.281	rāgapeyyāla	AN4.274-783	
an4.282	A-iv	1945	AN4.282	rāgapeyyāla	AN4.274-783	
an4.283	A-iv	1945	AN4.283	rāgapeyyāla	AN4.274-783	
an4.284	A-iv	1945	AN4.284	rāgapeyyāla	AN4.274-783	
an4.285	A-iv	1945	AN4.285	rāgapeyyāla	AN4.274-783	
an4.286	A-iv	1945	AN4.286	rāgapeyyāla	AN4.274-783	
an4.287	A-iv	1945	AN4.287	rāgapeyyāla	AN4.274-783	
an4.288	A-iv	1945	AN4.288	rāgapeyyāla	AN4.274-783	
an4.289	A-iv	1945	AN4.289	rāgapeyyāla	AN4.274-783	
an4.290	A-iv	1945	AN4.290	rāgapeyyāla	AN4.274-783	
an4.291	A-iv	1945	AN4.291	rāgapeyyāla	AN4.274-783	
an4.292	A-iv	1945	AN4.292	rāgapeyyāla	AN4.274-783	
an4.293	A-iv	1945	AN4.293	rāgapeyyāla	AN4.274-783	
an4.294	A-iv	1945	AN4.294	rāgapeyyāla	AN4.274-783	
an4.295	A-iv	1945	AN4.295	rāgapeyyāla	AN4.274-783	
an4.296	A-iv	1945	AN4.296	rāgapeyyāla	AN4.274-783	
an4.297	A-iv	1945	AN4.297	rāgapeyyāla	AN4.274-783	
an4.298	A-iv	1945	AN4.298	rāgapeyyāla	AN4.274-783	
an4.299	A-iv	1945	AN4.299	rāgapeyyāla	AN4.274-783	
an4.300	A-iv	1945	AN4.300	rāgapeyyāla	AN4.274-783	
an4.301	A-iv	1945	AN4.301	rāgapeyyāla	AN4.274-783	
an4.302	A-iv	1945	AN4.302	rāgapeyyāla	AN4.274-783	
an4.303	A-iv	1945	AN4.303	rāgapeyyāla	AN4.274-783	
an4.304	A-iv	1947	AN4.304	rāgapeyyāla	AN4.274-783	
an4.304-783	A-iv	1947	AN4.304-783	dosaabhiññādisuttāni		
an4.305	A-iv	1947	AN4.305	rāgapeyyāla	AN4.274-783	
an4.306	A-iv	1947	AN4.306	rāgapeyyāla	AN4.274-783	
an4.307	A-iv	1947	AN4.307	rāgapeyyāla	AN4.274-783	
an4.308	A-iv	1947	AN4.308	rāgapeyyāla	AN4.274-783	
an4.309	A-iv	1947	AN4.309	rāgapeyyāla	AN4.274-783	
an4.310	A-iv	1947	AN4.310	rāgapeyyāla	AN4.274-783	
an4.311	A-iv	1947	AN4.311	rāgapeyyāla	AN4.274-783	
an4.312	A-iv	1947	AN4.312	rāgapeyyāla	AN4.274-783	
an4.313	A-iv	1947	AN4.313	rāgapeyyāla	AN4.274-783	
an4.314	A-iv	1947	AN4.314	rāgapeyyāla	AN4.274-783	
an4.315	A-iv	1947	AN4.315	rāgapeyyāla	AN4.274-783	
an4.316	A-iv	1947	AN4.316	rāgapeyyāla	AN4.274-783	
an4.317	A-iv	1947	AN4.317	rāgapeyyāla	AN4.274-783	
an4.318	A-iv	1947	AN4.318	rāgapeyyāla	AN4.274-783	
an4.319	A-iv	1947	AN4.319	rāgapeyyāla	AN4.274-783	
an4.320	A-iv	1947	AN4.320	rāgapeyyāla	AN4.274-783	
an4.321	A-iv	1947	AN4.321	rāgapeyyāla	AN4.274-783	
an4.322	A-iv	1947	AN4.322	rāgapeyyāla	AN4.274-783	
an4.323	A-iv	1947	AN4.323	rāgapeyyāla	AN4.274-783	
an4.324	A-iv	1947	AN4.324	rāgapeyyāla	AN4.274-783	
an4.325	A-iv	1947	AN4.325	rāgapeyyāla	AN4.274-783	
an4.326	A-iv	1947	AN4.326	rāgapeyyāla	AN4.274-783	
an4.327	A-iv	1947	AN4.327	rāgapeyyāla	AN4.274-783	
an4.328	A-iv	1947	AN4.328	rāgapeyyāla	AN4.274-783	
an4.329	A-iv	1947	AN4.329	rāgapeyyāla	AN4.274-783	
an4.330	A-iv	1947	AN4.330	rāgapeyyāla	AN4.274-783	
an4.331	A-iv	1947	AN4.331	rāgapeyyāla	AN4.274-783	
an4.332	A-iv	1947	AN4.332	rāgapeyyāla	AN4.274-783	
an4.333	A-iv	1947	AN4.333	rāgapeyyāla	AN4.274-783	
an4.334	A-iv	1947	AN4.334	rāgapeyyāla	AN4.274-783	
an4.335	A-iv	1947	AN4.335	rāgapeyyāla	AN4.274-783	
an4.336	A-iv	1947	AN4.336	rāgapeyyāla	AN4.274-783	
an4.337	A-iv	1947	AN4.337	rāgapeyyāla	AN4.274-783	
an4.338	A-iv	1947	AN4.338	rāgapeyyāla	AN4.274-783	
an4.339	A-iv	1947	AN4.339	rāgapeyyāla	AN4.274-783	
an4.340	A-iv	1947	AN4.340	rāgapeyyāla	AN4.274-783	
an4.341	A-iv	1947	AN4.341	rāgapeyyāla	AN4.274-783	
an4.342	A-iv	1947	AN4.342	rāgapeyyāla	AN4.274-783	
an4.343	A-iv	1947	AN4.343	rāgapeyyāla	AN4.274-783	
an4.344	A-iv	1947	AN4.344	rāgapeyyāla	AN4.274-783	
an4.345	A-iv	1947	AN4.345	rāgapeyyāla	AN4.274-783	
an4.346	A-iv	1947	AN4.346	rāgapeyyāla	AN4.274-783	
an4.347	A-iv	1947	AN4.347	rāgapeyyāla	AN4.274-783	
an4.348	A-iv	1947	AN4.348	rāgapeyyāla	AN4.274-783	
an4.349	A-iv	1947	AN4.349	rāgapeyyāla	AN4.274-783	
an4.350	A-iv	1947	AN4.350	rāgapeyyāla	AN4.274-783	
an4.351	A-iv	1947	AN4.351	rāgapeyyāla	AN4.274-783	
an4.352	A-iv	1947	AN4.352	rāgapeyyāla	AN4.274-783	
an4.353	A-iv	1947	AN4.353	rāgapeyyāla	AN4.274-783	
an4.354	A-iv	1947	AN4.354	rāgapeyyāla	AN4.274-783	
an4.355	A-iv	1947	AN4.355	rāgapeyyāla	AN4.274-783	
an4.356	A-iv	1947	AN4.356	rāgapeyyāla	AN4.274-783	
an4.357	A-iv	1947	AN4.357	rāgapeyyāla	AN4.274-783	
an4.358	A-iv	1947	AN4.358	rāgapeyyāla	AN4.274-783	
an4.359	A-iv	1947	AN4.359	rāgapeyyāla	AN4.274-783	
an4.360	A-iv	1947	AN4.360	rāgapeyyāla	AN4.274-783	
an4.361	A-iv	1947	AN4.361	rāgapeyyāla	AN4.274-783	
an4.362	A-iv	1947	AN4.362	rāgapeyyāla	AN4.274-783	
an4.363	A-iv	1947	AN4.363	rāgapeyyāla	AN4.274-783	
an4.364	A-iv	1947	AN4.364	rāgapeyyāla	AN4.274-783	
an4.365	A-iv	1947	AN4.365	rāgapeyyāla	AN4.274-783	
an4.366	A-iv	1947	AN4.366	rāgapeyyāla	AN4.274-783	
an4.367	A-iv	1947	AN4.367	rāgapeyyāla	AN4.274-783	
an4.368	A-iv	1947	AN4.368	rāgapeyyāla	AN4.274-783	
an4.369	A-iv	1947	AN4.369	rāgapeyyāla	AN4.274-783	
an4.370	A-iv	1947	AN4.370	rāgapeyyāla	AN4.274-783	
an4.371	A-iv	1947	AN4.371	rāgapeyyāla	AN4.274-783	
an4.372	A-iv	1947	AN4.372	rāgapeyyāla	AN4.274-783	
an4.373	A-iv	1947	AN4.373	rāgapeyyāla	AN4.274-783	
an4.374	A-iv	1947	AN4.374	rāgapeyyāla	AN4.274-783	
an4.375	A-iv	1947	AN4.375	rāgapeyyāla	AN4.274-783	
an4.376	A-iv	1947	AN4.376	rāgapeyyāla	AN4.274-783	
an4.377	A-iv	1947	AN4.377	rāgapeyyāla	AN4.274-783	
an4.378	A-iv	1947	AN4.378	rāgapeyyāla	AN4.274-783	
an4.379	A-iv	1947	AN4.379	rāgapeyyāla	AN4.274-783	
an4.380	A-iv	1947	AN4.380	rāgapeyyāla	AN4.274-783	
an4.381	A-iv	1947	AN4.381	rāgapeyyāla	AN4.274-783	
an4.382	A-iv	1947	AN4.382	rāgapeyyāla	AN4.274-783	
an4.383	A-iv	1947	AN4.383	rāgapeyyāla	AN4.274-783	
an4.384	A-iv	1947	AN4.384	rāgapeyyāla	AN4.274-783	
an4.385	A-iv	1947	AN4.385	rāgapeyyāla	AN4.274-783	
an4.386	A-iv	1947	AN4.386	rāgapeyyāla	AN4.274-783	
an4.387	A-iv	1947	AN4.387	rāgapeyyāla	AN4.274-783	
an4.388	A-iv	1947	AN4.388	rāgapeyyāla	AN4.274-783	
an4.389	A-iv	1947	AN4.389	rāgapeyyāla	AN4.274-783	
an4.390	A-iv	1947	AN4.390	rāgapeyyāla	AN4.274-783	
an4.391	A-iv	1947	AN4.391	rāgapeyyāla	AN4.274-783	
an4.392	A-iv	1947	AN4.392	rāgapeyyāla	AN4.274-783	
an4.393	A-iv	1947	AN4.393	rāgapeyyāla	AN4.274-783	
an4.394	A-iv	1947	AN4.394	rāgapeyyāla	AN4.274-783	
an4.395	A-iv	1947	AN4.395	rāgapeyyāla	AN4.274-783	
an4.396	A-iv	1947	AN4.396	rāgapeyyāla	AN4.274-783	
an4.397	A-iv	1947	AN4.397	rāgapeyyāla	AN4.274-783	
an4.398	A-iv	1947	AN4.398	rāgapeyyāla	AN4.274-783	
an4.399	A-iv	1947	AN4.399	rāgapeyyāla	AN4.274-783	
an4.400	A-iv	1947	AN4.400	rāgapeyyāla	AN4.274-783	
an4.401	A-iv	1947	AN4.401	rāgapeyyāla	AN4.274-783	
an4.402	A-iv	1947	AN4.402	rāgapeyyāla	AN4.274-783	
an4.403	A-iv	1947	AN4.403	rāgapeyyāla	AN4.274-783	
an4.404	A-iv	1947	AN4.404	rāgapeyyāla	AN4.274-783	
an4.405	A-iv	1947	AN4.405	rāgapeyyāla	AN4.274-783	
an4.406	A-iv	1947	AN4.406	rāgapeyyāla	AN4.274-783	
an4.407	A-iv	1947	AN4.407	rāgapeyyāla	AN4.274-783	
an4.408	A-iv	1947	AN4.408	rāgapeyyāla	AN4.274-783	
an4.409	A-iv	1947	AN4.409	rāgapeyyāla	AN4.274-783	
an4.410	A-iv	1947	AN4.410	rāgapeyyāla	AN4.274-783	
an4.411	A-iv	1947	AN4.411	rāgapeyyāla	AN4.274-783	
an4.412	A-iv	1947	AN4.412	rāgapeyyāla	AN4.274-783	
an4.413	A-iv	1947	AN4.413	rāgapeyyāla	AN4.274-783	
an4.414	A-iv	1947	AN4.414	rāgapeyyāla	AN4.274-783	
an4.415	A-iv	1947	AN4.415	rāgapeyyāla	AN4.274-783	
an4.416	A-iv	1947	AN4.416	rāgapeyyāla	AN4.274-783	
an4.417	A-iv	1947	AN4.417	rāgapeyyāla	AN4.274-783	
an4.418	A-iv	1947	AN4.418	rāgapeyyāla	AN4.274-783	
an4.419	A-iv	1947	AN4.419	rāgapeyyāla	AN4.274-783	
an4.420	A-iv	1947	AN4.420	rāgapeyyāla	AN4.274-783	
an4.421	A-iv	1947	AN4.421	rāgapeyyāla	AN4.274-783	
an4.422	A-iv	1947	AN4.422	rāgapeyyāla	AN4.274-783	
an4.423	A-iv	1947	AN4.423	rāgapeyyāla	AN4.274-783	
an4.424	A-iv	1947	AN4.424	rāgapeyyāla	AN4.274-783	
an4.425	A-iv	1947	AN4.425	rāgapeyyāla	AN4.274-783	
an4.426	A-iv	1947	AN4.426	rāgapeyyāla	AN4.274-783	
an4.427	A-iv	1947	AN4.427	rāgapeyyāla	AN4.274-783	
an4.428	A-iv	1947	AN4.428	rāgapeyyāla	AN4.274-783	
an4.429	A-iv	1947	AN4.429	rāgapeyyāla	AN4.274-783	
an4.430	A-iv	1947	AN4.430	rāgapeyyāla	AN4.274-783	
an4.431	A-iv	1947	AN4.431	rāgapeyyāla	AN4.274-783	
an4.432	A-iv	1947	AN4.432	rāgapeyyāla	AN4.274-783	
an4.433	A-iv	1947	AN4.433	rāgapeyyāla	AN4.274-783	
an4.434	A-iv	1947	AN4.434	rāgapeyyāla	AN4.274-783	
an4.435	A-iv	1947	AN4.435	rāgapeyyāla	AN4.274-783	
an4.436	A-iv	1947	AN4.436	rāgapeyyāla	AN4.274-783	
an4.437	A-iv	1947	AN4.437	rāgapeyyāla	AN4.274-783	
an4.438	A-iv	1947	AN4.438	rāgapeyyāla	AN4.274-783	
an4.439	A-iv	1947	AN4.439	rāgapeyyāla	AN4.274-783	
an4.440	A-iv	1947	AN4.440	rāgapeyyāla	AN4.274-783	
an4.441	A-iv	1947	AN4.441	rāgapeyyāla	AN4.274-783	
an4.442	A-iv	1947	AN4.442	rāgapeyyāla	AN4.274-783	
an4.443	A-iv	1947	AN4.443	rāgapeyyāla	AN4.274-783	
an4.444	A-iv	1947	AN4.444	rāgapeyyāla	AN4.274-783	
an4.445	A-iv	1947	AN4.445	rāgapeyyāla	AN4.274-783	
an4.446	A-iv	1947	AN4.446	rāgapeyyāla	AN4.274-783	
an4.447	A-iv	1947	AN4.447	rāgapeyyāla	AN4.274-783	
an4.448	A-iv	1947	AN4.448	rāgapeyyāla	AN4.274-783	
an4.449	A-iv	1947	AN4.449	rāgapeyyāla	AN4.274-783	
an4.450	A-iv	1947	AN4.450	rāgapeyyāla	AN4.274-783	
an4.451	A-iv	1947	AN4.451	rāgapeyyāla	AN4.274-783	
an4.452	A-iv	1947	AN4.452	rāgapeyyāla	AN4.274-783	
an4.453	A-iv	1947	AN4.453	rāgapeyyāla	AN4.274-783	
an4.454	A-iv	1947	AN4.454	rāgapeyyāla	AN4.274-783	
an4.455	A-iv	1947	AN4.455	rāgapeyyāla	AN4.274-783	
an4.456	A-iv	1947	AN4.456	rāgapeyyāla	AN4.274-783	
an4.457	A-iv	1947	AN4.457	rāgapeyyāla	AN4.274-783	
an4.458	A-iv	1947	AN4.458	rāgapeyyāla	AN4.274-783	
an4.459	A-iv	1947	AN4.459	rāgapeyyāla	AN4.274-783	
an4.460	A-iv	1947	AN4.460	rāgapeyyāla	AN4.274-783	
an4.461	A-iv	1947	AN4.461	rāgapeyyāla	AN4.274-783	
an4.462	A-iv	1947	AN4.462	rāgapeyyāla	AN4.274-783	
an4.463	A-iv	1947	AN4.463	rāgapeyyāla	AN4.274-783	
an4.464	A-iv	1947	AN4.464	rāgapeyyāla	AN4.274-783	
an4.465	A-iv	1947	AN4.465	rāgapeyyāla	AN4.274-783	
an4.466	A-iv	1947	AN4.466	rāgapeyyāla	AN4.274-783	
an4.467	A-iv	1947	AN4.467	rāgapeyyāla	AN4.274-783	
an4.468	A-iv	1947	AN4.468	rāgapeyyāla	AN4.274-783	
an4.469	A-iv	1947	AN4.469	rāgapeyyāla	AN4.274-783	
an4.470	A-iv	1947	AN4.470	rāgapeyyāla	AN4.274-783	
an4.471	A-iv	1947	AN4.471	rāgapeyyāla	AN4.274-783	
an4.472	A-iv	1947	AN4.472	rāgapeyyāla	AN4.274-783	
an4.473	A-iv	1947	AN4.473	rāgapeyyāla	AN4.274-783	
an4.474	A-iv	1947	AN4.474	rāgapeyyāla	AN4.274-783	
an4.475	A-iv	1947	AN4.475	rāgapeyyāla	AN4.274-783	
an4.476	A-iv	1947	AN4.476	rāgapeyyāla	AN4.274-783	
an4.477	A-iv	1947	AN4.477	rāgapeyyāla	AN4.274-783	
an4.478	A-iv	1947	AN4.478	rāgapeyyāla	AN4.274-783	
an4.479	A-iv	1947	AN4.479	rāgapeyyāla	AN4.274-783	
an4.480	A-iv	1947	AN4.480	rāgapeyyāla	AN4.274-783	
an4.481	A-iv	1947	AN4.481	rāgapeyyāla	AN4.274-783	
an4.482	A-iv	1947	AN4.482	rāgapeyyāla	AN4.274-783	
an4.483	A-iv	1947	AN4.483	rāgapeyyāla	AN4.274-783	
an4.484	A-iv	1947	AN4.484	rāgapeyyāla	AN4.274-783	
an4.485	A-iv	1947	AN4.485	rāgapeyyāla	AN4.274-783	
an4.486	A-iv	1947	AN4.486	rāgapeyyāla	AN4.274-783	
an4.487	A-iv	1947	AN4.487	rāgapeyyāla	AN4.274-783	
an4.488	A-iv	1947	AN4.488	rāgapeyyāla	AN4.274-783	
an4.489	A-iv	1947	AN4.489	rāgapeyyāla	AN4.274-783	
an4.490	A-iv	1947	AN4.490	rāgapeyyāla	AN4.274-783	
an4.491	A-iv	1947	AN4.491	rāgapeyyāla	AN4.274-783	
an4.492	A-iv	1947	AN4.492	rāgapeyyāla	AN4.274-783	
an4.493	A-iv	1947	AN4.493	rāgapeyyāla	AN4.274-783	
an4.494	A-iv	1947	AN4.494	rāgapeyyāla	AN4.274-783	
an4.495	A-iv	1947	AN4.495	rāgapeyyāla	AN4.274-783	
an4.496	A-iv	1947	AN4.496	rāgapeyyāla	AN4.274-783	
an4.497	A-iv	1947	AN4.497	rāgapeyyāla	AN4.274-783	
an4.498	A-iv	1947	AN4.498	rāgapeyyāla	AN4.274-783	
an4.499	A-iv	1947	AN4.499	rāgapeyyāla	AN4.274-783	
an4.500	A-iv	1947	AN4.500	rāgapeyyāla	AN4.274-783	
an4.501	A-iv	1947	AN4.501	rāgapeyyāla	AN4.274-783	
an4.502	A-iv	1947	AN4.502	rāgapeyyāla	AN4.274-783	
an4.503	A-iv	1947	AN4.503	rāgapeyyāla	AN4.274-783	
an4.504	A-iv	1947	AN4.504	rāgapeyyāla	AN4.274-783	
an4.505	A-iv	1947	AN4.505	rāgapeyyāla	AN4.274-783	
an4.506	A-iv	1947	AN4.506	rāgapeyyāla	AN4.274-783	
an4.507	A-iv	1947	AN4.507	rāgapeyyāla	AN4.274-783	
an4.508	A-iv	1947	AN4.508	rāgapeyyāla	AN4.274-783	
an4.509	A-iv	1947	AN4.509	rāgapeyyāla	AN4.274-783	
an4.510	A-iv	1947	AN4.510	rāgapeyyāla	AN4.274-783	
an4.511	A-iv	1947	AN4.511	rāgapeyyāla	AN4.274-783	
an4.512	A-iv	1947	AN4.512	rāgapeyyāla	AN4.274-783	
an4.513	A-iv	1947	AN4.513	rāgapeyyāla	AN4.274-783	
an4.514	A-iv	1947	AN4.514	rāgapeyyāla	AN4.274-783	
an4.515	A-iv	1947	AN4.515	rāgapeyyāla	AN4.274-783	
an4.516	A-iv	1947	AN4.516	rāgapeyyāla	AN4.274-783	
an4.517	A-iv	1947	AN4.517	rāgapeyyāla	AN4.274-783	
an4.518	A-iv	1947	AN4.518	rāgapeyyāla	AN4.274-783	
an4.519	A-iv	1947	AN4.519	rāgapeyyāla	AN4.274-783	
an4.520	A-iv	1947	AN4.520	rāgapeyyāla	AN4.274-783	
an4.521	A-iv	1947	AN4.521	rāgapeyyāla	AN4.274-783	
an4.522	A-iv	1947	AN4.522	rāgapeyyāla	AN4.274-783	
an4.523	A-iv	1947	AN4.523	rāgapeyyāla	AN4.274-783	
an4.524	A-iv	1947	AN4.524	rāgapeyyāla	AN4.274-783	
an4.525	A-iv	1947	AN4.525	rāgapeyyāla	AN4.274-783	
an4.526	A-iv	1947	AN4.526	rāgapeyyāla	AN4.274-783	
an4.527	A-iv	1947	AN4.527	rāgapeyyāla	AN4.274-783	
an4.528	A-iv	1947	AN4.528	rāgapeyyāla	AN4.274-783	
an4.529	A-iv	1947	AN4.529	rāgapeyyāla	AN4.274-783	
an4.530	A-iv	1947	AN4.530	rāgapeyyāla	AN4.274-783	
an4.531	A-iv	1947	AN4.531	rāgapeyyāla	AN4.274-783	
an4.532	A-iv	1947	AN4.532	rāgapeyyāla	AN4.274-783	
an4.533	A-iv	1947	AN4.533	rāgapeyyāla	AN4.274-783	
an4.534	A-iv	1947	AN4.534	rāgapeyyāla	AN4.274-783	
an4.535	A-iv	1947	AN4.535	rāgapeyyāla	AN4.274-783	
an4.536	A-iv	1947	AN4.536	rāgapeyyāla	AN4.274-783	
an4.537	A-iv	1947	AN4.537	rāgapeyyāla	AN4.274-783	
an4.538	A-iv	1947	AN4.538	rāgapeyyāla	AN4.274-783	
an4.539	A-iv	1947	AN4.539	rāgapeyyāla	AN4.274-783	
an4.540	A-iv	1947	AN4.540	rāgapeyyāla	AN4.274-783	
an4.541	A-iv	1947	AN4.541	rāgapeyyāla	AN4.274-783	
an4.542	A-iv	1947	AN4.542	rāgapeyyāla	AN4.274-783	
an4.543	A-iv	1947	AN4.543	rāgapeyyāla	AN4.274-783	
an4.544	A-iv	1947	AN4.544	rāgapeyyāla	AN4.274-783	
an4.545	A-iv	1947	AN4.545	rāgapeyyāla	AN4.274-783	
an4.546	A-iv	1947	AN4.546	rāgapeyyāla	AN4.274-783	
an4.547	A-iv	1947	AN4.547	rāgapeyyāla	AN4.274-783	
an4.548	A-iv	1947	AN4.548	rāgapeyyāla	AN4.274-783	
an4.549	A-iv	1947	AN4.549	rāgapeyyāla	AN4.274-783	
an4.550	A-iv	1947	AN4.550	rāgapeyyāla	AN4.274-783	
an4.551	A-iv	1947	AN4.551	rāgapeyyāla	AN4.274-783	
an4.552	A-iv	1947	AN4.552	rāgapeyyāla	AN4.274-783	
an4.553	A-iv	1947	AN4.553	rāgapeyyāla	AN4.274-783	
an4.554	A-iv	1947	AN4.554	rāgapeyyāla	AN4.274-783	
an4.555	A-iv	1947	AN4.555	rāgapeyyāla	AN4.274-783	
an4.556	A-iv	1947	AN4.556	rāgapeyyāla	AN4.274-783	
an4.557	A-iv	1947	AN4.557	rāgapeyyāla	AN4.274-783	
an4.558	A-iv	1947	AN4.558	rāgapeyyāla	AN4.274-783	
an4.559	A-iv	1947	AN4.559	rāgapeyyāla	AN4.274-783	
an4.560	A-iv	1947	AN4.560	rāgapeyyāla	AN4.274-783	
an4.561	A-iv	1947	AN4.561	rāgapeyyāla	AN4.274-783	
an4.562	A-iv	1947	AN4.562	rāgapeyyāla	AN4.274-783	
an4.563	A-iv	1947	AN4.563	rāgapeyyāla	AN4.274-783	
an4.564	A-iv	1947	AN4.564	rāgapeyyāla	AN4.274-783	
an4.565	A-iv	1947	AN4.565	rāgapeyyāla	AN4.274-783	
an4.566	A-iv	1947	AN4.566	rāgapeyyāla	AN4.274-783	
an4.567	A-iv	1947	AN4.567	rāgapeyyāla	AN4.274-783	
an4.568	A-iv	1947	AN4.568	rāgapeyyāla	AN4.274-783	
an4.569	A-iv	1947	AN4.569	rāgapeyyāla	AN4.274-783	
an4.570	A-iv	1947	AN4.570	rāgapeyyāla	AN4.274-783	
an4.571	A-iv	1947	AN4.571	rāgapeyyāla	AN4.274-783	
an4.572	A-iv	1947	AN4.572	rāgapeyyāla	AN4.274-783	
an4.573	A-iv	1947	AN4.573	rāgapeyyāla	AN4.274-783	
an4.574	A-iv	1947	AN4.574	rāgapeyyāla	AN4.274-783	
an4.575	A-iv	1947	AN4.575	rāgapeyyāla	AN4.274-783	
an4.576	A-iv	1947	AN4.576	rāgapeyyāla	AN4.274-783	
an4.577	A-iv	1947	AN4.577	rāgapeyyāla	AN4.274-783	
an4.578	A-iv	1947	AN4.578	rāgapeyyāla	AN4.274-783	
an4.579	A-iv	1947	AN4.579	rāgapeyyāla	AN4.274-783	
an4.580	A-iv	1947	AN4.580	rāgapeyyāla	AN4.274-783	
an4.581	A-iv	1947	AN4.581	rāgapeyyāla	AN4.274-783	
an4.582	A-iv	1947	AN4.582	rāgapeyyāla	AN4.274-783	
an4.583	A-iv	1947	AN4.583	rāgapeyyāla	AN4.274-783	
an4.584	A-iv	1947	AN4.584	rāgapeyyāla	AN4.274-783	
an4.585	A-iv	1947	AN4.585	rāgapeyyāla	AN4.274-783	
an4.586	A-iv	1947	AN4.586	rāgapeyyāla	AN4.274-783	
an4.587	A-iv	1947	AN4.587	rāgapeyyāla	AN4.274-783	
an4.588	A-iv	1947	AN4.588	rāgapeyyāla	AN4.274-783	
an4.589	A-iv	1947	AN4.589	rāgapeyyāla	AN4.274-783	
an4.590	A-iv	1947	AN4.590	rāgapeyyāla	AN4.274-783	
an4.591	A-iv	1947	AN4.591	rāgapeyyāla	AN4.274-783	
an4.592	A-iv	1947	AN4.592	rāgapeyyāla	AN4.274-783	
an4.593	A-iv	1947	AN4.593	rāgapeyyāla	AN4.274-783	
an4.594	A-iv	1947	AN4.594	rāgapeyyāla	AN4.274-783	
an4.595	A-iv	1947	AN4.595	rāgapeyyāla	AN4.274-783	
an4.596	A-iv	1947	AN4.596	rāgapeyyāla	AN4.274-783	
an4.597	A-iv	1947	AN4.597	rāgapeyyāla	AN4.274-783	
an4.598	A-iv	1947	AN4.598	rāgapeyyāla	AN4.274-783	
an4.599	A-iv	1947	AN4.599	rāgapeyyāla	AN4.274-783	
an4.600	A-iv	1947	AN4.600	rāgapeyyāla	AN4.274-783	
an4.601	A-iv	1947	AN4.601	rāgapeyyāla	AN4.274-783	
an4.602	A-iv	1947	AN4.602	rāgapeyyāla	AN4.274-783	
an4.603	A-iv	1947	AN4.603	rāgapeyyāla	AN4.274-783	
an4.604	A-iv	1947	AN4.604	rāgapeyyāla	AN4.274-783	
an4.605	A-iv	1947	AN4.605	rāgapeyyāla	AN4.274-783	
an4.606	A-iv	1947	AN4.606	rāgapeyyāla	AN4.274-783	
an4.607	A-iv	1947	AN4.607	rāgapeyyāla	AN4.274-783	
an4.608	A-iv	1947	AN4.608	rāgapeyyāla	AN4.274-783	
an4.609	A-iv	1947	AN4.609	rāgapeyyāla	AN4.274-783	
an4.610	A-iv	1947	AN4.610	rāgapeyyāla	AN4.274-783	
an4.611	A-iv	1947	AN4.611	rāgapeyyāla	AN4.274-783	
an4.612	A-iv	1947	AN4.612	rāgapeyyāla	AN4.274-783	
an4.613	A-iv	1947	AN4.613	rāgapeyyāla	AN4.274-783	
an4.614	A-iv	1947	AN4.614	rāgapeyyāla	AN4.274-783	
an4.615	A-iv	1947	AN4.615	rāgapeyyāla	AN4.274-783	
an4.616	A-iv	1947	AN4.616	rāgapeyyāla	AN4.274-783	
an4.617	A-iv	1947	AN4.617	rāgapeyyāla	AN4.274-783	
an4.618	A-iv	1947	AN4.618	rāgapeyyāla	AN4.274-783	
an4.619	A-iv	1947	AN4.619	rāgapeyyāla	AN4.274-783	
an4.620	A-iv	1947	AN4.620	rāgapeyyāla	AN4.274-783	
an4.621	A-iv	1947	AN4.621	rāgapeyyāla	AN4.274-783	
an4.622	A-iv	1947	AN4.622	rāgapeyyāla	AN4.274-783	
an4.623	A-iv	1947	AN4.623	rāgapeyyāla	AN4.274-783	
an4.624	A-iv	1947	AN4.624	rāgapeyyāla	AN4.274-783	
an4.625	A-iv	1947	AN4.625	rāgapeyyāla	AN4.274-783	
an4.626	A-iv	1947	AN4.626	rāgapeyyāla	AN4.274-783	
an4.627	A-iv	1947	AN4.627	rāgapeyyāla	AN4.274-783	
an4.628	A-iv	1947	AN4.628	rāgapeyyāla	AN4.274-783	
an4.629	A-iv	1947	AN4.629	rāgapeyyāla	AN4.274-783	
an4.630	A-iv	1947	AN4.630	rāgapeyyāla	AN4.274-783	
an4.631	A-iv	1947	AN4.631	rāgapeyyāla	AN4.274-783	
an4.632	A-iv	1947	AN4.632	rāgapeyyāla	AN4.274-783	
an4.633	A-iv	1947	AN4.633	rāgapeyyāla	AN4.274-783	
an4.634	A-iv	1947	AN4.634	rāgapeyyāla	AN4.274-783	
an4.635	A-iv	1947	AN4.635	rāgapeyyāla	AN4.274-783	
an4.636	A-iv	1947	AN4.636	rāgapeyyāla	AN4.274-783	
an4.637	A-iv	1947	AN4.637	rāgapeyyāla	AN4.274-783	
an4.638	A-iv	1947	AN4.638	rāgapeyyāla	AN4.274-783	
an4.639	A-iv	1947	AN4.639	rāgapeyyāla	AN4.274-783	
an4.640	A-iv	1947	AN4.640	rāgapeyyāla	AN4.274-783	
an4.641	A-iv	1947	AN4.641	rāgapeyyāla	AN4.274-783	
an4.642	A-iv	1947	AN4.642	rāgapeyyāla	AN4.274-783	
an4.643	A-iv	1947	AN4.643	rāgapeyyāla	AN4.274-783	
an4.644	A-iv	1947	AN4.644	rāgapeyyāla	AN4.274-783	
an4.645	A-iv	1947	AN4.645	rāgapeyyāla	AN4.274-783	
an4.646	A-iv	1947	AN4.646	rāgapeyyāla	AN4.274-783	
an4.647	A-iv	1947	AN4.647	rāgapeyyāla	AN4.274-783	
an4.648	A-iv	1947	AN4.648	rāgapeyyāla	AN4.274-783	
an4.649	A-iv	1947	AN4.649	rāgapeyyāla	AN4.274-783	
an4.650	A-iv	1947	AN4.650	rāgapeyyāla	AN4.274-783	
an4.651	A-iv	1947	AN4.651	rāgapeyyāla	AN4.274-783	
an4.652	A-iv	1947	AN4.652	rāgapeyyāla	AN4.274-783	
an4.653	A-iv	1947	AN4.653	rāgapeyyāla	AN4.274-783	
an4.654	A-iv	1947	AN4.654	rāgapeyyāla	AN4.274-783	
an4.655	A-iv	1947	AN4.655	rāgapeyyāla	AN4.274-783	
an4.656	A-iv	1947	AN4.656	rāgapeyyāla	AN4.274-783	
an4.657	A-iv	1947	AN4.657	rāgapeyyāla	AN4.274-783	
an4.658	A-iv	1947	AN4.658	rāgapeyyāla	AN4.274-783	
an4.659	A-iv	1947	AN4.659	rāgapeyyāla	AN4.274-783	
an4.660	A-iv	1947	AN4.660	rāgapeyyāla	AN4.274-783	
an4.661	A-iv	1947	AN4.661	rāgapeyyāla	AN4.274-783	
an4.662	A-iv	1947	AN4.662	rāgapeyyāla	AN4.274-783	
an4.663	A-iv	1947	AN4.663	rāgapeyyāla	AN4.274-783	
an4.664	A-iv	1947	AN4.664	rāgapeyyāla	AN4.274-783	
an4.665	A-iv	1947	AN4.665	rāgapeyyāla	AN4.274-783	
an4.666	A-iv	1947	AN4.666	rāgapeyyāla	AN4.274-783	
an4.667	A-iv	1947	AN4.667	rāgapeyyāla	AN4.274-783	
an4.668	A-iv	1947	AN4.668	rāgapeyyāla	AN4.274-783	
an4.669	A-iv	1947	AN4.669	rāgapeyyāla	AN4.274-783	
an4.670	A-iv	1947	AN4.670	rāgapeyyāla	AN4.274-783	
an4.671	A-iv	1947	AN4.671	rāgapeyyāla	AN4.274-783	
an4.672	A-iv	1947	AN4.672	rāgapeyyāla	AN4.274-783	
an4.673	A-iv	1947	AN4.673	rāgapeyyāla	AN4.274-783	
an4.674	A-iv	1947	AN4.674	rāgapeyyāla	AN4.274-783	
an4.675	A-iv	1947	AN4.675	rāgapeyyāla	AN4.274-783	
an4.676	A-iv	1947	AN4.676	rāgapeyyāla	AN4.274-783	
an4.677	A-iv	1947	AN4.677	rāgapeyyāla	AN4.274-783	
an4.678	A-iv	1947	AN4.678	rāgapeyyāla	AN4.274-783	
an4.679	A-iv	1947	AN4.679	rāgapeyyāla	AN4.274-783	
an4.680	A-iv	1947	AN4.680	rāgapeyyāla	AN4.274-783	
an4.681	A-iv	1947	AN4.681	rāgapeyyāla	AN4.274-783	
an4.682	A-iv	1947	AN4.682	rāgapeyyāla	AN4.274-783	
an4.683	A-iv	1947	AN4.683	rāgapeyyāla	AN4.274-783	
an4.684	A-iv	1947	AN4.684	rāgapeyyāla	AN4.274-783	
an4.685	A-iv	1947	AN4.685	rāgapeyyāla	AN4.274-783	
an4.686	A-iv	1947	AN4.686	rāgapeyyāla	AN4.274-783	
an4.687	A-iv	1947	AN4.687	rāgapeyyāla	AN4.274-783	
an4.688	A-iv	1947	AN4.688	rāgapeyyāla	AN4.274-783	
an4.689	A-iv	1947	AN4.689	rāgapeyyāla	AN4.274-783	
an4.690	A-iv	1947	AN4.690	rāgapeyyāla	AN4.274-783	
an4.691	A-iv	1947	AN4.691	rāgapeyyāla	AN4.274-783	
an4.692	A-iv	1947	AN4.692	rāgapeyyāla	AN4.274-783	
an4.693	A-iv	1947	AN4.693	rāgapeyyāla	AN4.274-783	
an4.694	A-iv	1947	AN4.694	rāgapeyyāla	AN4.274-783	
an4.695	A-iv	1947	AN4.695	rāgapeyyāla	AN4.274-783	
an4.696	A-iv	1947	AN4.696	rāgapeyyāla	AN4.274-783	
an4.697	A-iv	1947	AN4.697	rāgapeyyāla	AN4.274-783	
an4.698	A-iv	1947	AN4.698	rāgapeyyāla	AN4.274-783	
an4.699	A-iv	1947	AN4.699	rāgapeyyāla	AN4.274-783	
an4.700	A-iv	1947	AN4.700	rāgapeyyāla	AN4.274-783	
an4.701	A-iv	1947	AN4.701	rāgapeyyāla	AN4.274-783	
an4.702	A-iv	1947	AN4.702	rāgapeyyāla	AN4.274-783	
an4.703	A-iv	1947	AN4.703	rāgapeyyāla	AN4.274-783	
an4.704	A-iv	1947	AN4.704	rāgapeyyāla	AN4.274-783	
an4.705	A-iv	1947	AN4.705	rāgapeyyāla	AN4.274-783	
an4.706	A-iv	1947	AN4.706	rāgapeyyāla	AN4.274-783	
an4.707	A-iv	1947	AN4.707	rāgapeyyāla	AN4.274-783	
an4.708	A-iv	1947	AN4.708	rāgapeyyāla	AN4.274-783	
an4.709	A-iv	1947	AN4.709	rāgapeyyāla	AN4.274-783	
an4.710	A-iv	1947	AN4.710	rāgapeyyāla	AN4.274-783	
an4.711	A-iv	1947	AN4.711	rāgapeyyāla	AN4.274-783	
an4.712	A-iv	1947	AN4.712	rāgapeyyāla	AN4.274-783	
an4.713	A-iv	1947	AN4.713	rāgapeyyāla	AN4.274-783	
an4.714	A-iv	1947	AN4.714	rāgapeyyāla	AN4.274-783	
an4.715	A-iv	1947	AN4.715	rāgapeyyāla	AN4.274-783	
an4.716	A-iv	1947	AN4.716	rāgapeyyāla	AN4.274-783	
an4.717	A-iv	1947	AN4.717	rāgapeyyāla	AN4.274-783	
an4.718	A-iv	1947	AN4.718	rāgapeyyāla	AN4.274-783	
an4.719	A-iv	1947	AN4.719	rāgapeyyāla	AN4.274-783	
an4.720	A-iv	1947	AN4.720	rāgapeyyāla	AN4.274-783	
an4.721	A-iv	1947	AN4.721	rāgapeyyāla	AN4.274-783	
an4.722	A-iv	1947	AN4.722	rāgapeyyāla	AN4.274-783	
an4.723	A-iv	1947	AN4.723	rāgapeyyāla	AN4.274-783	
an4.724	A-iv	1947	AN4.724	rāgapeyyāla	AN4.274-783	
an4.725	A-iv	1947	AN4.725	rāgapeyyāla	AN4.274-783	
an4.726	A-iv	1947	AN4.726	rāgapeyyāla	AN4.274-783	
an4.727	A-iv	1947	AN4.727	rāgapeyyāla	AN4.274-783	
an4.728	A-iv	1947	AN4.728	rāgapeyyāla	AN4.274-783	
an4.729	A-iv	1947	AN4.729	rāgapeyyāla	AN4.274-783	
an4.730	A-iv	1947	AN4.730	rāgapeyyāla	AN4.274-783	
an4.731	A-iv	1947	AN4.731	rāgapeyyāla	AN4.274-783	
an4.732	A-iv	1947	AN4.732	rāgapeyyāla	AN4.274-783	
an4.733	A-iv	1947	AN4.733	rāgapeyyāla	AN4.274-783	
an4.734	A-iv	1947	AN4.734	rāgapeyyāla	AN4.274-783	
an4.735	A-iv	1947	AN4.735	rāgapeyyāla	AN4.274-783	
an4.736	A-iv	1947	AN4.736	rāgapeyyāla	AN4.274-783	
an4.737	A-iv	1947	AN4.737	rāgapeyyāla	AN4.274-783	
an4.738	A-iv	1947	AN4.738	rāgapeyyāla	AN4.274-783	
an4.739	A-iv	1947	AN4.739	rāgapeyyāla	AN4.274-783	
an4.740	A-iv	1947	AN4.740	rāgapeyyāla	AN4.274-783	
an4.741	A-iv	1947	AN4.741	rāgapeyyāla	AN4.274-783	
an4.742	A-iv	1947	AN4.742	rāgapeyyāla	AN4.274-783	
an4.743	A-iv	1947	AN4.743	rāgapeyyāla	AN4.274-783	
an4.744	A-iv	1947	AN4.744	rāgapeyyāla	AN4.274-783	
an4.745	A-iv	1947	AN4.745	rāgapeyyāla	AN4.274-783	
an4.746	A-iv	1947	AN4.746	rāgapeyyāla	AN4.274-783	
an4.747	A-iv	1947	AN4.747	rāgapeyyāla	AN4.274-783	
an4.748	A-iv	1947	AN4.748	rāgapeyyāla	AN4.274-783	
an4.749	A-iv	1947	AN4.749	rāgapeyyāla	AN4.274-783	
an4.750	A-iv	1947	AN4.750	rāgapeyyāla	AN4.274-783	
an4.751	A-iv	1947	AN4.751	rāgapeyyāla	AN4.274-783	
an4.752	A-iv	1947	AN4.752	rāgapeyyāla	AN4.274-783	
an4.753	A-iv	1947	AN4.753	rāgapeyyāla	AN4.274-783	
an4.754	A-iv	1947	AN4.754	rāgapeyyāla	AN4.274-783	
an4.755	A-iv	1947	AN4.755	rāgapeyyāla	AN4.274-783	
an4.756	A-iv	1947	AN4.756	rāgapeyyāla	AN4.274-783	
an4.757	A-iv	1947	AN4.757	rāgapeyyāla	AN4.274-783	
an4.758	A-iv	1947	AN4.758	rāgapeyyāla	AN4.274-783	
an4.759	A-iv	1947	AN4.759	rāgapeyyāla	AN4.274-783	
an4.760	A-iv	1947	AN4.760	rāgapeyyāla	AN4.274-783	
an4.761	A-iv	1947	AN4.761	rāgapeyyāla	AN4.274-783	
an4.762	A-iv	1947	AN4.762	rāgapeyyāla	AN4.274-783	
an4.763	A-iv	1947	AN4.763	rāgapeyyāla	AN4.274-783	
an4.764	A-iv	1947	AN4.764	rāgapeyyāla	AN4.274-783	
an4.765	A-iv	1947	AN4.765	rāgapeyyāla	AN4.274-783	
an4.766	A-iv	1947	AN4.766	rāgapeyyāla	AN4.274-783	
an4.767	A-iv	1947	AN4.767	rāgapeyyāla	AN4.274-783	
an4.768	A-iv	1947	AN4.768	rāgapeyyāla	AN4.274-783	
an4.769	A-iv	1947	AN4.769	rāgapeyyāla	AN4.274-783	
an4.770	A-iv	1947	AN4.770	rāgapeyyāla	AN4.274-783	
an4.771	A-iv	1947	AN4.771	rāgapeyyāla	AN4.274-783	
an4.772	A-iv	1947	AN4.772	rāgapeyyāla	AN4.274-783	
an4.773	A-iv	1947	AN4.773	rāgapeyyāla	AN4.274-783	
an4.774	A-iv	1947	AN4.774	rāgapeyyāla	AN4.274-783	
an4.775	A-iv	1947	AN4.775	rāgapeyyāla	AN4.274-783	
an4.776	A-iv	1947	AN4.776	rāgapeyyāla	AN4.274-783	
an4.777	A-iv	1947	AN4.777	rāgapeyyāla	AN4.274-783	
an4.778	A-iv	1947	AN4.778	rāgapeyyāla	AN4.274-783	
an4.779	A-iv	1947	AN4.779	rāgapeyyāla	AN4.274-783	
an4.780	A-iv	1947	AN4.780	rāgapeyyāla	AN4.274-783	
an4.781	A-iv	1947	AN4.781	rāgapeyyāla	AN4.274-783	
an4.782	A-iv	1947	AN4.782	rāgapeyyāla	AN4.274-783	
an4.783	A-iv	1947	AN4.783	rāgapeyyāla	AN4.274-783	
an5	A-v	3	AN5	pañcakanipātapāḷi		
an5.1	A-v	3	AN5.1	saṃkhittasutta		
an5.1-10	A-v	3	AN5.1-10	sekhabalavagga		
an5.2	A-v	10	AN5.2	vitthatasutta		
an5.3	A-v	17	AN5.3	dukkhasutta		
an5.4	A-v	20	AN5.4	yathābhatasutta		
an5.5	A-v	23	AN5.5	sikkhāsutta		
an5.6	A-v	26	AN5.6	samāpattisutta		
an5.7	A-v	32	AN5.7	kāmasutta		
an5.8	A-v	35	AN5.8	cavanasutta		
an5.9	A-v	38	AN5.9	paṭhamaagāravasutta		
an5.10	A-v	41	AN5.10	dutiyaagāravasutta		
an5.11	A-v	48	AN5.11	ananussutasutta		
an5.11-20	A-v	48	AN5.11-20	balavagga		
an5.12	A-v	51	AN5.12	kūṭasutta		
an5.13	A-v	55	AN5.13	saṃkhittasutta		
an5.14	A-v	57	AN5.14	vitthatasutta		
an5.15	A-v	64	AN5.15	daṭṭhabbasutta		
an5.16	A-v	66	AN5.16	punakūṭasutta		
an5.17	A-v	68	AN5.17	paṭhamahitasutta		
an5.18	A-v	70	AN5.18	dutiyahitasutta		
an5.19	A-v	72	AN5.19	tatiyahitasutta		
an5.20	A-v	74	AN5.20	catutthahitasutta		
an5.21	A-v	80	AN5.21	paṭhamaagāravasutta		
an5.21-30	A-v	80	AN5.21-30	pañcaṅgikavagga		
an5.22	A-v	84	AN5.22	dutiyaagāravasutta		
an5.23	A-v	87	AN5.23	upakkilesasutta		
an5.24	A-v	96	AN5.24	dussīlasutta		
an5.25	A-v	99	AN5.25	anuggahitasutta		
an5.26	A-v	102	AN5.26	vimuttāyatanasutta		
an5.27	A-v	110	AN5.27	samādhisutta		
an5.28	A-v	113	AN5.28	pañcaṅgikasutta		
an5.29	A-v	129	AN5.29	caṅkamasutta		
an5.30	A-v	131	AN5.30	nāgitasutta		
an5.31	A-v	140	AN5.31	sumanasutta		
an5.31-40	A-v	140	AN5.31-40	sumanavagga		
an5.32	A-v	160	AN5.32	cundīsutta		
an5.33	A-v	176	AN5.33	uggahasutta		
an5.34	A-v	193	AN5.34	sīhasenāpatisutta		
an5.35	A-v	215	AN5.35	dānānisaṃsasutta		
an5.36	A-v	221	AN5.36	kāladānasutta		
an5.37	A-v	230	AN5.37	bhojanasutta		
an5.38	A-v	236	AN5.38	saddhasutta		
an5.39	A-v	249	AN5.39	puttasutta		
an5.40	A-v	261	AN5.40	mahāsālaputtasutta		
an5.41	A-v	276	AN5.41	ādiyasutta		
an5.41-50	A-v	276	AN5.41-50	muṇḍarājavagga		
an5.42	A-v	291	AN5.42	sappurisasutta		
an5.43	A-v	299	AN5.43	iṭṭhasutta		
an5.44	A-v	314	AN5.44	manāpadāyīsutta		
an5.45	A-v	338	AN5.45	puññābhisandasutta		
an5.46	A-v	353	AN5.46	sampadāsutta		
an5.47	A-v	355	AN5.47	dhanasutta		
an5.48	A-v	368	AN5.48	alabbhanīyaṭhānasutta		
an5.49	A-v	391	AN5.49	kosalasutta		
an5.50	A-v	395	AN5.50	nāradasutta		
an5.51	A-v	432	AN5.51	āvaraṇasutta		
an5.51-60	A-v	432	AN5.51-60	nīvaraṇavagga		
an5.52	A-v	439	AN5.52	akusalarāsisutta		
an5.53	A-v	441	AN5.53	padhāniyaṅgasutta		
an5.54	A-v	443	AN5.54	samayasutta		
an5.55	A-v	454	AN5.55	mātāputtasutta		
an5.56	A-v	472	AN5.56	upajjhāyasutta		
an5.57	A-v	479	AN5.57	abhiṇhapaccavekkhitabbaṭhānasutta		
an5.58	A-v	501	AN5.58	licchavikumārakasutta		
an5.59	A-v	521	AN5.59	paṭhamavuḍḍhapabbajitasutta		
an5.60	A-v	523	AN5.60	dutiyavuḍḍhapabbajitasutta		
an5.61	A-v	529	AN5.61	paṭhamasaññāsutta		
an5.61-70	A-v	529	AN5.61-70	saññāvagga		
an5.62	A-v	532	AN5.62	dutiyasaññāsutta		
an5.63	A-v	534	AN5.63	paṭhamavaḍḍhisutta		
an5.64	A-v	540	AN5.64	dutiyavaḍḍhisutta		
an5.65	A-v	546	AN5.65	sākacchasutta		
an5.66	A-v	548	AN5.66	sājīvasutta		
an5.67	A-v	550	AN5.67	paṭhamaiddhipādasutta		
an5.68	A-v	553	AN5.68	dutiyaiddhipādasutta		
an5.69	A-v	557	AN5.69	nibbidāsutta		
an5.70	A-v	560	AN5.70	āsavakkhayasutta		
an5.71	A-v	566	AN5.71	paṭhamacetovimuttiphalasutta		
an5.71-80	A-v	566	AN5.71-80	yodhājīvavagga		
an5.72	A-v	575	AN5.72	dutiyacetovimuttiphalasutta		
an5.73	A-v	582	AN5.73	paṭhamadhammavihārīsutta		
an5.74	A-v	590	AN5.74	dutiyadhammavihārīsutta		
an5.75	A-v	598	AN5.75	paṭhamayodhājīvasutta		
an5.76	A-v	616	AN5.76	dutiyayodhājīvasutta		
an5.77	A-v	637	AN5.77	paṭhamaanāgatabhayasutta		
an5.78	A-v	645	AN5.78	dutiyaanāgatabhayasutta		
an5.79	A-v	652	AN5.79	tatiyaanāgatabhayasutta		
an5.80	A-v	659	AN5.80	catutthaanāgatabhayasutta		
an5.81	A-v	671	AN5.81	rajanīyasutta		
an5.81-90	A-v	671	AN5.81-90	theravagga		
an5.82	A-v	675	AN5.82	vītarāgasutta		
an5.83	A-v	678	AN5.83	kuhakasutta		
an5.84	A-v	681	AN5.84	assaddhasutta		
an5.85	A-v	684	AN5.85	akkhamasutta		
an5.86	A-v	687	AN5.86	paṭisambhidāpattasutta		
an5.87	A-v	689	AN5.87	sīlavantasutta		
an5.88	A-v	691	AN5.88	therasutta		
an5.89	A-v	696	AN5.89	paṭhamasekhasutta		
an5.90	A-v	699	AN5.90	dutiyasekhasutta		
an5.91	A-v	714	AN5.91	paṭhamasampadāsutta		
an5.91-100	A-v	714	AN5.91-100	kakudhavagga		
an5.92	A-v	717	AN5.92	dutiyasampadāsutta		
an5.93	A-v	719	AN5.93	byākaraṇasutta		
an5.94	A-v	721	AN5.94	phāsuvihārasutta		
an5.95	A-v	723	AN5.95	akuppasutta		
an5.96	A-v	725	AN5.96	sutadharasutta		
an5.97	A-v	727	AN5.97	kathāsutta		
an5.98	A-v	729	AN5.98	āraññakasutta		
an5.99	A-v	731	AN5.99	sīhasutta		
an5.100	A-v	734	AN5.100	kakudhatherasutta		
an5.101	A-v	751	AN5.101	sārajjasutta		
an5.101-110	A-v	751	AN5.101-110	phāsuvihāravagga		
an5.102	A-v	760	AN5.102	ussaṅkitasutta		
an5.103	A-v	764	AN5.103	mahācorasutta		
an5.104	A-v	779	AN5.104	samaṇasukhumālasutta		
an5.105	A-v	784	AN5.105	phāsuvihārasutta		
an5.106	A-v	786	AN5.106	ānandasutta		
an5.107	A-v	794	AN5.107	sīlasutta		
an5.108	A-v	798	AN5.108	asekhasutta		
an5.109	A-v	801	AN5.109	cātuddisasutta		
an5.110	A-v	803	AN5.110	araññasutta		
an5.111	A-v	809	AN5.111	kulūpakasutta		
an5.111-120	A-v	809	AN5.111-120	andhakavindavagga		
an5.112	A-v	813	AN5.112	pacchāsamaṇasutta		
an5.113	A-v	816	AN5.113	sammāsamādhisutta		
an5.114	A-v	819	AN5.114	andhakavindasutta		
an5.115	A-v	826	AN5.115	maccharinīsutta		
an5.116	A-v	829	AN5.116	vaṇṇanāsutta		
an5.117	A-v	832	AN5.117	issukinīsutta		
an5.118	A-v	835	AN5.118	micchādiṭṭhikasutta		
an5.119	A-v	838	AN5.119	micchāvācāsutta		
an5.120	A-v	841	AN5.120	micchāvāyāmasutta		
an5.121	A-v	848	AN5.121	gilānasutta		
an5.121-130	A-v	848	AN5.121-130	gilānavagga		
an5.122	A-v	853	AN5.122	satisūpaṭṭhitasutta		
an5.123	A-v	856	AN5.123	paṭhamaupaṭṭhākasutta		
an5.124	A-v	859	AN5.124	dutiyaupaṭṭhākasutta		
an5.125	A-v	862	AN5.125	paṭhamaanāyussāsutta		
an5.126	A-v	865	AN5.126	dutiyaanāyussāsutta		
an5.127	A-v	868	AN5.127	vapakāsasutta		
an5.128	A-v	871	AN5.128	samaṇasukhasutta		
an5.129	A-v	874	AN5.129	parikuppasutta		
an5.130	A-v	876	AN5.130	byasanasutta		
an5.131	A-v	883	AN5.131	paṭhamacakkānuvattanasutta		
an5.131-140	A-v	883	AN5.131-140	rājavagga		
an5.132	A-v	889	AN5.132	dutiyacakkānuvattanasutta		
an5.133	A-v	894	AN5.133	dhammarājāsutta		
an5.134	A-v	901	AN5.134	yassaṃdisaṃsutta		
an5.135	A-v	905	AN5.135	paṭhamapatthanāsutta		
an5.136	A-v	910	AN5.136	dutiyapatthanāsutta		
an5.137	A-v	915	AN5.137	appaṃsupatisutta		
an5.138	A-v	917	AN5.138	bhattādakasutta		
an5.139	A-v	920	AN5.139	akkhamasutta		
an5.140	A-v	949	AN5.140	sotasutta		
an5.141	A-v	968	AN5.141	avajānātisutta		
an5.141-150	A-v	968	AN5.141-150	tikaṇḍakīvagga		
an5.142	A-v	976	AN5.142	ārabhatisutta		
an5.143	A-v	987	AN5.143	sārandadasutta		
an5.144	A-v	993	AN5.144	tikaṇḍakīsutta		
an5.145	A-v	1001	AN5.145	nirayasutta		
an5.146	A-v	1004	AN5.146	mittasutta		
an5.147	A-v	1007	AN5.147	asappurisadānasutta		
an5.148	A-v	1010	AN5.148	sappurisadānasutta		
an5.149	A-v	1017	AN5.149	paṭhamasamayavimuttasutta		
an5.150	A-v	1020	AN5.150	dutiyasamayavimuttasutta		
an5.151	A-v	1028	AN5.151	paṭhamasammattaniyāmasutta		
an5.151-160	A-v	1028	AN5.151-160	saddhammavagga		
an5.152	A-v	1033	AN5.152	dutiyasammattaniyāmasutta		
an5.153	A-v	1036	AN5.153	tatiyasammattaniyāmasutta		
an5.154	A-v	1039	AN5.154	paṭhamasaddhammasammosasutta		
an5.155	A-v	1042	AN5.155	dutiyasaddhammasammosasutta		
an5.156	A-v	1053	AN5.156	tatiyasaddhammasammosasutta		
an5.157	A-v	1064	AN5.157	dukkathāsutta		
an5.158	A-v	1077	AN5.158	sārajjasutta		
an5.159	A-v	1080	AN5.159	udāyīsutta		
an5.160	A-v	1083	AN5.160	duppaṭivinodayasutta		
an5.161	A-v	1089	AN5.161	paṭhamaāghātapaṭivinayasutta		
an5.161-170	A-v	1089	AN5.161-170	āghātavagga		
an5.162	A-v	1092	AN5.162	dutiyaāghātapaṭivinayasutta		
an5.163	A-v	1102	AN5.163	sākacchasutta		
an5.164	A-v	1105	AN5.164	sājīvasutta		
an5.165	A-v	1107	AN5.165	pañhapucchāsutta		
an5.166	A-v	1109	AN5.166	nirodhasutta		
an5.167	A-v	1124	AN5.167	codanāsutta		
an5.168	A-v	1139	AN5.168	sīlasutta		
an5.169	A-v	1142	AN5.169	khippanisantisutta		
an5.170	A-v	1146	AN5.170	bhaddajisutta		
an5.171	A-v	1155	AN5.171	sārajjasutta		
an5.171-180	A-v	1155	AN5.171-180	upāsakavagga		
an5.172	A-v	1160	AN5.172	visāradasutta		
an5.173	A-v	1163	AN5.173	nirayasutta		
an5.174	A-v	1166	AN5.174	verasutta		
an5.175	A-v	1185	AN5.175	caṇḍālasutta		
an5.176	A-v	1188	AN5.176	pītisutta		
an5.177	A-v	1193	AN5.177	vaṇijjāsutta		
an5.178	A-v	1195	AN5.178	rājāsutta		
an5.179	A-v	1201	AN5.179	gihisutta		
an5.180	A-v	1239	AN5.180	gavesīsutta		
an5.181	A-v	1254	AN5.181	āraññikasutta		
an5.181-190	A-v	1254	AN5.181-190	araññavagga		
an5.182	A-v	1258	AN5.182	cīvarasutta		
an5.183	A-v	1260	AN5.183	rukkhamūlikasutta		
an5.184	A-v	1262	AN5.184	sosānikasutta		
an5.185	A-v	1264	AN5.185	abbhokāsikasutta		
an5.186	A-v	1266	AN5.186	nesajjikasutta		
an5.187	A-v	1268	AN5.187	yathāsanthatikasutta		
an5.188	A-v	1270	AN5.188	ekāsanikasutta		
an5.189	A-v	1272	AN5.189	khalupacchābhattikasutta		
an5.190	A-v	1274	AN5.190	pattapiṇḍikasutta		
an5.191	A-v	1281	AN5.191	soṇasutta		
an5.191-200	A-v	1281	AN5.191-200	brāhmaṇavagga		
an5.192	A-v	1288	AN5.192	doṇabrāhmaṇasutta		
an5.193	A-v	1305	AN5.193	saṅgāravasutta		
an5.194	A-v	1319	AN5.194	kāraṇapālīsutta		
an5.195	A-v	1332	AN5.195	piṅgiyānīsutta		
an5.196	A-v	1341	AN5.196	mahāsupinasutta		
an5.197	A-v	1353	AN5.197	vassasutta		
an5.198	A-v	1359	AN5.198	vācāsutta		
an5.199	A-v	1361	AN5.199	kulasutta		
an5.200	A-v	1367	AN5.200	nissāraṇīyasutta		
an5.201	A-v	1379	AN5.201	kimilasutta		
an5.201-210	A-v	1379	AN5.201-210	kimilavagga		
an5.202	A-v	1384	AN5.202	dhammassavanasutta		
an5.203	A-v	1386	AN5.203	assājānīyasutta		
an5.204	A-v	1390	AN5.204	balasutta		
an5.205	A-v	1392	AN5.205	cetokhilasutta		
an5.206	A-v	1395	AN5.206	vinibandhasutta		
an5.207	A-v	1398	AN5.207	yāgusutta		
an5.208	A-v	1400	AN5.208	dantakaṭṭhasutta		
an5.209	A-v	1403	AN5.209	gītassarasutta		
an5.210	A-v	1405	AN5.210	muṭṭhassatisutta		
an5.211	A-v	1412	AN5.211	akkosakasutta		
an5.211-220	A-v	1412	AN5.211-220	akkosakavagga		
an5.212	A-v	1415	AN5.212	bhaṇḍanakārakasutta		
an5.213	A-v	1417	AN5.213	sīlasutta		
an5.214	A-v	1428	AN5.214	bahubhāṇisutta		
an5.215	A-v	1431	AN5.215	paṭhamaakkhantisutta		
an5.216	A-v	1434	AN5.216	dutiyaakkhantisutta		
an5.217	A-v	1437	AN5.217	paṭhamaapāsādikasutta		
an5.218	A-v	1440	AN5.218	dutiyaapāsādikasutta		
an5.219	A-v	1443	AN5.219	aggisutta		
an5.220	A-v	1445	AN5.220	madhurāsutta		
an5.221	A-v	1451	AN5.221	paṭhamadīghacārikasutta		
an5.221-230	A-v	1451	AN5.221-230	dīghacārikavagga		
an5.222	A-v	1455	AN5.222	dutiyadīghacārikasutta		
an5.223	A-v	1458	AN5.223	atinivāsasutta		
an5.224	A-v	1461	AN5.224	maccharīsutta		
an5.225	A-v	1464	AN5.225	paṭhamakulūpakasutta		
an5.226	A-v	1466	AN5.226	dutiyakulūpakasutta		
an5.227	A-v	1468	AN5.227	bhogasutta		
an5.228	A-v	1471	AN5.228	ussūrabhattasutta		
an5.229	A-v	1474	AN5.229	paṭhamakaṇhasappasutta		
an5.230	A-v	1476	AN5.230	dutiyakaṇhasappasutta		
an5.231	A-v	1483	AN5.231	āvāsikasutta		
an5.231-240	A-v	1483	AN5.231-240	āvāsikavagga		
an5.232	A-v	1487	AN5.232	piyasutta		
an5.233	A-v	1490	AN5.233	sobhanasutta		
an5.234	A-v	1492	AN5.234	bahūpakārasutta		
an5.235	A-v	1494	AN5.235	anukampasutta		
an5.236	A-v	1496	AN5.236	paṭhamaavaṇṇārahasutta		
an5.237	A-v	1499	AN5.237	dutiyaavaṇṇārahasutta		
an5.238	A-v	1502	AN5.238	tatiyaavaṇṇārahasutta		
an5.239	A-v	1505	AN5.239	paṭhamamacchariyasutta		
an5.240	A-v	1508	AN5.240	dutiyamacchariyasutta		
an5.241	A-v	1517	AN5.241	paṭhamaduccaritasutta		
an5.241-250	A-v	1517	AN5.241-250	duccaritavagga		
an5.242	A-v	1521	AN5.242	paṭhamakāyaduccaritasutta		
an5.243	A-v	1523	AN5.243	paṭhamavacīduccaritasutta		
an5.244	A-v	1525	AN5.244	paṭhamamanoduccaritasutta		
an5.245	A-v	1527	AN5.245	dutiyaduccaritasutta		
an5.246	A-v	1530	AN5.246	dutiyakāyaduccaritasutta		
an5.247	A-v	1532	AN5.247	dutiyavacīduccaritasutta		
an5.248	A-v	1534	AN5.248	dutiyamanoduccaritasutta		
an5.249	A-v	1536	AN5.249	sivathikasutta		
an5.250	A-v	1543	AN5.250	puggalappasādasutta		
an5.251	A-v	1552	AN5.251	upasampādetabbasutta		
an5.251-271	A-v	1552	AN5.251-271	upasampadāvagga		
an5.252	A-v	1555	AN5.252	nissayasutta		
an5.253	A-v	1557	AN5.253	sāmaṇerasutta		
an5.254	A-v	1559	AN5.254	pañcamacchariyasutta		
an5.255	A-v	1561	AN5.255	macchariyappahānasutta		
an5.256	A-v	1563	AN5.256	paṭhamajhānasutta		
an5.257	A-v	1566	AN5.257	dutiyajhānasuttādisattaka		AN5.257-263
an5.257-263	A-v	1566	AN5.257	dutiyajhānasuttādisattaka		AN5.257-263
an5.258	A-v	1566	AN5.258	upasampadāvagga	AN5.251-271	
an5.259	A-v	1566	AN5.259	upasampadāvagga	AN5.251-271	
an5.260	A-v	1566	AN5.260	upasampadāvagga	AN5.251-271	
an5.261	A-v	1566	AN5.261	upasampadāvagga	AN5.251-271	
an5.262	A-v	1566	AN5.262	upasampadāvagga	AN5.251-271	
an5.263	A-v	1566	AN5.263	upasampadāvagga	AN5.251-271	
an5.264	A-v	1569	AN5.264	aparapaṭhamajhānasutta		
an5.265	A-v	1572	AN5.265	upasampadāvagga	AN5.251-271	
an5.265-271	A-v	1572	AN5.265-271	aparadutiyajhānasuttādisattaka		
an5.266	A-v	1572	AN5.266	upasampadāvagga	AN5.251-271	
an5.267	A-v	1572	AN5.267	upasampadāvagga	AN5.251-271	
an5.268	A-v	1572	AN5.268	upasampadāvagga	AN5.251-271	
an5.269	A-v	1572	AN5.269	upasampadāvagga	AN5.251-271	
an5.270	A-v	1572	AN5.270	upasampadāvagga	AN5.251-271	
an5.271	A-v	1572	AN5.271	upasampadāvagga	AN5.251-271	
an5.272	A-v	1576	AN5.272	bhattuddesakasutta		
an5.272-285	A-v	1576	AN5.272-285	sammutipeyyāla		
an5.273	A-v	1581	AN5.273	sammutipeyyāla	AN5.272-285	
an5.273-285	A-v	1581	AN5.273-285	senāsanapaññāpakasuttāditerasaka		
an5.274	A-v	1581	AN5.274	sammutipeyyāla	AN5.272-285	
an5.275	A-v	1581	AN5.275	sammutipeyyāla	AN5.272-285	
an5.276	A-v	1581	AN5.276	sammutipeyyāla	AN5.272-285	
an5.277	A-v	1581	AN5.277	sammutipeyyāla	AN5.272-285	
an5.278	A-v	1581	AN5.278	sammutipeyyāla	AN5.272-285	
an5.279	A-v	1581	AN5.279	sammutipeyyāla	AN5.272-285	
an5.280	A-v	1581	AN5.280	sammutipeyyāla	AN5.272-285	
an5.281	A-v	1581	AN5.281	sammutipeyyāla	AN5.272-285	
an5.282	A-v	1581	AN5.282	sammutipeyyāla	AN5.272-285	
an5.283	A-v	1581	AN5.283	sammutipeyyāla	AN5.272-285	
an5.284	A-v	1581	AN5.284	sammutipeyyāla	AN5.272-285	
an5.285	A-v	1581	AN5.285	sammutipeyyāla	AN5.272-285	
an5.286	A-v	1598	AN5.286	bhikkhusutta		
an5.286-302	A-v	1598	AN5.286-302	sikkhāpadapeyyāla		
an5.287	A-v	1602	AN5.287	sikkhāpadapeyyāla	AN5.286-302	
an5.287-292	A-v	1602	AN5.287-292	bhikkhunīsuttādichakka		
an5.288	A-v	1602	AN5.288	sikkhāpadapeyyāla	AN5.286-302	
an5.289	A-v	1602	AN5.289	sikkhāpadapeyyāla	AN5.286-302	
an5.290	A-v	1602	AN5.290	sikkhāpadapeyyāla	AN5.286-302	
an5.291	A-v	1602	AN5.291	sikkhāpadapeyyāla	AN5.286-302	
an5.292	A-v	1602	AN5.292	sikkhāpadapeyyāla	AN5.286-302	
an5.293	A-v	1605	AN5.293	ājīvakasutta		
an5.294	A-v	1607	AN5.294	nigaṇṭhasuttādinavaka		AN5.294-302
an5.294-302	A-v	1607	AN5.294	nigaṇṭhasuttādinavaka		AN5.294-302
an5.295	A-v	1607	AN5.295	sikkhāpadapeyyāla	AN5.286-302	
an5.296	A-v	1607	AN5.296	sikkhāpadapeyyāla	AN5.286-302	
an5.297	A-v	1607	AN5.297	sikkhāpadapeyyāla	AN5.286-302	
an5.298	A-v	1607	AN5.298	sikkhāpadapeyyāla	AN5.286-302	
an5.299	A-v	1607	AN5.299	sikkhāpadapeyyāla	AN5.286-302	
an5.300	A-v	1607	AN5.300	sikkhāpadapeyyāla	AN5.286-302	
an5.301	A-v	1607	AN5.301	sikkhāpadapeyyāla	AN5.286-302	
an5.302	A-v	1607	AN5.302	sikkhāpadapeyyāla	AN5.286-302	
an5.303	A-v	1610	AN5.303	rāgapeyyāla	AN5.303-1151	
an5.303-1151	A-v	1610	AN5.303-1151	rāgapeyyāla		AN5.303
an5.304	A-v	1612	AN5.304	rāgapeyyāla	AN5.303-1151	
an5.305	A-v	1613	AN5.305	rāgapeyyāla	AN5.303-1151	
an5.306	A-v	1614	AN5.306	rāgapeyyāla	AN5.303-1151	
an5.307	A-v	1615	AN5.307	rāgapeyyāla	AN5.303-1151	
an5.308	A-v	1616	AN5.308	rāgapeyyāla	AN5.303-1151	
an5.309	A-v	1616	AN5.309	rāgapeyyāla	AN5.303-1151	
an5.310	A-v	1616	AN5.310	rāgapeyyāla	AN5.303-1151	
an5.311	A-v	1616	AN5.311	rāgapeyyāla	AN5.303-1151	
an5.312	A-v	1616	AN5.312	rāgapeyyāla	AN5.303-1151	
an5.313	A-v	1616	AN5.313	rāgapeyyāla	AN5.303-1151	
an5.314	A-v	1616	AN5.314	rāgapeyyāla	AN5.303-1151	
an5.315	A-v	1616	AN5.315	rāgapeyyāla	AN5.303-1151	
an5.316	A-v	1616	AN5.316	rāgapeyyāla	AN5.303-1151	
an5.317	A-v	1616	AN5.317	rāgapeyyāla	AN5.303-1151	
an5.318	A-v	1616	AN5.318	rāgapeyyāla	AN5.303-1151	
an5.319	A-v	1616	AN5.319	rāgapeyyāla	AN5.303-1151	
an5.320	A-v	1616	AN5.320	rāgapeyyāla	AN5.303-1151	
an5.321	A-v	1616	AN5.321	rāgapeyyāla	AN5.303-1151	
an5.322	A-v	1616	AN5.322	rāgapeyyāla	AN5.303-1151	
an5.323	A-v	1616	AN5.323	rāgapeyyāla	AN5.303-1151	
an5.324	A-v	1616	AN5.324	rāgapeyyāla	AN5.303-1151	
an5.325	A-v	1616	AN5.325	rāgapeyyāla	AN5.303-1151	
an5.326	A-v	1616	AN5.326	rāgapeyyāla	AN5.303-1151	
an5.327	A-v	1616	AN5.327	rāgapeyyāla	AN5.303-1151	
an5.328	A-v	1616	AN5.328	rāgapeyyāla	AN5.303-1151	
an5.329	A-v	1616	AN5.329	rāgapeyyāla	AN5.303-1151	
an5.330	A-v	1616	AN5.330	rāgapeyyāla	AN5.303-1151	
an5.331	A-v	1616	AN5.331	rāgapeyyāla	AN5.303-1151	
an5.332	A-v	1616	AN5.332	rāgapeyyāla	AN5.303-1151	
an5.333	A-v	1616	AN5.333	rāgapeyyāla	AN5.303-1151	
an5.334	A-v	1616	AN5.334	rāgapeyyāla	AN5.303-1151	
an5.335	A-v	1616	AN5.335	rāgapeyyāla	AN5.303-1151	
an5.336	A-v	1616	AN5.336	rāgapeyyāla	AN5.303-1151	
an5.337	A-v	1616	AN5.337	rāgapeyyāla	AN5.303-1151	
an5.338	A-v	1616	AN5.338	rāgapeyyāla	AN5.303-1151	
an5.339	A-v	1616	AN5.339	rāgapeyyāla	AN5.303-1151	
an5.340	A-v	1616	AN5.340	rāgapeyyāla	AN5.303-1151	
an5.341	A-v	1616	AN5.341	rāgapeyyāla	AN5.303-1151	
an5.342	A-v	1616	AN5.342	rāgapeyyāla	AN5.303-1151	
an5.343	A-v	1616	AN5.343	rāgapeyyāla	AN5.303-1151	
an5.344	A-v	1616	AN5.344	rāgapeyyāla	AN5.303-1151	
an5.345	A-v	1616	AN5.345	rāgapeyyāla	AN5.303-1151	
an5.346	A-v	1616	AN5.346	rāgapeyyāla	AN5.303-1151	
an5.347	A-v	1616	AN5.347	rāgapeyyāla	AN5.303-1151	
an5.348	A-v	1616	AN5.348	rāgapeyyāla	AN5.303-1151	
an5.349	A-v	1616	AN5.349	rāgapeyyāla	AN5.303-1151	
an5.350	A-v	1616	AN5.350	rāgapeyyāla	AN5.303-1151	
an5.351	A-v	1616	AN5.351	rāgapeyyāla	AN5.303-1151	
an5.352	A-v	1616	AN5.352	rāgapeyyāla	AN5.303-1151	
an5.353	A-v	1616	AN5.353	rāgapeyyāla	AN5.303-1151	
an5.354	A-v	1616	AN5.354	rāgapeyyāla	AN5.303-1151	
an5.355	A-v	1616	AN5.355	rāgapeyyāla	AN5.303-1151	
an5.356	A-v	1616	AN5.356	rāgapeyyāla	AN5.303-1151	
an5.357	A-v	1616	AN5.357	rāgapeyyāla	AN5.303-1151	
an5.358	A-v	1616	AN5.358	rāgapeyyāla	AN5.303-1151	
an5.359	A-v	1616	AN5.359	rāgapeyyāla	AN5.303-1151	
an5.360	A-v	1616	AN5.360	rāgapeyyāla	AN5.303-1151	
an5.361	A-v	1616	AN5.361	rāgapeyyāla	AN5.303-1151	
an5.362	A-v	1616	AN5.362	rāgapeyyāla	AN5.303-1151	
an5.363	A-v	1616	AN5.363	rāgapeyyāla	AN5.303-1151	
an5.364	A-v	1616	AN5.364	rāgapeyyāla	AN5.303-1151	
an5.365	A-v	1616	AN5.365	rāgapeyyāla	AN5.303-1151	
an5.366	A-v	1616	AN5.366	rāgapeyyāla	AN5.303-1151	
an5.367	A-v	1616	AN5.367	rāgapeyyāla	AN5.303-1151	
an5.368	A-v	1616	AN5.368	rāgapeyyāla	AN5.303-1151	
an5.369	A-v	1616	AN5.369	rāgapeyyāla	AN5.303-1151	
an5.370	A-v	1616	AN5.370	rāgapeyyāla	AN5.303-1151	
an5.371	A-v	1616	AN5.371	rāgapeyyāla	AN5.303-1151	
an5.372	A-v	1616	AN5.372	rāgapeyyāla	AN5.303-1151	
an5.373	A-v	1616	AN5.373	rāgapeyyāla	AN5.303-1151	
an5.374	A-v	1616	AN5.374	rāgapeyyāla	AN5.303-1151	
an5.375	A-v	1616	AN5.375	rāgapeyyāla	AN5.303-1151	
an5.376	A-v	1616	AN5.376	rāgapeyyāla	AN5.303-1151	
an5.377	A-v	1616	AN5.377	rāgapeyyāla	AN5.303-1151	
an5.378	A-v	1616	AN5.378	rāgapeyyāla	AN5.303-1151	
an5.379	A-v	1616	AN5.379	rāgapeyyāla	AN5.303-1151	
an5.380	A-v	1616	AN5.380	rāgapeyyāla	AN5.303-1151	
an5.381	A-v	1616	AN5.381	rāgapeyyāla	AN5.303-1151	
an5.382	A-v	1616	AN5.382	rāgapeyyāla	AN5.303-1151	
an5.383	A-v	1616	AN5.383	rāgapeyyāla	AN5.303-1151	
an5.384	A-v	1616	AN5.384	rāgapeyyāla	AN5.303-1151	
an5.385	A-v	1616	AN5.385	rāgapeyyāla	AN5.303-1151	
an5.386	A-v	1616	AN5.386	rāgapeyyāla	AN5.303-1151	
an5.387	A-v	1616	AN5.387	rāgapeyyāla	AN5.303-1151	
an5.388	A-v	1616	AN5.388	rāgapeyyāla	AN5.303-1151	
an5.389	A-v	1616	AN5.389	rāgapeyyāla	AN5.303-1151	
an5.390	A-v	1616	AN5.390	rāgapeyyāla	AN5.303-1151	
an5.391	A-v	1616	AN5.391	rāgapeyyāla	AN5.303-1151	
an5.392	A-v	1616	AN5.392	rāgapeyyāla	AN5.303-1151	
an5.393	A-v	1616	AN5.393	rāgapeyyāla	AN5.303-1151	
an5.394	A-v	1616	AN5.394	rāgapeyyāla	AN5.303-1151	
an5.395	A-v	1616	AN5.395	rāgapeyyāla	AN5.303-1151	
an5.396	A-v	1616	AN5.396	rāgapeyyāla	AN5.303-1151	
an5.397	A-v	1616	AN5.397	rāgapeyyāla	AN5.303-1151	
an5.398	A-v	1616	AN5.398	rāgapeyyāla	AN5.303-1151	
an5.399	A-v	1616	AN5.399	rāgapeyyāla	AN5.303-1151	
an5.400	A-v	1616	AN5.400	rāgapeyyāla	AN5.303-1151	
an5.401	A-v	1616	AN5.401	rāgapeyyāla	AN5.303-1151	
an5.402	A-v	1616	AN5.402	rāgapeyyāla	AN5.303-1151	
an5.403	A-v	1616	AN5.403	rāgapeyyāla	AN5.303-1151	
an5.404	A-v	1616	AN5.404	rāgapeyyāla	AN5.303-1151	
an5.405	A-v	1616	AN5.405	rāgapeyyāla	AN5.303-1151	
an5.406	A-v	1616	AN5.406	rāgapeyyāla	AN5.303-1151	
an5.407	A-v	1616	AN5.407	rāgapeyyāla	AN5.303-1151	
an5.408	A-v	1616	AN5.408	rāgapeyyāla	AN5.303-1151	
an5.409	A-v	1616	AN5.409	rāgapeyyāla	AN5.303-1151	
an5.410	A-v	1616	AN5.410	rāgapeyyāla	AN5.303-1151	
an5.411	A-v	1616	AN5.411	rāgapeyyāla	AN5.303-1151	
an5.412	A-v	1616	AN5.412	rāgapeyyāla	AN5.303-1151	
an5.413	A-v	1616	AN5.413	rāgapeyyāla	AN5.303-1151	
an5.414	A-v	1616	AN5.414	rāgapeyyāla	AN5.303-1151	
an5.415	A-v	1616	AN5.415	rāgapeyyāla	AN5.303-1151	
an5.416	A-v	1616	AN5.416	rāgapeyyāla	AN5.303-1151	
an5.417	A-v	1616	AN5.417	rāgapeyyāla	AN5.303-1151	
an5.418	A-v	1616	AN5.418	rāgapeyyāla	AN5.303-1151	
an5.419	A-v	1616	AN5.419	rāgapeyyāla	AN5.303-1151	
an5.420	A-v	1616	AN5.420	rāgapeyyāla	AN5.303-1151	
an5.421	A-v	1616	AN5.421	rāgapeyyāla	AN5.303-1151	
an5.422	A-v	1616	AN5.422	rāgapeyyāla	AN5.303-1151	
an5.423	A-v	1616	AN5.423	rāgapeyyāla	AN5.303-1151	
an5.424	A-v	1616	AN5.424	rāgapeyyāla	AN5.303-1151	
an5.425	A-v	1616	AN5.425	rāgapeyyāla	AN5.303-1151	
an5.426	A-v	1616	AN5.426	rāgapeyyāla	AN5.303-1151	
an5.427	A-v	1616	AN5.427	rāgapeyyāla	AN5.303-1151	
an5.428	A-v	1616	AN5.428	rāgapeyyāla	AN5.303-1151	
an5.429	A-v	1616	AN5.429	rāgapeyyāla	AN5.303-1151	
an5.430	A-v	1616	AN5.430	rāgapeyyāla	AN5.303-1151	
an5.431	A-v	1616	AN5.431	rāgapeyyāla	AN5.303-1151	
an5.432	A-v	1616	AN5.432	rāgapeyyāla	AN5.303-1151	
an5.433	A-v	1616	AN5.433	rāgapeyyāla	AN5.303-1151	
an5.434	A-v	1616	AN5.434	rāgapeyyāla	AN5.303-1151	
an5.435	A-v	1616	AN5.435	rāgapeyyāla	AN5.303-1151	
an5.436	A-v	1616	AN5.436	rāgapeyyāla	AN5.303-1151	
an5.437	A-v	1616	AN5.437	rāgapeyyāla	AN5.303-1151	
an5.438	A-v	1616	AN5.438	rāgapeyyāla	AN5.303-1151	
an5.439	A-v	1616	AN5.439	rāgapeyyāla	AN5.303-1151	
an5.440	A-v	1616	AN5.440	rāgapeyyāla	AN5.303-1151	
an5.441	A-v	1616	AN5.441	rāgapeyyāla	AN5.303-1151	
an5.442	A-v	1616	AN5.442	rāgapeyyāla	AN5.303-1151	
an5.443	A-v	1616	AN5.443	rāgapeyyāla	AN5.303-1151	
an5.444	A-v	1616	AN5.444	rāgapeyyāla	AN5.303-1151	
an5.445	A-v	1616	AN5.445	rāgapeyyāla	AN5.303-1151	
an5.446	A-v	1616	AN5.446	rāgapeyyāla	AN5.303-1151	
an5.447	A-v	1616	AN5.447	rāgapeyyāla	AN5.303-1151	
an5.448	A-v	1616	AN5.448	rāgapeyyāla	AN5.303-1151	
an5.449	A-v	1616	AN5.449	rāgapeyyāla	AN5.303-1151	
an5.450	A-v	1616	AN5.450	rāgapeyyāla	AN5.303-1151	
an5.451	A-v	1616	AN5.451	rāgapeyyāla	AN5.303-1151	
an5.452	A-v	1616	AN5.452	rāgapeyyāla	AN5.303-1151	
an5.453	A-v	1616	AN5.453	rāgapeyyāla	AN5.303-1151	
an5.454	A-v	1616	AN5.454	rāgapeyyāla	AN5.303-1151	
an5.455	A-v	1616	AN5.455	rāgapeyyāla	AN5.303-1151	
an5.456	A-v	1616	AN5.456	rāgapeyyāla	AN5.303-1151	
an5.457	A-v	1616	AN5.457	rāgapeyyāla	AN5.303-1151	
an5.458	A-v	1616	AN5.458	rāgapeyyāla	AN5.303-1151	
an5.459	A-v	1616	AN5.459	rāgapeyyāla	AN5.303-1151	
an5.460	A-v	1616	AN5.460	rāgapeyyāla	AN5.303-1151	
an5.461	A-v	1616	AN5.461	rāgapeyyāla	AN5.303-1151	
an5.462	A-v	1616	AN5.462	rāgapeyyāla	AN5.303-1151	
an5.463	A-v	1616	AN5.463	rāgapeyyāla	AN5.303-1151	
an5.464	A-v	1616	AN5.464	rāgapeyyāla	AN5.303-1151	
an5.465	A-v	1616	AN5.465	rāgapeyyāla	AN5.303-1151	
an5.466	A-v	1616	AN5.466	rāgapeyyāla	AN5.303-1151	
an5.467	A-v	1616	AN5.467	rāgapeyyāla	AN5.303-1151	
an5.468	A-v	1616	AN5.468	rāgapeyyāla	AN5.303-1151	
an5.469	A-v	1616	AN5.469	rāgapeyyāla	AN5.303-1151	
an5.470	A-v	1616	AN5.470	rāgapeyyāla	AN5.303-1151	
an5.471	A-v	1616	AN5.471	rāgapeyyāla	AN5.303-1151	
an5.472	A-v	1616	AN5.472	rāgapeyyāla	AN5.303-1151	
an5.473	A-v	1616	AN5.473	rāgapeyyāla	AN5.303-1151	
an5.474	A-v	1616	AN5.474	rāgapeyyāla	AN5.303-1151	
an5.475	A-v	1616	AN5.475	rāgapeyyāla	AN5.303-1151	
an5.476	A-v	1616	AN5.476	rāgapeyyāla	AN5.303-1151	
an5.477	A-v	1616	AN5.477	rāgapeyyāla	AN5.303-1151	
an5.478	A-v	1616	AN5.478	rāgapeyyāla	AN5.303-1151	
an5.479	A-v	1616	AN5.479	rāgapeyyāla	AN5.303-1151	
an5.480	A-v	1616	AN5.480	rāgapeyyāla	AN5.303-1151	
an5.481	A-v	1616	AN5.481	rāgapeyyāla	AN5.303-1151	
an5.482	A-v	1616	AN5.482	rāgapeyyāla	AN5.303-1151	
an5.483	A-v	1616	AN5.483	rāgapeyyāla	AN5.303-1151	
an5.484	A-v	1616	AN5.484	rāgapeyyāla	AN5.303-1151	
an5.485	A-v	1616	AN5.485	rāgapeyyāla	AN5.303-1151	
an5.486	A-v	1616	AN5.486	rāgapeyyāla	AN5.303-1151	
an5.487	A-v	1616	AN5.487	rāgapeyyāla	AN5.303-1151	
an5.488	A-v	1616	AN5.488	rāgapeyyāla	AN5.303-1151	
an5.489	A-v	1616	AN5.489	rāgapeyyāla	AN5.303-1151	
an5.490	A-v	1616	AN5.490	rāgapeyyāla	AN5.303-1151	
an5.491	A-v	1616	AN5.491	rāgapeyyāla	AN5.303-1151	
an5.492	A-v	1616	AN5.492	rāgapeyyāla	AN5.303-1151	
an5.493	A-v	1616	AN5.493	rāgapeyyāla	AN5.303-1151	
an5.494	A-v	1616	AN5.494	rāgapeyyāla	AN5.303-1151	
an5.495	A-v	1616	AN5.495	rāgapeyyāla	AN5.303-1151	
an5.496	A-v	1616	AN5.496	rāgapeyyāla	AN5.303-1151	
an5.497	A-v	1616	AN5.497	rāgapeyyāla	AN5.303-1151	
an5.498	A-v	1616	AN5.498	rāgapeyyāla	AN5.303-1151	
an5.499	A-v	1616	AN5.499	rāgapeyyāla	AN5.303-1151	
an5.500	A-v	1616	AN5.500	rāgapeyyāla	AN5.303-1151	
an5.501	A-v	1616	AN5.501	rāgapeyyāla	AN5.303-1151	
an5.502	A-v	1616	AN5.502	rāgapeyyāla	AN5.303-1151	
an5.503	A-v	1616	AN5.503	rāgapeyyāla	AN5.303-1151	
an5.504	A-v	1616	AN5.504	rāgapeyyāla	AN5.303-1151	
an5.505	A-v	1616	AN5.505	rāgapeyyāla	AN5.303-1151	
an5.506	A-v	1616	AN5.506	rāgapeyyāla	AN5.303-1151	
an5.507	A-v	1616	AN5.507	rāgapeyyāla	AN5.303-1151	
an5.508	A-v	1616	AN5.508	rāgapeyyāla	AN5.303-1151	
an5.509	A-v	1616	AN5.509	rāgapeyyāla	AN5.303-1151	
an5.510	A-v	1616	AN5.510	rāgapeyyāla	AN5.303-1151	
an5.511	A-v	1616	AN5.511	rāgapeyyāla	AN5.303-1151	
an5.512	A-v	1616	AN5.512	rāgapeyyāla	AN5.303-1151	
an5.513	A-v	1616	AN5.513	rāgapeyyāla	AN5.303-1151	
an5.514	A-v	1616	AN5.514	rāgapeyyāla	AN5.303-1151	
an5.515	A-v	1616	AN5.515	rāgapeyyāla	AN5.303-1151	
an5.516	A-v	1616	AN5.516	rāgapeyyāla	AN5.303-1151	
an5.517	A-v	1616	AN5.517	rāgapeyyāla	AN5.303-1151	
an5.518	A-v	1616	AN5.518	rāgapeyyāla	AN5.303-1151	
an5.519	A-v	1616	AN5.519	rāgapeyyāla	AN5.303-1151	
an5.520	A-v	1616	AN5.520	rāgapeyyāla	AN5.303-1151	
an5.521	A-v	1616	AN5.521	rāgapeyyāla	AN5.303-1151	
an5.522	A-v	1616	AN5.522	rāgapeyyāla	AN5.303-1151	
an5.523	A-v	1616	AN5.523	rāgapeyyāla	AN5.303-1151	
an5.524	A-v	1616	AN5.524	rāgapeyyāla	AN5.303-1151	
an5.525	A-v	1616	AN5.525	rāgapeyyāla	AN5.303-1151	
an5.526	A-v	1616	AN5.526	rāgapeyyāla	AN5.303-1151	
an5.527	A-v	1616	AN5.527	rāgapeyyāla	AN5.303-1151	
an5.528	A-v	1616	AN5.528	rāgapeyyāla	AN5.303-1151	
an5.529	A-v	1616	AN5.529	rāgapeyyāla	AN5.303-1151	
an5.530	A-v	1616	AN5.530	rāgapeyyāla	AN5.303-1151	
an5.531	A-v	1616	AN5.531	rāgapeyyāla	AN5.303-1151	
an5.532	A-v	1616	AN5.532	rāgapeyyāla	AN5.303-1151	
an5.533	A-v	1616	AN5.533	rāgapeyyāla	AN5.303-1151	
an5.534	A-v	1616	AN5.534	rāgapeyyāla	AN5.303-1151	
an5.535	A-v	1616	AN5.535	rāgapeyyāla	AN5.303-1151	
an5.536	A-v	1616	AN5.536	rāgapeyyāla	AN5.303-1151	
an5.537	A-v	1616	AN5.537	rāgapeyyāla	AN5.303-1151	
an5.538	A-v	1616	AN5.538	rāgapeyyāla	AN5.303-1151	
an5.539	A-v	1616	AN5.539	rāgapeyyāla	AN5.303-1151	
an5.540	A-v	1616	AN5.540	rāgapeyyāla	AN5.303-1151	
an5.541	A-v	1616	AN5.541	rāgapeyyāla	AN5.303-1151	
an5.542	A-v	1616	AN5.542	rāgapeyyāla	AN5.303-1151	
an5.543	A-v	1616	AN5.543	rāgapeyyāla	AN5.303-1151	
an5.544	A-v	1616	AN5.544	rāgapeyyāla	AN5.303-1151	
an5.545	A-v	1616	AN5.545	rāgapeyyāla	AN5.303-1151	
an5.546	A-v	1616	AN5.546	rāgapeyyāla	AN5.303-1151	
an5.547	A-v	1616	AN5.547	rāgapeyyāla	AN5.303-1151	
an5.548	A-v	1616	AN5.548	rāgapeyyāla	AN5.303-1151	
an5.549	A-v	1616	AN5.549	rāgapeyyāla	AN5.303-1151	
an5.550	A-v	1616	AN5.550	rāgapeyyāla	AN5.303-1151	
an5.551	A-v	1616	AN5.551	rāgapeyyāla	AN5.303-1151	
an5.552	A-v	1616	AN5.552	rāgapeyyāla	AN5.303-1151	
an5.553	A-v	1616	AN5.553	rāgapeyyāla	AN5.303-1151	
an5.554	A-v	1616	AN5.554	rāgapeyyāla	AN5.303-1151	
an5.555	A-v	1616	AN5.555	rāgapeyyāla	AN5.303-1151	
an5.556	A-v	1616	AN5.556	rāgapeyyāla	AN5.303-1151	
an5.557	A-v	1616	AN5.557	rāgapeyyāla	AN5.303-1151	
an5.558	A-v	1616	AN5.558	rāgapeyyāla	AN5.303-1151	
an5.559	A-v	1616	AN5.559	rāgapeyyāla	AN5.303-1151	
an5.560	A-v	1616	AN5.560	rāgapeyyāla	AN5.303-1151	
an5.561	A-v	1616	AN5.561	rāgapeyyāla	AN5.303-1151	
an5.562	A-v	1616	AN5.562	rāgapeyyāla	AN5.303-1151	
an5.563	A-v	1616	AN5.563	rāgapeyyāla	AN5.303-1151	
an5.564	A-v	1616	AN5.564	rāgapeyyāla	AN5.303-1151	
an5.565	A-v	1616	AN5.565	rāgapeyyāla	AN5.303-1151	
an5.566	A-v	1616	AN5.566	rāgapeyyāla	AN5.303-1151	
an5.567	A-v	1616	AN5.567	rāgapeyyāla	AN5.303-1151	
an5.568	A-v	1616	AN5.568	rāgapeyyāla	AN5.303-1151	
an5.569	A-v	1616	AN5.569	rāgapeyyāla	AN5.303-1151	
an5.570	A-v	1616	AN5.570	rāgapeyyāla	AN5.303-1151	
an5.571	A-v	1616	AN5.571	rāgapeyyāla	AN5.303-1151	
an5.572	A-v	1616	AN5.572	rāgapeyyāla	AN5.303-1151	
an5.573	A-v	1616	AN5.573	rāgapeyyāla	AN5.303-1151	
an5.574	A-v	1616	AN5.574	rāgapeyyāla	AN5.303-1151	
an5.575	A-v	1616	AN5.575	rāgapeyyāla	AN5.303-1151	
an5.576	A-v	1616	AN5.576	rāgapeyyāla	AN5.303-1151	
an5.577	A-v	1616	AN5.577	rāgapeyyāla	AN5.303-1151	
an5.578	A-v	1616	AN5.578	rāgapeyyāla	AN5.303-1151	
an5.579	A-v	1616	AN5.579	rāgapeyyāla	AN5.303-1151	
an5.580	A-v	1616	AN5.580	rāgapeyyāla	AN5.303-1151	
an5.581	A-v	1616	AN5.581	rāgapeyyāla	AN5.303-1151	
an5.582	A-v	1616	AN5.582	rāgapeyyāla	AN5.303-1151	
an5.583	A-v	1616	AN5.583	rāgapeyyāla	AN5.303-1151	
an5.584	A-v	1616	AN5.584	rāgapeyyāla	AN5.303-1151	
an5.585	A-v	1616	AN5.585	rāgapeyyāla	AN5.303-1151	
an5.586	A-v	1616	AN5.586	rāgapeyyāla	AN5.303-1151	
an5.587	A-v	1616	AN5.587	rāgapeyyāla	AN5.303-1151	
an5.588	A-v	1616	AN5.588	rāgapeyyāla	AN5.303-1151	
an5.589	A-v	1616	AN5.589	rāgapeyyāla	AN5.303-1151	
an5.590	A-v	1616	AN5.590	rāgapeyyāla	AN5.303-1151	
an5.591	A-v	1616	AN5.591	rāgapeyyāla	AN5.303-1151	
an5.592	A-v	1616	AN5.592	rāgapeyyāla	AN5.303-1151	
an5.593	A-v	1616	AN5.593	rāgapeyyāla	AN5.303-1151	
an5.594	A-v	1616	AN5.594	rāgapeyyāla	AN5.303-1151	
an5.595	A-v	1616	AN5.595	rāgapeyyāla	AN5.303-1151	
an5.596	A-v	1616	AN5.596	rāgapeyyāla	AN5.303-1151	
an5.597	A-v	1616	AN5.597	rāgapeyyāla	AN5.303-1151	
an5.598	A-v	1616	AN5.598	rāgapeyyāla	AN5.303-1151	
an5.599	A-v	1616	AN5.599	rāgapeyyāla	AN5.303-1151	
an5.600	A-v	1616	AN5.600	rāgapeyyāla	AN5.303-1151	
an5.601	A-v	1616	AN5.601	rāgapeyyāla	AN5.303-1151	
an5.602	A-v	1616	AN5.602	rāgapeyyāla	AN5.303-1151	
an5.603	A-v	1616	AN5.603	rāgapeyyāla	AN5.303-1151	
an5.604	A-v	1616	AN5.604	rāgapeyyāla	AN5.303-1151	
an5.605	A-v	1616	AN5.605	rāgapeyyāla	AN5.303-1151	
an5.606	A-v	1616	AN5.606	rāgapeyyāla	AN5.303-1151	
an5.607	A-v	1616	AN5.607	rāgapeyyāla	AN5.303-1151	
an5.608	A-v	1616	AN5.608	rāgapeyyāla	AN5.303-1151	
an5.609	A-v	1616	AN5.609	rāgapeyyāla	AN5.303-1151	
an5.610	A-v	1616	AN5.610	rāgapeyyāla	AN5.303-1151	
an5.611	A-v	1616	AN5.611	rāgapeyyāla	AN5.303-1151	
an5.612	A-v	1616	AN5.612	rāgapeyyāla	AN5.303-1151	
an5.613	A-v	1616	AN5.613	rāgapeyyāla	AN5.303-1151	
an5.614	A-v	1616	AN5.614	rāgapeyyāla	AN5.303-1151	
an5.615	A-v	1616	AN5.615	rāgapeyyāla	AN5.303-1151	
an5.616	A-v	1616	AN5.616	rāgapeyyāla	AN5.303-1151	
an5.617	A-v	1616	AN5.617	rāgapeyyāla	AN5.303-1151	
an5.618	A-v	1616	AN5.618	rāgapeyyāla	AN5.303-1151	
an5.619	A-v	1616	AN5.619	rāgapeyyāla	AN5.303-1151	
an5.620	A-v	1616	AN5.620	rāgapeyyāla	AN5.303-1151	
an5.621	A-v	1616	AN5.621	rāgapeyyāla	AN5.303-1151	
an5.622	A-v	1616	AN5.622	rāgapeyyāla	AN5.303-1151	
an5.623	A-v	1616	AN5.623	rāgapeyyāla	AN5.303-1151	
an5.624	A-v	1616	AN5.624	rāgapeyyāla	AN5.303-1151	
an5.625	A-v	1616	AN5.625	rāgapeyyāla	AN5.303-1151	
an5.626	A-v	1616	AN5.626	rāgapeyyāla	AN5.303-1151	
an5.627	A-v	1616	AN5.627	rāgapeyyāla	AN5.303-1151	
an5.628	A-v	1616	AN5.628	rāgapeyyāla	AN5.303-1151	
an5.629	A-v	1616	AN5.629	rāgapeyyāla	AN5.303-1151	
an5.630	A-v	1616	AN5.630	rāgapeyyāla	AN5.303-1151	
an5.631	A-v	1616	AN5.631	rāgapeyyāla	AN5.303-1151	
an5.632	A-v	1616	AN5.632	rāgapeyyāla	AN5.303-1151	
an5.633	A-v	1616	AN5.633	rāgapeyyāla	AN5.303-1151	
an5.634	A-v	1616	AN5.634	rāgapeyyāla	AN5.303-1151	
an5.635	A-v	1616	AN5.635	rāgapeyyāla	AN5.303-1151	
an5.636	A-v	1616	AN5.636	rāgapeyyāla	AN5.303-1151	
an5.637	A-v	1616	AN5.637	rāgapeyyāla	AN5.303-1151	
an5.638	A-v	1616	AN5.638	rāgapeyyāla	AN5.303-1151	
an5.639	A-v	1616	AN5.639	rāgapeyyāla	AN5.303-1151	
an5.640	A-v	1616	AN5.640	rāgapeyyāla	AN5.303-1151	
an5.641	A-v	1616	AN5.641	rāgapeyyāla	AN5.303-1151	
an5.642	A-v	1616	AN5.642	rāgapeyyāla	AN5.303-1151	
an5.643	A-v	1616	AN5.643	rāgapeyyāla	AN5.303-1151	
an5.644	A-v	1616	AN5.644	rāgapeyyāla	AN5.303-1151	
an5.645	A-v	1616	AN5.645	rāgapeyyāla	AN5.303-1151	
an5.646	A-v	1616	AN5.646	rāgapeyyāla	AN5.303-1151	
an5.647	A-v	1616	AN5.647	rāgapeyyāla	AN5.303-1151	
an5.648	A-v	1616	AN5.648	rāgapeyyāla	AN5.303-1151	
an5.649	A-v	1616	AN5.649	rāgapeyyāla	AN5.303-1151	
an5.650	A-v	1616	AN5.650	rāgapeyyāla	AN5.303-1151	
an5.651	A-v	1616	AN5.651	rāgapeyyāla	AN5.303-1151	
an5.652	A-v	1616	AN5.652	rāgapeyyāla	AN5.303-1151	
an5.653	A-v	1616	AN5.653	rāgapeyyāla	AN5.303-1151	
an5.654	A-v	1616	AN5.654	rāgapeyyāla	AN5.303-1151	
an5.655	A-v	1616	AN5.655	rāgapeyyāla	AN5.303-1151	
an5.656	A-v	1616	AN5.656	rāgapeyyāla	AN5.303-1151	
an5.657	A-v	1616	AN5.657	rāgapeyyāla	AN5.303-1151	
an5.658	A-v	1616	AN5.658	rāgapeyyāla	AN5.303-1151	
an5.659	A-v	1616	AN5.659	rāgapeyyāla	AN5.303-1151	
an5.660	A-v	1616	AN5.660	rāgapeyyāla	AN5.303-1151	
an5.661	A-v	1616	AN5.661	rāgapeyyāla	AN5.303-1151	
an5.662	A-v	1616	AN5.662	rāgapeyyāla	AN5.303-1151	
an5.663	A-v	1616	AN5.663	rāgapeyyāla	AN5.303-1151	
an5.664	A-v	1616	AN5.664	rāgapeyyāla	AN5.303-1151	
an5.665	A-v	1616	AN5.665	rāgapeyyāla	AN5.303-1151	
an5.666	A-v	1616	AN5.666	rāgapeyyāla	AN5.303-1151	
an5.667	A-v	1616	AN5.667	rāgapeyyāla	AN5.303-1151	
an5.668	A-v	1616	AN5.668	rāgapeyyāla	AN5.303-1151	
an5.669	A-v	1616	AN5.669	rāgapeyyāla	AN5.303-1151	
an5.670	A-v	1616	AN5.670	rāgapeyyāla	AN5.303-1151	
an5.671	A-v	1616	AN5.671	rāgapeyyāla	AN5.303-1151	
an5.672	A-v	1616	AN5.672	rāgapeyyāla	AN5.303-1151	
an5.673	A-v	1616	AN5.673	rāgapeyyāla	AN5.303-1151	
an5.674	A-v	1616	AN5.674	rāgapeyyāla	AN5.303-1151	
an5.675	A-v	1616	AN5.675	rāgapeyyāla	AN5.303-1151	
an5.676	A-v	1616	AN5.676	rāgapeyyāla	AN5.303-1151	
an5.677	A-v	1616	AN5.677	rāgapeyyāla	AN5.303-1151	
an5.678	A-v	1616	AN5.678	rāgapeyyāla	AN5.303-1151	
an5.679	A-v	1616	AN5.679	rāgapeyyāla	AN5.303-1151	
an5.680	A-v	1616	AN5.680	rāgapeyyāla	AN5.303-1151	
an5.681	A-v	1616	AN5.681	rāgapeyyāla	AN5.303-1151	
an5.682	A-v	1616	AN5.682	rāgapeyyāla	AN5.303-1151	
an5.683	A-v	1616	AN5.683	rāgapeyyāla	AN5.303-1151	
an5.684	A-v	1616	AN5.684	rāgapeyyāla	AN5.303-1151	
an5.685	A-v	1616	AN5.685	rāgapeyyāla	AN5.303-1151	
an5.686	A-v	1616	AN5.686	rāgapeyyāla	AN5.303-1151	
an5.687	A-v	1616	AN5.687	rāgapeyyāla	AN5.303-1151	
an5.688	A-v	1616	AN5.688	rāgapeyyāla	AN5.303-1151	
an5.689	A-v	1616	AN5.689	rāgapeyyāla	AN5.303-1151	
an5.690	A-v	1616	AN5.690	rāgapeyyāla	AN5.303-1151	
an5.691	A-v	1616	AN5.691	rāgapeyyāla	AN5.303-1151	
an5.692	A-v	1616	AN5.692	rāgapeyyāla	AN5.303-1151	
an5.693	A-v	1616	AN5.693	rāgapeyyāla	AN5.303-1151	
an5.694	A-v	1616	AN5.694	rāgapeyyāla	AN5.303-1151	
an5.695	A-v	1616	AN5.695	rāgapeyyāla	AN5.303-1151	
an5.696	A-v	1616	AN5.696	rāgapeyyāla	AN5.303-1151	
an5.697	A-v	1616	AN5.697	rāgapeyyāla	AN5.303-1151	
an5.698	A-v	1616	AN5.698	rāgapeyyāla	AN5.303-1151	
an5.699	A-v	1616	AN5.699	rāgapeyyāla	AN5.303-1151	
an5.700	A-v	1616	AN5.700	rāgapeyyāla	AN5.303-1151	
an5.701	A-v	1616	AN5.701	rāgapeyyāla	AN5.303-1151	
an5.702	A-v	1616	AN5.702	rāgapeyyāla	AN5.303-1151	
an5.703	A-v	1616	AN5.703	rāgapeyyāla	AN5.303-1151	
an5.704	A-v	1616	AN5.704	rāgapeyyāla	AN5.303-1151	
an5.705	A-v	1616	AN5.705	rāgapeyyāla	AN5.303-1151	
an5.706	A-v	1616	AN5.706	rāgapeyyāla	AN5.303-1151	
an5.707	A-v	1616	AN5.707	rāgapeyyāla	AN5.303-1151	
an5.708	A-v	1616	AN5.708	rāgapeyyāla	AN5.303-1151	
an5.709	A-v	1616	AN5.709	rāgapeyyāla	AN5.303-1151	
an5.710	A-v	1616	AN5.710	rāgapeyyāla	AN5.303-1151	
an5.711	A-v	1616	AN5.711	rāgapeyyāla	AN5.303-1151	
an5.712	A-v	1616	AN5.712	rāgapeyyāla	AN5.303-1151	
an5.713	A-v	1616	AN5.713	rāgapeyyāla	AN5.303-1151	
an5.714	A-v	1616	AN5.714	rāgapeyyāla	AN5.303-1151	
an5.715	A-v	1616	AN5.715	rāgapeyyāla	AN5.303-1151	
an5.716	A-v	1616	AN5.716	rāgapeyyāla	AN5.303-1151	
an5.717	A-v	1616	AN5.717	rāgapeyyāla	AN5.303-1151	
an5.718	A-v	1616	AN5.718	rāgapeyyāla	AN5.303-1151	
an5.719	A-v	1616	AN5.719	rāgapeyyāla	AN5.303-1151	
an5.720	A-v	1616	AN5.720	rāgapeyyāla	AN5.303-1151	
an5.721	A-v	1616	AN5.721	rāgapeyyāla	AN5.303-1151	
an5.722	A-v	1616	AN5.722	rāgapeyyāla	AN5.303-1151	
an5.723	A-v	1616	AN5.723	rāgapeyyāla	AN5.303-1151	
an5.724	A-v	1616	AN5.724	rāgapeyyāla	AN5.303-1151	
an5.725	A-v	1616	AN5.725	rāgapeyyāla	AN5.303-1151	
an5.726	A-v	1616	AN5.726	rāgapeyyāla	AN5.303-1151	
an5.727	A-v	1616	AN5.727	rāgapeyyāla	AN5.303-1151	
an5.728	A-v	1616	AN5.728	rāgapeyyāla	AN5.303-1151	
an5.729	A-v	1616	AN5.729	rāgapeyyāla	AN5.303-1151	
an5.730	A-v	1616	AN5.730	rāgapeyyāla	AN5.303-1151	
an5.731	A-v	1616	AN5.731	rāgapeyyāla	AN5.303-1151	
an5.732	A-v	1616	AN5.732	rāgapeyyāla	AN5.303-1151	
an5.733	A-v	1616	AN5.733	rāgapeyyāla	AN5.303-1151	
an5.734	A-v	1616	AN5.734	rāgapeyyāla	AN5.303-1151	
an5.735	A-v	1616	AN5.735	rāgapeyyāla	AN5.303-1151	
an5.736	A-v	1616	AN5.736	rāgapeyyāla	AN5.303-1151	
an5.737	A-v	1616	AN5.737	rāgapeyyāla	AN5.303-1151	
an5.738	A-v	1616	AN5.738	rāgapeyyāla	AN5.303-1151	
an5.739	A-v	1616	AN5.739	rāgapeyyāla	AN5.303-1151	
an5.740	A-v	1616	AN5.740	rāgapeyyāla	AN5.303-1151	
an5.741	A-v	1616	AN5.741	rāgapeyyāla	AN5.303-1151	
an5.742	A-v	1616	AN5.742	rāgapeyyāla	AN5.303-1151	
an5.743	A-v	1616	AN5.743	rāgapeyyāla	AN5.303-1151	
an5.744	A-v	1616	AN5.744	rāgapeyyāla	AN5.303-1151	
an5.745	A-v	1616	AN5.745	rāgapeyyāla	AN5.303-1151	
an5.746	A-v	1616	AN5.746	rāgapeyyāla	AN5.303-1151	
an5.747	A-v	1616	AN5.747	rāgapeyyāla	AN5.303-1151	
an5.748	A-v	1616	AN5.748	rāgapeyyāla	AN5.303-1151	
an5.749	A-v	1616	AN5.749	rāgapeyyāla	AN5.303-1151	
an5.750	A-v	1616	AN5.750	rāgapeyyāla	AN5.303-1151	
an5.751	A-v	1616	AN5.751	rāgapeyyāla	AN5.303-1151	
an5.752	A-v	1616	AN5.752	rāgapeyyāla	AN5.303-1151	
an5.753	A-v	1616	AN5.753	rāgapeyyāla	AN5.303-1151	
an5.754	A-v	1616	AN5.754	rāgapeyyāla	AN5.303-1151	
an5.755	A-v	1616	AN5.755	rāgapeyyāla	AN5.303-1151	
an5.756	A-v	1616	AN5.756	rāgapeyyāla	AN5.303-1151	
an5.757	A-v	1616	AN5.757	rāgapeyyāla	AN5.303-1151	
an5.758	A-v	1616	AN5.758	rāgapeyyāla	AN5.303-1151	
an5.759	A-v	1616	AN5.759	rāgapeyyāla	AN5.303-1151	
an5.760	A-v	1616	AN5.760	rāgapeyyāla	AN5.303-1151	
an5.761	A-v	1616	AN5.761	rāgapeyyāla	AN5.303-1151	
an5.762	A-v	1616	AN5.762	rāgapeyyāla	AN5.303-1151	
an5.763	A-v	1616	AN5.763	rāgapeyyāla	AN5.303-1151	
an5.764	A-v	1616	AN5.764	rāgapeyyāla	AN5.303-1151	
an5.765	A-v	1616	AN5.765	rāgapeyyāla	AN5.303-1151	
an5.766	A-v	1616	AN5.766	rāgapeyyāla	AN5.303-1151	
an5.767	A-v	1616	AN5.767	rāgapeyyāla	AN5.303-1151	
an5.768	A-v	1616	AN5.768	rāgapeyyāla	AN5.303-1151	
an5.769	A-v	1616	AN5.769	rāgapeyyāla	AN5.303-1151	
an5.770	A-v	1616	AN5.770	rāgapeyyāla	AN5.303-1151	
an5.771	A-v	1616	AN5.771	rāgapeyyāla	AN5.303-1151	
an5.772	A-v	1616	AN5.772	rāgapeyyāla	AN5.303-1151	
an5.773	A-v	1616	AN5.773	rāgapeyyāla	AN5.303-1151	
an5.774	A-v	1616	AN5.774	rāgapeyyāla	AN5.303-1151	
an5.775	A-v	1616	AN5.775	rāgapeyyāla	AN5.303-1151	
an5.776	A-v	1616	AN5.776	rāgapeyyāla	AN5.303-1151	
an5.777	A-v	1616	AN5.777	rāgapeyyāla	AN5.303-1151	
an5.778	A-v	1616	AN5.778	rāgapeyyāla	AN5.303-1151	
an5.779	A-v	1616	AN5.779	rāgapeyyāla	AN5.303-1151	
an5.780	A-v	1616	AN5.780	rāgapeyyāla	AN5.303-1151	
an5.781	A-v	1616	AN5.781	rāgapeyyāla	AN5.303-1151	
an5.782	A-v	1616	AN5.782	rāgapeyyāla	AN5.303-1151	
an5.783	A-v	1616	AN5.783	rāgapeyyāla	AN5.303-1151	
an5.784	A-v	1616	AN5.784	rāgapeyyāla	AN5.303-1151	
an5.785	A-v	1616	AN5.785	rāgapeyyāla	AN5.303-1151	
an5.786	A-v	1616	AN5.786	rāgapeyyāla	AN5.303-1151	
an5.787	A-v	1616	AN5.787	rāgapeyyāla	AN5.303-1151	
an5.788	A-v	1616	AN5.788	rāgapeyyāla	AN5.303-1151	
an5.789	A-v	1616	AN5.789	rāgapeyyāla	AN5.303-1151	
an5.790	A-v	1616	AN5.790	rāgapeyyāla	AN5.303-1151	
an5.791	A-v	1616	AN5.791	rāgapeyyāla	AN5.303-1151	
an5.792	A-v	1616	AN5.792	rāgapeyyāla	AN5.303-1151	
an5.793	A-v	1616	AN5.793	rāgapeyyāla	AN5.303-1151	
an5.794	A-v	1616	AN5.794	rāgapeyyāla	AN5.303-1151	
an5.795	A-v	1616	AN5.795	rāgapeyyāla	AN5.303-1151	
an5.796	A-v	1616	AN5.796	rāgapeyyāla	AN5.303-1151	
an5.797	A-v	1616	AN5.797	rāgapeyyāla	AN5.303-1151	
an5.798	A-v	1616	AN5.798	rāgapeyyāla	AN5.303-1151	
an5.799	A-v	1616	AN5.799	rāgapeyyāla	AN5.303-1151	
an5.800	A-v	1616	AN5.800	rāgapeyyāla	AN5.303-1151	
an5.801	A-v	1616	AN5.801	rāgapeyyāla	AN5.303-1151	
an5.802	A-v	1616	AN5.802	rāgapeyyāla	AN5.303-1151	
an5.803	A-v	1616	AN5.803	rāgapeyyāla	AN5.303-1151	
an5.804	A-v	1616	AN5.804	rāgapeyyāla	AN5.303-1151	
an5.805	A-v	1616	AN5.805	rāgapeyyāla	AN5.303-1151	
an5.806	A-v	1616	AN5.806	rāgapeyyāla	AN5.303-1151	
an5.807	A-v	1616	AN5.807	rāgapeyyāla	AN5.303-1151	
an5.808	A-v	1616	AN5.808	rāgapeyyāla	AN5.303-1151	
an5.809	A-v	1616	AN5.809	rāgapeyyāla	AN5.303-1151	
an5.810	A-v	1616	AN5.810	rāgapeyyāla	AN5.303-1151	
an5.811	A-v	1616	AN5.811	rāgapeyyāla	AN5.303-1151	
an5.812	A-v	1616	AN5.812	rāgapeyyāla	AN5.303-1151	
an5.813	A-v	1616	AN5.813	rāgapeyyāla	AN5.303-1151	
an5.814	A-v	1616	AN5.814	rāgapeyyāla	AN5.303-1151	
an5.815	A-v	1616	AN5.815	rāgapeyyāla	AN5.303-1151	
an5.816	A-v	1616	AN5.816	rāgapeyyāla	AN5.303-1151	
an5.817	A-v	1616	AN5.817	rāgapeyyāla	AN5.303-1151	
an5.818	A-v	1616	AN5.818	rāgapeyyāla	AN5.303-1151	
an5.819	A-v	1616	AN5.819	rāgapeyyāla	AN5.303-1151	
an5.820	A-v	1616	AN5.820	rāgapeyyāla	AN5.303-1151	
an5.821	A-v	1616	AN5.821	rāgapeyyāla	AN5.303-1151	
an5.822	A-v	1616	AN5.822	rāgapeyyāla	AN5.303-1151	
an5.823	A-v	1616	AN5.823	rāgapeyyāla	AN5.303-1151	
an5.824	A-v	1616	AN5.824	rāgapeyyāla	AN5.303-1151	
an5.825	A-v	1616	AN5.825	rāgapeyyāla	AN5.303-1151	
an5.826	A-v	1616	AN5.826	rāgapeyyāla	AN5.303-1151	
an5.827	A-v	1616	AN5.827	rāgapeyyāla	AN5.303-1151	
an5.828	A-v	1616	AN5.828	rāgapeyyāla	AN5.303-1151	
an5.829	A-v	1616	AN5.829	rāgapeyyāla	AN5.303-1151	
an5.830	A-v	1616	AN5.830	rāgapeyyāla	AN5.303-1151	
an5.831	A-v	1616	AN5.831	rāgapeyyāla	AN5.303-1151	
an5.832	A-v	1616	AN5.832	rāgapeyyāla	AN5.303-1151	
an5.833	A-v	1616	AN5.833	rāgapeyyāla	AN5.303-1151	
an5.834	A-v	1616	AN5.834	rāgapeyyāla	AN5.303-1151	
an5.835	A-v	1616	AN5.835	rāgapeyyāla	AN5.303-1151	
an5.836	A-v	1616	AN5.836	rāgapeyyāla	AN5.303-1151	
an5.837	A-v	1616	AN5.837	rāgapeyyāla	AN5.303-1151	
an5.838	A-v	1616	AN5.838	rāgapeyyāla	AN5.303-1151	
an5.839	A-v	1616	AN5.839	rāgapeyyāla	AN5.303-1151	
an5.840	A-v	1616	AN5.840	rāgapeyyāla	AN5.303-1151	
an5.841	A-v	1616	AN5.841	rāgapeyyāla	AN5.303-1151	
an5.842	A-v	1616	AN5.842	rāgapeyyāla	AN5.303-1151	
an5.843	A-v	1616	AN5.843	rāgapeyyāla	AN5.303-1151	
an5.844	A-v	1616	AN5.844	rāgapeyyāla	AN5.303-1151	
an5.845	A-v	1616	AN5.845	rāgapeyyāla	AN5.303-1151	
an5.846	A-v	1616	AN5.846	rāgapeyyāla	AN5.303-1151	
an5.847	A-v	1616	AN5.847	rāgapeyyāla	AN5.303-1151	
an5.848	A-v	1616	AN5.848	rāgapeyyāla	AN5.303-1151	
an5.849	A-v	1616	AN5.849	rāgapeyyāla	AN5.303-1151	
an5.850	A-v	1616	AN5.850	rāgapeyyāla	AN5.303-1151	
an5.851	A-v	1616	AN5.851	rāgapeyyāla	AN5.303-1151	
an5.852	A-v	1616	AN5.852	rāgapeyyāla	AN5.303-1151	
an5.853	A-v	1616	AN5.853	rāgapeyyāla	AN5.303-1151	
an5.854	A-v	1616	AN5.854	rāgapeyyāla	AN5.303-1151	
an5.855	A-v	1616	AN5.855	rāgapeyyāla	AN5.303-1151	
an5.856	A-v	1616	AN5.856	rāgapeyyāla	AN5.303-1151	
an5.857	A-v	1616	AN5.857	rāgapeyyāla	AN5.303-1151	
an5.858	A-v	1616	AN5.858	rāgapeyyāla	AN5.303-1151	
an5.859	A-v	1616	AN5.859	rāgapeyyāla	AN5.303-1151	
an5.860	A-v	1616	AN5.860	rāgapeyyāla	AN5.303-1151	
an5.861	A-v	1616	AN5.861	rāgapeyyāla	AN5.303-1151	
an5.862	A-v	1616	AN5.862	rāgapeyyāla	AN5.303-1151	
an5.863	A-v	1616	AN5.863	rāgapeyyāla	AN5.303-1151	
an5.864	A-v	1616	AN5.864	rāgapeyyāla	AN5.303-1151	
an5.865	A-v	1616	AN5.865	rāgapeyyāla	AN5.303-1151	
an5.866	A-v	1616	AN5.866	rāgapeyyāla	AN5.303-1151	
an5.867	A-v	1616	AN5.867	rāgapeyyāla	AN5.303-1151	
an5.868	A-v	1616	AN5.868	rāgapeyyāla	AN5.303-1151	
an5.869	A-v	1616	AN5.869	rāgapeyyāla	AN5.303-1151	
an5.870	A-v	1616	AN5.870	rāgapeyyāla	AN5.303-1151	
an5.871	A-v	1616	AN5.871	rāgapeyyāla	AN5.303-1151	
an5.872	A-v	1616	AN5.872	rāgapeyyāla	AN5.303-1151	
an5.873	A-v	1616	AN5.873	rāgapeyyāla	AN5.303-1151	
an5.874	A-v	1616	AN5.874	rāgapeyyāla	AN5.303-1151	
an5.875	A-v	1616	AN5.875	rāgapeyyāla	AN5.303-1151	
an5.876	A-v	1616	AN5.876	rāgapeyyāla	AN5.303-1151	
an5.877	A-v	1616	AN5.877	rāgapeyyāla	AN5.303-1151	
an5.878	A-v	1616	AN5.878	rāgapeyyāla	AN5.303-1151	
an5.879	A-v	1616	AN5.879	rāgapeyyāla	AN5.303-1151	
an5.880	A-v	1616	AN5.880	rāgapeyyāla	AN5.303-1151	
an5.881	A-v	1616	AN5.881	rāgapeyyāla	AN5.303-1151	
an5.882	A-v	1616	AN5.882	rāgapeyyāla	AN5.303-1151	
an5.883	A-v	1616	AN5.883	rāgapeyyāla	AN5.303-1151	
an5.884	A-v	1616	AN5.884	rāgapeyyāla	AN5.303-1151	
an5.885	A-v	1616	AN5.885	rāgapeyyāla	AN5.303-1151	
an5.886	A-v	1616	AN5.886	rāgapeyyāla	AN5.303-1151	
an5.887	A-v	1616	AN5.887	rāgapeyyāla	AN5.303-1151	
an5.888	A-v	1616	AN5.888	rāgapeyyāla	AN5.303-1151	
an5.889	A-v	1616	AN5.889	rāgapeyyāla	AN5.303-1151	
an5.890	A-v	1616	AN5.890	rāgapeyyāla	AN5.303-1151	
an5.891	A-v	1616	AN5.891	rāgapeyyāla	AN5.303-1151	
an5.892	A-v	1616	AN5.892	rāgapeyyāla	AN5.303-1151	
an5.893	A-v	1616	AN5.893	rāgapeyyāla	AN5.303-1151	
an5.894	A-v	1616	AN5.894	rāgapeyyāla	AN5.303-1151	
an5.895	A-v	1616	AN5.895	rāgapeyyāla	AN5.303-1151	
an5.896	A-v	1616	AN5.896	rāgapeyyāla	AN5.303-1151	
an5.897	A-v	1616	AN5.897	rāgapeyyāla	AN5.303-1151	
an5.898	A-v	1616	AN5.898	rāgapeyyāla	AN5.303-1151	
an5.899	A-v	1616	AN5.899	rāgapeyyāla	AN5.303-1151	
an5.900	A-v	1616	AN5.900	rāgapeyyāla	AN5.303-1151	
an5.901	A-v	1616	AN5.901	rāgapeyyāla	AN5.303-1151	
an5.902	A-v	1616	AN5.902	rāgapeyyāla	AN5.303-1151	
an5.903	A-v	1616	AN5.903	rāgapeyyāla	AN5.303-1151	
an5.904	A-v	1616	AN5.904	rāgapeyyāla	AN5.303-1151	
an5.905	A-v	1616	AN5.905	rāgapeyyāla	AN5.303-1151	
an5.906	A-v	1616	AN5.906	rāgapeyyāla	AN5.303-1151	
an5.907	A-v	1616	AN5.907	rāgapeyyāla	AN5.303-1151	
an5.908	A-v	1616	AN5.908	rāgapeyyāla	AN5.303-1151	
an5.909	A-v	1616	AN5.909	rāgapeyyāla	AN5.303-1151	
an5.910	A-v	1616	AN5.910	rāgapeyyāla	AN5.303-1151	
an5.911	A-v	1616	AN5.911	rāgapeyyāla	AN5.303-1151	
an5.912	A-v	1616	AN5.912	rāgapeyyāla	AN5.303-1151	
an5.913	A-v	1616	AN5.913	rāgapeyyāla	AN5.303-1151	
an5.914	A-v	1616	AN5.914	rāgapeyyāla	AN5.303-1151	
an5.915	A-v	1616	AN5.915	rāgapeyyāla	AN5.303-1151	
an5.916	A-v	1616	AN5.916	rāgapeyyāla	AN5.303-1151	
an5.917	A-v	1616	AN5.917	rāgapeyyāla	AN5.303-1151	
an5.918	A-v	1616	AN5.918	rāgapeyyāla	AN5.303-1151	
an5.919	A-v	1616	AN5.919	rāgapeyyāla	AN5.303-1151	
an5.920	A-v	1616	AN5.920	rāgapeyyāla	AN5.303-1151	
an5.921	A-v	1616	AN5.921	rāgapeyyāla	AN5.303-1151	
an5.922	A-v	1616	AN5.922	rāgapeyyāla	AN5.303-1151	
an5.923	A-v	1616	AN5.923	rāgapeyyāla	AN5.303-1151	
an5.924	A-v	1616	AN5.924	rāgapeyyāla	AN5.303-1151	
an5.925	A-v	1616	AN5.925	rāgapeyyāla	AN5.303-1151	
an5.926	A-v	1616	AN5.926	rāgapeyyāla	AN5.303-1151	
an5.927	A-v	1616	AN5.927	rāgapeyyāla	AN5.303-1151	
an5.928	A-v	1616	AN5.928	rāgapeyyāla	AN5.303-1151	
an5.929	A-v	1616	AN5.929	rāgapeyyāla	AN5.303-1151	
an5.930	A-v	1616	AN5.930	rāgapeyyāla	AN5.303-1151	
an5.931	A-v	1616	AN5.931	rāgapeyyāla	AN5.303-1151	
an5.932	A-v	1616	AN5.932	rāgapeyyāla	AN5.303-1151	
an5.933	A-v	1616	AN5.933	rāgapeyyāla	AN5.303-1151	
an5.934	A-v	1616	AN5.934	rāgapeyyāla	AN5.303-1151	
an5.935	A-v	1616	AN5.935	rāgapeyyāla	AN5.303-1151	
an5.936	A-v	1616	AN5.936	rāgapeyyāla	AN5.303-1151	
an5.937	A-v	1616	AN5.937	rāgapeyyāla	AN5.303-1151	
an5.938	A-v	1616	AN5.938	rāgapeyyāla	AN5.303-1151	
an5.939	A-v	1616	AN5.939	rāgapeyyāla	AN5.303-1151	
an5.940	A-v	1616	AN5.940	rāgapeyyāla	AN5.303-1151	
an5.941	A-v	1616	AN5.941	rāgapeyyāla	AN5.303-1151	
an5.942	A-v	1616	AN5.942	rāgapeyyāla	AN5.303-1151	
an5.943	A-v	1616	AN5.943	rāgapeyyāla	AN5.303-1151	
an5.944	A-v	1616	AN5.944	rāgapeyyāla	AN5.303-1151	
an5.945	A-v	1616	AN5.945	rāgapeyyāla	AN5.303-1151	
an5.946	A-v	1616	AN5.946	rāgapeyyāla	AN5.303-1151	
an5.947	A-v	1616	AN5.947	rāgapeyyāla	AN5.303-1151	
an5.948	A-v	1616	AN5.948	rāgapeyyāla	AN5.303-1151	
an5.949	A-v	1616	AN5.949	rāgapeyyāla	AN5.303-1151	
an5.950	A-v	1616	AN5.950	rāgapeyyāla	AN5.303-1151	
an5.951	A-v	1616	AN5.951	rāgapeyyāla	AN5.303-1151	
an5.952	A-v	1616	AN5.952	rāgapeyyāla	AN5.303-1151	
an5.953	A-v	1616	AN5.953	rāgapeyyāla	AN5.303-1151	
an5.954	A-v	1616	AN5.954	rāgapeyyāla	AN5.303-1151	
an5.955	A-v	1616	AN5.955	rāgapeyyāla	AN5.303-1151	
an5.956	A-v	1616	AN5.956	rāgapeyyāla	AN5.303-1151	
an5.957	A-v	1616	AN5.957	rāgapeyyāla	AN5.303-1151	
an5.958	A-v	1616	AN5.958	rāgapeyyāla	AN5.303-1151	
an5.959	A-v	1616	AN5.959	rāgapeyyāla	AN5.303-1151	
an5.960	A-v	1616	AN5.960	rāgapeyyāla	AN5.303-1151	
an5.961	A-v	1616	AN5.961	rāgapeyyāla	AN5.303-1151	
an5.962	A-v	1616	AN5.962	rāgapeyyāla	AN5.303-1151	
an5.963	A-v	1616	AN5.963	rāgapeyyāla	AN5.303-1151	
an5.964	A-v	1616	AN5.964	rāgapeyyāla	AN5.303-1151	
an5.965	A-v	1616	AN5.965	rāgapeyyāla	AN5.303-1151	
an5.966	A-v	1616	AN5.966	rāgapeyyāla	AN5.303-1151	
an5.967	A-v	1616	AN5.967	rāgapeyyāla	AN5.303-1151	
an5.968	A-v	1616	AN5.968	rāgapeyyāla	AN5.303-1151	
an5.969	A-v	1616	AN5.969	rāgapeyyāla	AN5.303-1151	
an5.970	A-v	1616	AN5.970	rāgapeyyāla	AN5.303-1151	
an5.971	A-v	1616	AN5.971	rāgapeyyāla	AN5.303-1151	
an5.972	A-v	1616	AN5.972	rāgapeyyāla	AN5.303-1151	
an5.973	A-v	1616	AN5.973	rāgapeyyāla	AN5.303-1151	
an5.974	A-v	1616	AN5.974	rāgapeyyāla	AN5.303-1151	
an5.975	A-v	1616	AN5.975	rāgapeyyāla	AN5.303-1151	
an5.976	A-v	1616	AN5.976	rāgapeyyāla	AN5.303-1151	
an5.977	A-v	1616	AN5.977	rāgapeyyāla	AN5.303-1151	
an5.978	A-v	1616	AN5.978	rāgapeyyāla	AN5.303-1151	
an5.979	A-v	1616	AN5.979	rāgapeyyāla	AN5.303-1151	
an5.980	A-v	1616	AN5.980	rāgapeyyāla	AN5.303-1151	
an5.981	A-v	1616	AN5.981	rāgapeyyāla	AN5.303-1151	
an5.982	A-v	1616	AN5.982	rāgapeyyāla	AN5.303-1151	
an5.983	A-v	1616	AN5.983	rāgapeyyāla	AN5.303-1151	
an5.984	A-v	1616	AN5.984	rāgapeyyāla	AN5.303-1151	
an5.985	A-v	1616	AN5.985	rāgapeyyāla	AN5.303-1151	
an5.986	A-v	1616	AN5.986	rāgapeyyāla	AN5.303-1151	
an5.987	A-v	1616	AN5.987	rāgapeyyāla	AN5.303-1151	
an5.988	A-v	1616	AN5.988	rāgapeyyāla	AN5.303-1151	
an5.989	A-v	1616	AN5.989	rāgapeyyāla	AN5.303-1151	
an5.990	A-v	1616	AN5.990	rāgapeyyāla	AN5.303-1151	
an5.991	A-v	1616	AN5.991	rāgapeyyāla	AN5.303-1151	
an5.992	A-v	1616	AN5.992	rāgapeyyāla	AN5.303-1151	
an5.993	A-v	1616	AN5.993	rāgapeyyāla	AN5.303-1151	
an5.994	A-v	1616	AN5.994	rāgapeyyāla	AN5.303-1151	
an5.995	A-v	1616	AN5.995	rāgapeyyāla	AN5.303-1151	
an5.996	A-v	1616	AN5.996	rāgapeyyāla	AN5.303-1151	
an5.997	A-v	1616	AN5.997	rāgapeyyāla	AN5.303-1151	
an5.998	A-v	1616	AN5.998	rāgapeyyāla	AN5.303-1151	
an5.999	A-v	1616	AN5.999	rāgapeyyāla	AN5.303-1151	
an5.1000	A-v	1616	AN5.1000	rāgapeyyāla	AN5.303-1151	
an5.1001	A-v	1616	AN5.1001	rāgapeyyāla	AN5.303-1151	
an5.1002	A-v	1616	AN5.1002	rāgapeyyāla	AN5.303-1151	
an5.1003	A-v	1616	AN5.1003	rāgapeyyāla	AN5.303-1151	
an5.1004	A-v	1616	AN5.1004	rāgapeyyāla	AN5.303-1151	
an5.1005	A-v	1616	AN5.1005	rāgapeyyāla	AN5.303-1151	
an5.1006	A-v	1616	AN5.1006	rāgapeyyāla	AN5.303-1151	
an5.1007	A-v	1616	AN5.1007	rāgapeyyāla	AN5.303-1151	
an5.1008	A-v	1616	AN5.1008	rāgapeyyāla	AN5.303-1151	
an5.1009	A-v	1616	AN5.1009	rāgapeyyāla	AN5.303-1151	
an5.1010	A-v	1616	AN5.1010	rāgapeyyāla	AN5.303-1151	
an5.1011	A-v	1616	AN5.1011	rāgapeyyāla	AN5.303-1151	
an5.1012	A-v	1616	AN5.1012	rāgapeyyāla	AN5.303-1151	
an5.1013	A-v	1616	AN5.1013	rāgapeyyāla	AN5.303-1151	
an5.1014	A-v	1616	AN5.1014	rāgapeyyāla	AN5.303-1151	
an5.1015	A-v	1616	AN5.1015	rāgapeyyāla	AN5.303-1151	
an5.1016	A-v	1616	AN5.1016	rāgapeyyāla	AN5.303-1151	
an5.1017	A-v	1616	AN5.1017	rāgapeyyāla	AN5.303-1151	
an5.1018	A-v	1616	AN5.1018	rāgapeyyāla	AN5.303-1151	
an5.1019	A-v	1616	AN5.1019	rāgapeyyāla	AN5.303-1151	
an5.1020	A-v	1616	AN5.1020	rāgapeyyāla	AN5.303-1151	
an5.1021	A-v	1616	AN5.1021	rāgapeyyāla	AN5.303-1151	
an5.1022	A-v	1616	AN5.1022	rāgapeyyāla	AN5.303-1151	
an5.1023	A-v	1616	AN5.1023	rāgapeyyāla	AN5.303-1151	
an5.1024	A-v	1616	AN5.1024	rāgapeyyāla	AN5.303-1151	
an5.1025	A-v	1616	AN5.1025	rāgapeyyāla	AN5.303-1151	
an5.1026	A-v	1616	AN5.1026	rāgapeyyāla	AN5.303-1151	
an5.1027	A-v	1616	AN5.1027	rāgapeyyāla	AN5.303-1151	
an5.1028	A-v	1616	AN5.1028	rāgapeyyāla	AN5.303-1151	
an5.1029	A-v	1616	AN5.1029	rāgapeyyāla	AN5.303-1151	
an5.1030	A-v	1616	AN5.1030	rāgapeyyāla	AN5.303-1151	
an5.1031	A-v	1616	AN5.1031	rāgapeyyāla	AN5.303-1151	
an5.1032	A-v	1616	AN5.1032	rāgapeyyāla	AN5.303-1151	
an5.1033	A-v	1616	AN5.1033	rāgapeyyāla	AN5.303-1151	
an5.1034	A-v	1616	AN5.1034	rāgapeyyāla	AN5.303-1151	
an5.1035	A-v	1616	AN5.1035	rāgapeyyāla	AN5.303-1151	
an5.1036	A-v	1616	AN5.1036	rāgapeyyāla	AN5.303-1151	
an5.1037	A-v	1616	AN5.1037	rāgapeyyāla	AN5.303-1151	
an5.1038	A-v	1616	AN5.1038	rāgapeyyāla	AN5.303-1151	
an5.1039	A-v	1616	AN5.1039	rāgapeyyāla	AN5.303-1151	
an5.1040	A-v	1616	AN5.1040	rāgapeyyāla	AN5.303-1151	
an5.1041	A-v	1616	AN5.1041	rāgapeyyāla	AN5.303-1151	
an5.1042	A-v	1616	AN5.1042	rāgapeyyāla	AN5.303-1151	
an5.1043	A-v	1616	AN5.1043	rāgapeyyāla	AN5.303-1151	
an5.1044	A-v	1616	AN5.1044	rāgapeyyāla	AN5.303-1151	
an5.1045	A-v	1616	AN5.1045	rāgapeyyāla	AN5.303-1151	
an5.1046	A-v	1616	AN5.1046	rāgapeyyāla	AN5.303-1151	
an5.1047	A-v	1616	AN5.1047	rāgapeyyāla	AN5.303-1151	
an5.1048	A-v	1616	AN5.1048	rāgapeyyāla	AN5.303-1151	
an5.1049	A-v	1616	AN5.1049	rāgapeyyāla	AN5.303-1151	
an5.1050	A-v	1616	AN5.1050	rāgapeyyāla	AN5.303-1151	
an5.1051	A-v	1616	AN5.1051	rāgapeyyāla	AN5.303-1151	
an5.1052	A-v	1616	AN5.1052	rāgapeyyāla	AN5.303-1151	
an5.1053	A-v	1616	AN5.1053	rāgapeyyāla	AN5.303-1151	
an5.1054	A-v	1616	AN5.1054	rāgapeyyāla	AN5.303-1151	
an5.1055	A-v	1616	AN5.1055	rāgapeyyāla	AN5.303-1151	
an5.1056	A-v	1616	AN5.1056	rāgapeyyāla	AN5.303-1151	
an5.1057	A-v	1616	AN5.1057	rāgapeyyāla	AN5.303-1151	
an5.1058	A-v	1616	AN5.1058	rāgapeyyāla	AN5.303-1151	
an5.1059	A-v	1616	AN5.1059	rāgapeyyāla	AN5.303-1151	
an5.1060	A-v	1616	AN5.1060	rāgapeyyāla	AN5.303-1151	
an5.1061	A-v	1616	AN5.1061	rāgapeyyāla	AN5.303-1151	
an5.1062	A-v	1616	AN5.1062	rāgapeyyāla	AN5.303-1151	
an5.1063	A-v	1616	AN5.1063	rāgapeyyāla	AN5.303-1151	
an5.1064	A-v	1616	AN5.1064	rāgapeyyāla	AN5.303-1151	
an5.1065	A-v	1616	AN5.1065	rāgapeyyāla	AN5.303-1151	
an5.1066	A-v	1616	AN5.1066	rāgapeyyāla	AN5.303-1151	
an5.1067	A-v	1616	AN5.1067	rāgapeyyāla	AN5.303-1151	
an5.1068	A-v	1616	AN5.1068	rāgapeyyāla	AN5.303-1151	
an5.1069	A-v	1616	AN5.1069	rāgapeyyāla	AN5.303-1151	
an5.1070	A-v	1616	AN5.1070	rāgapeyyāla	AN5.303-1151	
an5.1071	A-v	1616	AN5.1071	rāgapeyyāla	AN5.303-1151	
an5.1072	A-v	1616	AN5.1072	rāgapeyyāla	AN5.303-1151	
an5.1073	A-v	1616	AN5.1073	rāgapeyyāla	AN5.303-1151	
an5.1074	A-v	1616	AN5.1074	rāgapeyyāla	AN5.303-1151	
an5.1075	A-v	1616	AN5.1075	rāgapeyyāla	AN5.303-1151	
an5.1076	A-v	1616	AN5.1076	rāgapeyyāla	AN5.303-1151	
an5.1077	A-v	1616	AN5.1077	rāgapeyyāla	AN5.303-1151	
an5.1078	A-v	1616	AN5.1078	rāgapeyyāla	AN5.303-1151	
an5.1079	A-v	1616	AN5.1079	rāgapeyyāla	AN5.303-1151	
an5.1080	A-v	1616	AN5.1080	rāgapeyyāla	AN5.303-1151	
an5.1081	A-v	1616	AN5.1081	rāgapeyyāla	AN5.303-1151	
an5.1082	A-v	1616	AN5.1082	rāgapeyyāla	AN5.303-1151	
an5.1083	A-v	1616	AN5.1083	rāgapeyyāla	AN5.303-1151	
an5.1084	A-v	1616	AN5.1084	rāgapeyyāla	AN5.303-1151	
an5.1085	A-v	1616	AN5.1085	rāgapeyyāla	AN5.303-1151	
an5.1086	A-v	1616	AN5.1086	rāgapeyyāla	AN5.303-1151	
an5.1087	A-v	1616	AN5.1087	rāgapeyyāla	AN5.303-1151	
an5.1088	A-v	1616	AN5.1088	rāgapeyyāla	AN5.303-1151	
an5.1089	A-v	1616	AN5.1089	rāgapeyyāla	AN5.303-1151	
an5.1090	A-v	1616	AN5.1090	rāgapeyyāla	AN5.303-1151	
an5.1091	A-v	1616	AN5.1091	rāgapeyyāla	AN5.303-1151	
an5.1092	A-v	1616	AN5.1092	rāgapeyyāla	AN5.303-1151	
an5.1093	A-v	1616	AN5.1093	rāgapeyyāla	AN5.303-1151	
an5.1094	A-v	1616	AN5.1094	rāgapeyyāla	AN5.303-1151	
an5.1095	A-v	1616	AN5.1095	rāgapeyyāla	AN5.303-1151	
an5.1096	A-v	1616	AN5.1096	rāgapeyyāla	AN5.303-1151	
an5.1097	A-v	1616	AN5.1097	rāgapeyyāla	AN5.303-1151	
an5.1098	A-v	1616	AN5.1098	rāgapeyyāla	AN5.303-1151	
an5.1099	A-v	1616	AN5.1099	rāgapeyyāla	AN5.303-1151	
an5.1100	A-v	1616	AN5.1100	rāgapeyyāla	AN5.303-1151	
an5.1101	A-v	1616	AN5.1101	rāgapeyyāla	AN5.303-1151	
an5.1102	A-v	1616	AN5.1102	rāgapeyyāla	AN5.303-1151	
an5.1103	A-v	1616	AN5.1103	rāgapeyyāla	AN5.303-1151	
an5.1104	A-v	1616	AN5.1104	rāgapeyyāla	AN5.303-1151	
an5.1105	A-v	1616	AN5.1105	rāgapeyyāla	AN5.303-1151	
an5.1106	A-v	1616	AN5.1106	rāgapeyyāla	AN5.303-1151	
an5.1107	A-v	1616	AN5.1107	rāgapeyyāla	AN5.303-1151	
an5.1108	A-v	1616	AN5.1108	rāgapeyyāla	AN5.303-1151	
an5.1109	A-v	1616	AN5.1109	rāgapeyyāla	AN5.303-1151	
an5.1110	A-v	1616	AN5.1110	rāgapeyyāla	AN5.303-1151	
an5.1111	A-v	1616	AN5.1111	rāgapeyyāla	AN5.303-1151	
an5.1112	A-v	1616	AN5.1112	rāgapeyyāla	AN5.303-1151	
an5.1113	A-v	1616	AN5.1113	rāgapeyyāla	AN5.303-1151	
an5.1114	A-v	1616	AN5.1114	rāgapeyyāla	AN5.303-1151	
an5.1115	A-v	1616	AN5.1115	rāgapeyyāla	AN5.303-1151	
an5.1116	A-v	1616	AN5.1116	rāgapeyyāla	AN5.303-1151	
an5.1117	A-v	1616	AN5.1117	rāgapeyyāla	AN5.303-1151	
an5.1118	A-v	1616	AN5.1118	rāgapeyyāla	AN5.303-1151	
an5.1119	A-v	1616	AN5.1119	rāgapeyyāla	AN5.303-1151	
an5.1120	A-v	1616	AN5.1120	rāgapeyyāla	AN5.303-1151	
an5.1121	A-v	1616	AN5.1121	rāgapeyyāla	AN5.303-1151	
an5.1122	A-v	1616	AN5.1122	rāgapeyyāla	AN5.303-1151	
an5.1123	A-v	1616	AN5.1123	rāgapeyyāla	AN5.303-1151	
an5.1124	A-v	1616	AN5.1124	rāgapeyyāla	AN5.303-1151	
an5.1125	A-v	1616	AN5.1125	rāgapeyyāla	AN5.303-1151	
an5.1126	A-v	1616	AN5.1126	rāgapeyyāla	AN5.303-1151	
an5.1127	A-v	1616	AN5.1127	rāgapeyyāla	AN5.303-1151	
an5.1128	A-v	1616	AN5.1128	rāgapeyyāla	AN5.303-1151	
an5.1129	A-v	1616	AN5.1129	rāgapeyyāla	AN5.303-1151	
an5.1130	A-v	1616	AN5.1130	rāgapeyyāla	AN5.303-1151	
an5.1131	A-v	1616	AN5.1131	rāgapeyyāla	AN5.303-1151	
an5.1132	A-v	1616	AN5.1132	rāgapeyyāla	AN5.303-1151	
an5.1133	A-v	1616	AN5.1133	rāgapeyyāla	AN5.303-1151	
an5.1134	A-v	1616	AN5.1134	rāgapeyyāla	AN5.303-1151	
an5.1135	A-v	1616	AN5.1135	rāgapeyyāla	AN5.303-1151	
an5.1136	A-v	1616	AN5.1136	rāgapeyyāla	AN5.303-1151	
an5.1137	A-v	1616	AN5.1137	rāgapeyyāla	AN5.303-1151	
an5.1138	A-v	1616	AN5.1138	rāgapeyyāla	AN5.303-1151	
an5.1139	A-v	1616	AN5.1139	rāgapeyyāla	AN5.303-1151	
an5.1140	A-v	1616	AN5.1140	rāgapeyyāla	AN5.303-1151	
an5.1141	A-v	1616	AN5.1141	rāgapeyyāla	AN5.303-1151	
an5.1142	A-v	1616	AN5.1142	rāgapeyyāla	AN5.303-1151	
an5.1143	A-v	1616	AN5.1143	rāgapeyyāla	AN5.303-1151	
an5.1144	A-v	1616	AN5.1144	rāgapeyyāla	AN5.303-1151	
an5.1145	A-v	1616	AN5.1145	rāgapeyyāla	AN5.303-1151	
an5.1146	A-v	1616	AN5.1146	rāgapeyyāla	AN5.303-1151	
an5.1147	A-v	1616	AN5.1147	rāgapeyyāla	AN5.303-1151	
an5.1148	A-v	1616	AN5.1148	rāgapeyyāla	AN5.303-1151	
an5.1149	A-v	1616	AN5.1149	rāgapeyyāla	AN5.303-1151	
an5.1150	A-v	1616	AN5.1150	rāgapeyyāla	AN5.303-1151	
an5.1151	A-v	1616	AN5.1151	rāgapeyyāla	AN5.303-1151	
an6	A-vi	3	AN6	chakkanipātapāḷi		
an6.1	A-vi	3	AN6.1	paṭhamaāhuneyyasutta		
an6.1-10	A-vi	3	AN6.1-10	āhuneyyavagga		
an6.2	A-vi	10	AN6.2	dutiyaāhuneyyasutta		
an6.3	A-vi	18	AN6.3	indriyasutta		
an6.4	A-vi	20	AN6.4	balasutta		
an6.5	A-vi	22	AN6.5	paṭhamaājānīyasutta		
an6.6	A-vi	26	AN6.6	dutiyaājānīyasutta		
an6.7	A-vi	29	AN6.7	tatiyaājānīyasutta		
an6.8	A-vi	32	AN6.8	anuttariyasutta		
an6.9	A-vi	34	AN6.9	anussatiṭṭhānasutta		
an6.10	A-vi	36	AN6.10	mahānāmasutta		
an6.11	A-vi	49	AN6.11	paṭhamasāraṇīyasutta		
an6.11-20	A-vi	49	AN6.11-20	sāraṇīyavagga		
an6.12	A-vi	57	AN6.12	dutiyasāraṇīyasutta		
an6.13	A-vi	63	AN6.13	nissāraṇīyasutta		
an6.14	A-vi	70	AN6.14	bhaddakasutta		
an6.15	A-vi	80	AN6.15	anutappiyasutta		
an6.16	A-vi	89	AN6.16	nakulapitusutta		
an6.17	A-vi	99	AN6.17	soppasutta		
an6.18	A-vi	105	AN6.18	macchabandhasutta		
an6.19	A-vi	110	AN6.19	paṭhamamaraṇassatisutta		
an6.20	A-vi	125	AN6.20	dutiyamaraṇassatisutta		
an6.21	A-vi	137	AN6.21	sāmakasutta		
an6.21-30	A-vi	137	AN6.21-30	anuttariyavagga		
an6.22	A-vi	144	AN6.22	aparihāniyasutta		
an6.23	A-vi	147	AN6.23	bhayasutta		
an6.24	A-vi	156	AN6.24	himavantasutta		
an6.25	A-vi	158	AN6.25	anussatiṭṭhānasutta		
an6.26	A-vi	166	AN6.26	mahākaccānasutta		
an6.27	A-vi	175	AN6.27	paṭhamasamayasutta		
an6.28	A-vi	183	AN6.28	dutiyasamayasutta		
an6.29	A-vi	193	AN6.29	udāyīsutta		
an6.30	A-vi	205	AN6.30	anuttariyasutta		
an6.31	A-vi	223	AN6.31	sekhasutta		
an6.31-42	A-vi	223	AN6.31-42	devatāvagga		
an6.32	A-vi	227	AN6.32	paṭhamaaparihānasutta		
an6.33	A-vi	234	AN6.33	dutiyaaparihānasutta		
an6.34	A-vi	239	AN6.34	mahāmoggallānasutta		
an6.35	A-vi	247	AN6.35	vijjābhāgiyasutta		
an6.36	A-vi	249	AN6.36	vivādamūlasutta		
an6.37	A-vi	252	AN6.37	chaḷaṅgadānasutta		
an6.38	A-vi	266	AN6.38	attakārīsutta		
an6.39	A-vi	272	AN6.39	nidānasutta		
an6.40	A-vi	275	AN6.40	kimilasutta		
an6.41	A-vi	278	AN6.41	dārukkhandhasutta		
an6.42	A-vi	281	AN6.42	nāgitasutta		
an6.43	A-vi	295	AN6.43	nāgasutta		
an6.43-54	A-vi	295	AN6.43-54	dhammikavagga		
an6.44	A-vi	334	AN6.44	migasālāsutta		
an6.45	A-vi	353	AN6.45	iṇasutta		
an6.46	A-vi	394	AN6.46	mahācundasutta		
an6.47	A-vi	401	AN6.47	paṭhamasandiṭṭhikasutta		
an6.48	A-vi	406	AN6.48	dutiyasandiṭṭhikasutta		
an6.49	A-vi	411	AN6.49	khemasutta		
an6.50	A-vi	418	AN6.50	indriyasaṃvarasutta		
an6.51	A-vi	421	AN6.51	ānandasutta		
an6.52	A-vi	426	AN6.52	khattiyasutta		
an6.53	A-vi	435	AN6.53	appamādasutta		
an6.54	A-vi	447	AN6.54	dhammikasutta		
an6.55	A-vi	492	AN6.55	soṇasutta		
an6.55-64	A-vi	492	AN6.55-64	mahāvagga		
an6.56	A-vi	522	AN6.56	phaggunasutta		
an6.57	A-vi	537	AN6.57	chaḷabhijātisutta		
an6.58	A-vi	553	AN6.58	āsavasutta		
an6.59	A-vi	563	AN6.59	dārukammikasutta		
an6.60	A-vi	573	AN6.60	hatthisāriputtasutta		
an6.61	A-vi	585	AN6.61	majjhesutta		
an6.62	A-vi	599	AN6.62	purisindriyañāṇasutta		
an6.63	A-vi	613	AN6.63	nibbedhikasutta		
an6.64	A-vi	663	AN6.64	sīhanādasutta		
an6.65	A-vi	681	AN6.65	anāgāmiphalasutta		
an6.65-74	A-vi	681	AN6.65-74	devatāvagga		
an6.66	A-vi	685	AN6.66	arahattasutta		
an6.67	A-vi	688	AN6.67	mittasutta		
an6.68	A-vi	691	AN6.68	saṅgaṇikārāmasutta		
an6.69	A-vi	694	AN6.69	devatāsutta		
an6.70	A-vi	699	AN6.70	samādhisutta		
an6.71	A-vi	702	AN6.71	sakkhibhabbasutta		
an6.72	A-vi	705	AN6.72	balasutta		
an6.73	A-vi	708	AN6.73	paṭhamatajjhānasutta		
an6.74	A-vi	711	AN6.74	dutiyatajjhānasutta		
an6.75	A-vi	718	AN6.75	dukkhasutta		
an6.75-84	A-vi	718	AN6.75-84	arahattavagga		
an6.76	A-vi	722	AN6.76	arahattasutta		
an6.77	A-vi	725	AN6.77	uttarimanussadhammasutta		
an6.78	A-vi	728	AN6.78	sukhasomanassasutta		
an6.79	A-vi	730	AN6.79	adhigamasutta		
an6.80	A-vi	733	AN6.80	mahantattasutta		
an6.81	A-vi	735	AN6.81	paṭhamanirayasutta		
an6.82	A-vi	738	AN6.82	dutiyanirayasutta		
an6.83	A-vi	741	AN6.83	aggadhammasutta		
an6.84	A-vi	744	AN6.84	rattidivasasutta		
an6.85	A-vi	751	AN6.85	sītibhāvasutta		
an6.85-95	A-vi	751	AN6.85-95	sītivagga		
an6.86	A-vi	755	AN6.86	āvaraṇasutta		
an6.87	A-vi	758	AN6.87	voropitasutta		
an6.88	A-vi	761	AN6.88	sussūsatisutta		
an6.89	A-vi	764	AN6.89	appahāyasutta		
an6.90	A-vi	767	AN6.90	pahīnasutta		
an6.91	A-vi	769	AN6.91	abhabbasutta		
an6.92	A-vi	771	AN6.92	paṭhamaabhabbaṭṭhānasutta		
an6.93	A-vi	773	AN6.93	dutiyaabhabbaṭṭhānasutta		
an6.94	A-vi	775	AN6.94	tatiyaabhabbaṭṭhānasutta		
an6.95	A-vi	777	AN6.95	catutthaabhabbaṭṭhānasutta		
an6.96	A-vi	783	AN6.96	pātubhāvasutta		
an6.96-106	A-vi	783	AN6.96-106	ānisaṃsavagga		
an6.97	A-vi	786	AN6.97	ānisaṃsasutta		
an6.98	A-vi	788	AN6.98	aniccasutta		
an6.99	A-vi	791	AN6.99	dukkhasutta		
an6.100	A-vi	793	AN6.100	anattasutta		
an6.101	A-vi	795	AN6.101	nibbānasutta		
an6.102	A-vi	798	AN6.102	anavatthitasutta		
an6.103	A-vi	800	AN6.103	ukkhittāsikasutta		
an6.104	A-vi	802	AN6.104	atammayasutta		
an6.105	A-vi	804	AN6.105	bhavasutta		
an6.106	A-vi	806	AN6.106	taṇhāsutta		
an6.107	A-vi	814	AN6.107	rāgasutta		
an6.107-116	A-vi	814	AN6.107-116	tikavagga		
an6.108	A-vi	817	AN6.108	duccaritasutta		
an6.109	A-vi	819	AN6.109	vitakkasutta		
an6.110	A-vi	821	AN6.110	saññāsutta		
an6.111	A-vi	823	AN6.111	dhātusutta		
an6.112	A-vi	825	AN6.112	assādasutta		
an6.113	A-vi	827	AN6.113	aratisutta		
an6.114	A-vi	829	AN6.114	santuṭṭhitāsutta		
an6.115	A-vi	831	AN6.115	dovacassatāsutta		
an6.116	A-vi	833	AN6.116	uddhaccasutta		
an6.117	A-vi	839	AN6.117	kāyānupassīsutta		
an6.117-139	A-vi	839	AN6.117-139	sāmaññavagga		
an6.118	A-vi	843	AN6.118	dhammānupassīsutta		
an6.119	A-vi	845	AN6.119	tapussasutta		
an6.120	A-vi	847	AN6.120	sāmaññavagga	AN6.117-139	
an6.120-139	A-vi	847	AN6.120-139	bhallikādisuttāni		
an6.121	A-vi	847	AN6.121	sāmaññavagga	AN6.117-139	
an6.122	A-vi	847	AN6.122	sāmaññavagga	AN6.117-139	
an6.123	A-vi	847	AN6.123	sāmaññavagga	AN6.117-139	
an6.124	A-vi	847	AN6.124	sāmaññavagga	AN6.117-139	
an6.125	A-vi	847	AN6.125	sāmaññavagga	AN6.117-139	
an6.126	A-vi	847	AN6.126	sāmaññavagga	AN6.117-139	
an6.127	A-vi	847	AN6.127	sāmaññavagga	AN6.117-139	
an6.128	A-vi	847	AN6.128	sāmaññavagga	AN6.117-139	
an6.129	A-vi	847	AN6.129	sāmaññavagga	AN6.117-139	
an6.130	A-vi	847	AN6.130	sāmaññavagga	AN6.117-139	
an6.131	A-vi	847	AN6.131	sāmaññavagga	AN6.117-139	
an6.132	A-vi	847	AN6.132	sāmaññavagga	AN6.117-139	
an6.133	A-vi	847	AN6.133	sāmaññavagga	AN6.117-139	
an6.134	A-vi	847	AN6.134	sāmaññavagga	AN6.117-139	
an6.135	A-vi	847	AN6.135	sāmaññavagga	AN6.117-139	
an6.136	A-vi	847	AN6.136	sāmaññavagga	AN6.117-139	
an6.137	A-vi	847	AN6.137	sāmaññavagga	AN6.117-139	
an6.138	A-vi	847	AN6.138	sāmaññavagga	AN6.117-139	
an6.139	A-vi	847	AN6.139	sāmaññavagga	AN6.117-139	
an6.140	A-vi	850	AN6.140	rāgapeyyāla	AN6.140-649	
an6.140-649	A-vi	850	AN6.140-649	rāgapeyyāla		AN6.140
an6.141	A-vi	852	AN6.141	rāgapeyyāla	AN6.140-649	
an6.142	A-vi	853	AN6.142	rāgapeyyāla	AN6.140-649	
an6.143	A-vi	854	AN6.143	rāgapeyyāla	AN6.140-649	
an6.144	A-vi	854	AN6.144	rāgapeyyāla	AN6.140-649	
an6.145	A-vi	854	AN6.145	rāgapeyyāla	AN6.140-649	
an6.146	A-vi	854	AN6.146	rāgapeyyāla	AN6.140-649	
an6.147	A-vi	854	AN6.147	rāgapeyyāla	AN6.140-649	
an6.148	A-vi	854	AN6.148	rāgapeyyāla	AN6.140-649	
an6.149	A-vi	854	AN6.149	rāgapeyyāla	AN6.140-649	
an6.150	A-vi	854	AN6.150	rāgapeyyāla	AN6.140-649	
an6.151	A-vi	854	AN6.151	rāgapeyyāla	AN6.140-649	
an6.152	A-vi	854	AN6.152	rāgapeyyāla	AN6.140-649	
an6.153	A-vi	854	AN6.153	rāgapeyyāla	AN6.140-649	
an6.154	A-vi	854	AN6.154	rāgapeyyāla	AN6.140-649	
an6.155	A-vi	854	AN6.155	rāgapeyyāla	AN6.140-649	
an6.156	A-vi	854	AN6.156	rāgapeyyāla	AN6.140-649	
an6.157	A-vi	854	AN6.157	rāgapeyyāla	AN6.140-649	
an6.158	A-vi	854	AN6.158	rāgapeyyāla	AN6.140-649	
an6.159	A-vi	854	AN6.159	rāgapeyyāla	AN6.140-649	
an6.160	A-vi	854	AN6.160	rāgapeyyāla	AN6.140-649	
an6.161	A-vi	854	AN6.161	rāgapeyyāla	AN6.140-649	
an6.162	A-vi	854	AN6.162	rāgapeyyāla	AN6.140-649	
an6.163	A-vi	854	AN6.163	rāgapeyyāla	AN6.140-649	
an6.164	A-vi	854	AN6.164	rāgapeyyāla	AN6.140-649	
an6.165	A-vi	854	AN6.165	rāgapeyyāla	AN6.140-649	
an6.166	A-vi	854	AN6.166	rāgapeyyāla	AN6.140-649	
an6.167	A-vi	854	AN6.167	rāgapeyyāla	AN6.140-649	
an6.168	A-vi	854	AN6.168	rāgapeyyāla	AN6.140-649	
an6.169	A-vi	854	AN6.169	rāgapeyyāla	AN6.140-649	
an6.170	A-vi	855	AN6.170	rāgapeyyāla	AN6.140-649	
an6.171	A-vi	855	AN6.171	rāgapeyyāla	AN6.140-649	
an6.172	A-vi	855	AN6.172	rāgapeyyāla	AN6.140-649	
an6.173	A-vi	855	AN6.173	rāgapeyyāla	AN6.140-649	
an6.174	A-vi	855	AN6.174	rāgapeyyāla	AN6.140-649	
an6.175	A-vi	855	AN6.175	rāgapeyyāla	AN6.140-649	
an6.176	A-vi	855	AN6.176	rāgapeyyāla	AN6.140-649	
an6.177	A-vi	855	AN6.177	rāgapeyyāla	AN6.140-649	
an6.178	A-vi	855	AN6.178	rāgapeyyāla	AN6.140-649	
an6.179	A-vi	855	AN6.179	rāgapeyyāla	AN6.140-649	
an6.180	A-vi	855	AN6.180	rāgapeyyāla	AN6.140-649	
an6.181	A-vi	855	AN6.181	rāgapeyyāla	AN6.140-649	
an6.182	A-vi	855	AN6.182	rāgapeyyāla	AN6.140-649	
an6.183	A-vi	855	AN6.183	rāgapeyyāla	AN6.140-649	
an6.184	A-vi	855	AN6.184	rāgapeyyāla	AN6.140-649	
an6.185	A-vi	855	AN6.185	rāgapeyyāla	AN6.140-649	
an6.186	A-vi	855	AN6.186	rāgapeyyāla	AN6.140-649	
an6.187	A-vi	855	AN6.187	rāgapeyyāla	AN6.140-649	
an6.188	A-vi	855	AN6.188	rāgapeyyāla	AN6.140-649	
an6.189	A-vi	855	AN6.189	rāgapeyyāla	AN6.140-649	
an6.190	A-vi	855	AN6.190	rāgapeyyāla	AN6.140-649	
an6.191	A-vi	855	AN6.191	rāgapeyyāla	AN6.140-649	
an6.192	A-vi	855	AN6.192	rāgapeyyāla	AN6.140-649	
an6.193	A-vi	855	AN6.193	rāgapeyyāla	AN6.140-649	
an6.194	A-vi	855	AN6.194	rāgapeyyāla	AN6.140-649	
an6.195	A-vi	855	AN6.195	rāgapeyyāla	AN6.140-649	
an6.196	A-vi	855	AN6.196	rāgapeyyāla	AN6.140-649	
an6.197	A-vi	855	AN6.197	rāgapeyyāla	AN6.140-649	
an6.198	A-vi	855	AN6.198	rāgapeyyāla	AN6.140-649	
an6.199	A-vi	855	AN6.199	rāgapeyyāla	AN6.140-649	
an6.200	A-vi	855	AN6.200	rāgapeyyāla	AN6.140-649	
an6.201	A-vi	855	AN6.201	rāgapeyyāla	AN6.140-649	
an6.202	A-vi	855	AN6.202	rāgapeyyāla	AN6.140-649	
an6.203	A-vi	855	AN6.203	rāgapeyyāla	AN6.140-649	
an6.204	A-vi	855	AN6.204	rāgapeyyāla	AN6.140-649	
an6.205	A-vi	855	AN6.205	rāgapeyyāla	AN6.140-649	
an6.206	A-vi	855	AN6.206	rāgapeyyāla	AN6.140-649	
an6.207	A-vi	855	AN6.207	rāgapeyyāla	AN6.140-649	
an6.208	A-vi	855	AN6.208	rāgapeyyāla	AN6.140-649	
an6.209	A-vi	855	AN6.209	rāgapeyyāla	AN6.140-649	
an6.210	A-vi	855	AN6.210	rāgapeyyāla	AN6.140-649	
an6.211	A-vi	855	AN6.211	rāgapeyyāla	AN6.140-649	
an6.212	A-vi	855	AN6.212	rāgapeyyāla	AN6.140-649	
an6.213	A-vi	855	AN6.213	rāgapeyyāla	AN6.140-649	
an6.214	A-vi	855	AN6.214	rāgapeyyāla	AN6.140-649	
an6.215	A-vi	855	AN6.215	rāgapeyyāla	AN6.140-649	
an6.216	A-vi	855	AN6.216	rāgapeyyāla	AN6.140-649	
an6.217	A-vi	855	AN6.217	rāgapeyyāla	AN6.140-649	
an6.218	A-vi	855	AN6.218	rāgapeyyāla	AN6.140-649	
an6.219	A-vi	855	AN6.219	rāgapeyyāla	AN6.140-649	
an6.220	A-vi	855	AN6.220	rāgapeyyāla	AN6.140-649	
an6.221	A-vi	855	AN6.221	rāgapeyyāla	AN6.140-649	
an6.222	A-vi	855	AN6.222	rāgapeyyāla	AN6.140-649	
an6.223	A-vi	855	AN6.223	rāgapeyyāla	AN6.140-649	
an6.224	A-vi	855	AN6.224	rāgapeyyāla	AN6.140-649	
an6.225	A-vi	855	AN6.225	rāgapeyyāla	AN6.140-649	
an6.226	A-vi	855	AN6.226	rāgapeyyāla	AN6.140-649	
an6.227	A-vi	855	AN6.227	rāgapeyyāla	AN6.140-649	
an6.228	A-vi	855	AN6.228	rāgapeyyāla	AN6.140-649	
an6.229	A-vi	855	AN6.229	rāgapeyyāla	AN6.140-649	
an6.230	A-vi	855	AN6.230	rāgapeyyāla	AN6.140-649	
an6.231	A-vi	855	AN6.231	rāgapeyyāla	AN6.140-649	
an6.232	A-vi	855	AN6.232	rāgapeyyāla	AN6.140-649	
an6.233	A-vi	855	AN6.233	rāgapeyyāla	AN6.140-649	
an6.234	A-vi	855	AN6.234	rāgapeyyāla	AN6.140-649	
an6.235	A-vi	855	AN6.235	rāgapeyyāla	AN6.140-649	
an6.236	A-vi	855	AN6.236	rāgapeyyāla	AN6.140-649	
an6.237	A-vi	855	AN6.237	rāgapeyyāla	AN6.140-649	
an6.238	A-vi	855	AN6.238	rāgapeyyāla	AN6.140-649	
an6.239	A-vi	855	AN6.239	rāgapeyyāla	AN6.140-649	
an6.240	A-vi	855	AN6.240	rāgapeyyāla	AN6.140-649	
an6.241	A-vi	855	AN6.241	rāgapeyyāla	AN6.140-649	
an6.242	A-vi	855	AN6.242	rāgapeyyāla	AN6.140-649	
an6.243	A-vi	855	AN6.243	rāgapeyyāla	AN6.140-649	
an6.244	A-vi	855	AN6.244	rāgapeyyāla	AN6.140-649	
an6.245	A-vi	855	AN6.245	rāgapeyyāla	AN6.140-649	
an6.246	A-vi	855	AN6.246	rāgapeyyāla	AN6.140-649	
an6.247	A-vi	855	AN6.247	rāgapeyyāla	AN6.140-649	
an6.248	A-vi	855	AN6.248	rāgapeyyāla	AN6.140-649	
an6.249	A-vi	855	AN6.249	rāgapeyyāla	AN6.140-649	
an6.250	A-vi	855	AN6.250	rāgapeyyāla	AN6.140-649	
an6.251	A-vi	855	AN6.251	rāgapeyyāla	AN6.140-649	
an6.252	A-vi	855	AN6.252	rāgapeyyāla	AN6.140-649	
an6.253	A-vi	855	AN6.253	rāgapeyyāla	AN6.140-649	
an6.254	A-vi	855	AN6.254	rāgapeyyāla	AN6.140-649	
an6.255	A-vi	855	AN6.255	rāgapeyyāla	AN6.140-649	
an6.256	A-vi	855	AN6.256	rāgapeyyāla	AN6.140-649	
an6.257	A-vi	855	AN6.257	rāgapeyyāla	AN6.140-649	
an6.258	A-vi	855	AN6.258	rāgapeyyāla	AN6.140-649	
an6.259	A-vi	855	AN6.259	rāgapeyyāla	AN6.140-649	
an6.260	A-vi	855	AN6.260	rāgapeyyāla	AN6.140-649	
an6.261	A-vi	855	AN6.261	rāgapeyyāla	AN6.140-649	
an6.262	A-vi	855	AN6.262	rāgapeyyāla	AN6.140-649	
an6.263	A-vi	855	AN6.263	rāgapeyyāla	AN6.140-649	
an6.264	A-vi	855	AN6.264	rāgapeyyāla	AN6.140-649	
an6.265	A-vi	855	AN6.265	rāgapeyyāla	AN6.140-649	
an6.266	A-vi	855	AN6.266	rāgapeyyāla	AN6.140-649	
an6.267	A-vi	855	AN6.267	rāgapeyyāla	AN6.140-649	
an6.268	A-vi	855	AN6.268	rāgapeyyāla	AN6.140-649	
an6.269	A-vi	855	AN6.269	rāgapeyyāla	AN6.140-649	
an6.270	A-vi	855	AN6.270	rāgapeyyāla	AN6.140-649	
an6.271	A-vi	855	AN6.271	rāgapeyyāla	AN6.140-649	
an6.272	A-vi	855	AN6.272	rāgapeyyāla	AN6.140-649	
an6.273	A-vi	855	AN6.273	rāgapeyyāla	AN6.140-649	
an6.274	A-vi	855	AN6.274	rāgapeyyāla	AN6.140-649	
an6.275	A-vi	855	AN6.275	rāgapeyyāla	AN6.140-649	
an6.276	A-vi	855	AN6.276	rāgapeyyāla	AN6.140-649	
an6.277	A-vi	855	AN6.277	rāgapeyyāla	AN6.140-649	
an6.278	A-vi	855	AN6.278	rāgapeyyāla	AN6.140-649	
an6.279	A-vi	855	AN6.279	rāgapeyyāla	AN6.140-649	
an6.280	A-vi	855	AN6.280	rāgapeyyāla	AN6.140-649	
an6.281	A-vi	855	AN6.281	rāgapeyyāla	AN6.140-649	
an6.282	A-vi	855	AN6.282	rāgapeyyāla	AN6.140-649	
an6.283	A-vi	855	AN6.283	rāgapeyyāla	AN6.140-649	
an6.284	A-vi	855	AN6.284	rāgapeyyāla	AN6.140-649	
an6.285	A-vi	855	AN6.285	rāgapeyyāla	AN6.140-649	
an6.286	A-vi	855	AN6.286	rāgapeyyāla	AN6.140-649	
an6.287	A-vi	855	AN6.287	rāgapeyyāla	AN6.140-649	
an6.288	A-vi	855	AN6.288	rāgapeyyāla	AN6.140-649	
an6.289	A-vi	855	AN6.289	rāgapeyyāla	AN6.140-649	
an6.290	A-vi	855	AN6.290	rāgapeyyāla	AN6.140-649	
an6.291	A-vi	855	AN6.291	rāgapeyyāla	AN6.140-649	
an6.292	A-vi	855	AN6.292	rāgapeyyāla	AN6.140-649	
an6.293	A-vi	855	AN6.293	rāgapeyyāla	AN6.140-649	
an6.294	A-vi	855	AN6.294	rāgapeyyāla	AN6.140-649	
an6.295	A-vi	855	AN6.295	rāgapeyyāla	AN6.140-649	
an6.296	A-vi	855	AN6.296	rāgapeyyāla	AN6.140-649	
an6.297	A-vi	855	AN6.297	rāgapeyyāla	AN6.140-649	
an6.298	A-vi	855	AN6.298	rāgapeyyāla	AN6.140-649	
an6.299	A-vi	855	AN6.299	rāgapeyyāla	AN6.140-649	
an6.300	A-vi	855	AN6.300	rāgapeyyāla	AN6.140-649	
an6.301	A-vi	855	AN6.301	rāgapeyyāla	AN6.140-649	
an6.302	A-vi	855	AN6.302	rāgapeyyāla	AN6.140-649	
an6.303	A-vi	855	AN6.303	rāgapeyyāla	AN6.140-649	
an6.304	A-vi	855	AN6.304	rāgapeyyāla	AN6.140-649	
an6.305	A-vi	855	AN6.305	rāgapeyyāla	AN6.140-649	
an6.306	A-vi	855	AN6.306	rāgapeyyāla	AN6.140-649	
an6.307	A-vi	855	AN6.307	rāgapeyyāla	AN6.140-649	
an6.308	A-vi	855	AN6.308	rāgapeyyāla	AN6.140-649	
an6.309	A-vi	855	AN6.309	rāgapeyyāla	AN6.140-649	
an6.310	A-vi	855	AN6.310	rāgapeyyāla	AN6.140-649	
an6.311	A-vi	855	AN6.311	rāgapeyyāla	AN6.140-649	
an6.312	A-vi	855	AN6.312	rāgapeyyāla	AN6.140-649	
an6.313	A-vi	855	AN6.313	rāgapeyyāla	AN6.140-649	
an6.314	A-vi	855	AN6.314	rāgapeyyāla	AN6.140-649	
an6.315	A-vi	855	AN6.315	rāgapeyyāla	AN6.140-649	
an6.316	A-vi	855	AN6.316	rāgapeyyāla	AN6.140-649	
an6.317	A-vi	855	AN6.317	rāgapeyyāla	AN6.140-649	
an6.318	A-vi	855	AN6.318	rāgapeyyāla	AN6.140-649	
an6.319	A-vi	855	AN6.319	rāgapeyyāla	AN6.140-649	
an6.320	A-vi	855	AN6.320	rāgapeyyāla	AN6.140-649	
an6.321	A-vi	855	AN6.321	rāgapeyyāla	AN6.140-649	
an6.322	A-vi	855	AN6.322	rāgapeyyāla	AN6.140-649	
an6.323	A-vi	855	AN6.323	rāgapeyyāla	AN6.140-649	
an6.324	A-vi	855	AN6.324	rāgapeyyāla	AN6.140-649	
an6.325	A-vi	855	AN6.325	rāgapeyyāla	AN6.140-649	
an6.326	A-vi	855	AN6.326	rāgapeyyāla	AN6.140-649	
an6.327	A-vi	855	AN6.327	rāgapeyyāla	AN6.140-649	
an6.328	A-vi	855	AN6.328	rāgapeyyāla	AN6.140-649	
an6.329	A-vi	855	AN6.329	rāgapeyyāla	AN6.140-649	
an6.330	A-vi	855	AN6.330	rāgapeyyāla	AN6.140-649	
an6.331	A-vi	855	AN6.331	rāgapeyyāla	AN6.140-649	
an6.332	A-vi	855	AN6.332	rāgapeyyāla	AN6.140-649	
an6.333	A-vi	855	AN6.333	rāgapeyyāla	AN6.140-649	
an6.334	A-vi	855	AN6.334	rāgapeyyāla	AN6.140-649	
an6.335	A-vi	855	AN6.335	rāgapeyyāla	AN6.140-649	
an6.336	A-vi	855	AN6.336	rāgapeyyāla	AN6.140-649	
an6.337	A-vi	855	AN6.337	rāgapeyyāla	AN6.140-649	
an6.338	A-vi	855	AN6.338	rāgapeyyāla	AN6.140-649	
an6.339	A-vi	855	AN6.339	rāgapeyyāla	AN6.140-649	
an6.340	A-vi	855	AN6.340	rāgapeyyāla	AN6.140-649	
an6.341	A-vi	855	AN6.341	rāgapeyyāla	AN6.140-649	
an6.342	A-vi	855	AN6.342	rāgapeyyāla	AN6.140-649	
an6.343	A-vi	855	AN6.343	rāgapeyyāla	AN6.140-649	
an6.344	A-vi	855	AN6.344	rāgapeyyāla	AN6.140-649	
an6.345	A-vi	855	AN6.345	rāgapeyyāla	AN6.140-649	
an6.346	A-vi	855	AN6.346	rāgapeyyāla	AN6.140-649	
an6.347	A-vi	855	AN6.347	rāgapeyyāla	AN6.140-649	
an6.348	A-vi	855	AN6.348	rāgapeyyāla	AN6.140-649	
an6.349	A-vi	855	AN6.349	rāgapeyyāla	AN6.140-649	
an6.350	A-vi	855	AN6.350	rāgapeyyāla	AN6.140-649	
an6.351	A-vi	855	AN6.351	rāgapeyyāla	AN6.140-649	
an6.352	A-vi	855	AN6.352	rāgapeyyāla	AN6.140-649	
an6.353	A-vi	855	AN6.353	rāgapeyyāla	AN6.140-649	
an6.354	A-vi	855	AN6.354	rāgapeyyāla	AN6.140-649	
an6.355	A-vi	855	AN6.355	rāgapeyyāla	AN6.140-649	
an6.356	A-vi	855	AN6.356	rāgapeyyāla	AN6.140-649	
an6.357	A-vi	855	AN6.357	rāgapeyyāla	AN6.140-649	
an6.358	A-vi	855	AN6.358	rāgapeyyāla	AN6.140-649	
an6.359	A-vi	855	AN6.359	rāgapeyyāla	AN6.140-649	
an6.360	A-vi	855	AN6.360	rāgapeyyāla	AN6.140-649	
an6.361	A-vi	855	AN6.361	rāgapeyyāla	AN6.140-649	
an6.362	A-vi	855	AN6.362	rāgapeyyāla	AN6.140-649	
an6.363	A-vi	855	AN6.363	rāgapeyyāla	AN6.140-649	
an6.364	A-vi	855	AN6.364	rāgapeyyāla	AN6.140-649	
an6.365	A-vi	855	AN6.365	rāgapeyyāla	AN6.140-649	
an6.366	A-vi	855	AN6.366	rāgapeyyāla	AN6.140-649	
an6.367	A-vi	855	AN6.367	rāgapeyyāla	AN6.140-649	
an6.368	A-vi	855	AN6.368	rāgapeyyāla	AN6.140-649	
an6.369	A-vi	855	AN6.369	rāgapeyyāla	AN6.140-649	
an6.370	A-vi	855	AN6.370	rāgapeyyāla	AN6.140-649	
an6.371	A-vi	855	AN6.371	rāgapeyyāla	AN6.140-649	
an6.372	A-vi	855	AN6.372	rāgapeyyāla	AN6.140-649	
an6.373	A-vi	855	AN6.373	rāgapeyyāla	AN6.140-649	
an6.374	A-vi	855	AN6.374	rāgapeyyāla	AN6.140-649	
an6.375	A-vi	855	AN6.375	rāgapeyyāla	AN6.140-649	
an6.376	A-vi	855	AN6.376	rāgapeyyāla	AN6.140-649	
an6.377	A-vi	855	AN6.377	rāgapeyyāla	AN6.140-649	
an6.378	A-vi	855	AN6.378	rāgapeyyāla	AN6.140-649	
an6.379	A-vi	855	AN6.379	rāgapeyyāla	AN6.140-649	
an6.380	A-vi	855	AN6.380	rāgapeyyāla	AN6.140-649	
an6.381	A-vi	855	AN6.381	rāgapeyyāla	AN6.140-649	
an6.382	A-vi	855	AN6.382	rāgapeyyāla	AN6.140-649	
an6.383	A-vi	855	AN6.383	rāgapeyyāla	AN6.140-649	
an6.384	A-vi	855	AN6.384	rāgapeyyāla	AN6.140-649	
an6.385	A-vi	855	AN6.385	rāgapeyyāla	AN6.140-649	
an6.386	A-vi	855	AN6.386	rāgapeyyāla	AN6.140-649	
an6.387	A-vi	855	AN6.387	rāgapeyyāla	AN6.140-649	
an6.388	A-vi	855	AN6.388	rāgapeyyāla	AN6.140-649	
an6.389	A-vi	855	AN6.389	rāgapeyyāla	AN6.140-649	
an6.390	A-vi	855	AN6.390	rāgapeyyāla	AN6.140-649	
an6.391	A-vi	855	AN6.391	rāgapeyyāla	AN6.140-649	
an6.392	A-vi	855	AN6.392	rāgapeyyāla	AN6.140-649	
an6.393	A-vi	855	AN6.393	rāgapeyyāla	AN6.140-649	
an6.394	A-vi	855	AN6.394	rāgapeyyāla	AN6.140-649	
an6.395	A-vi	855	AN6.395	rāgapeyyāla	AN6.140-649	
an6.396	A-vi	855	AN6.396	rāgapeyyāla	AN6.140-649	
an6.397	A-vi	855	AN6.397	rāgapeyyāla	AN6.140-649	
an6.398	A-vi	855	AN6.398	rāgapeyyāla	AN6.140-649	
an6.399	A-vi	855	AN6.399	rāgapeyyāla	AN6.140-649	
an6.400	A-vi	855	AN6.400	rāgapeyyāla	AN6.140-649	
an6.401	A-vi	855	AN6.401	rāgapeyyāla	AN6.140-649	
an6.402	A-vi	855	AN6.402	rāgapeyyāla	AN6.140-649	
an6.403	A-vi	855	AN6.403	rāgapeyyāla	AN6.140-649	
an6.404	A-vi	855	AN6.404	rāgapeyyāla	AN6.140-649	
an6.405	A-vi	855	AN6.405	rāgapeyyāla	AN6.140-649	
an6.406	A-vi	855	AN6.406	rāgapeyyāla	AN6.140-649	
an6.407	A-vi	855	AN6.407	rāgapeyyāla	AN6.140-649	
an6.408	A-vi	855	AN6.408	rāgapeyyāla	AN6.140-649	
an6.409	A-vi	855	AN6.409	rāgapeyyāla	AN6.140-649	
an6.410	A-vi	855	AN6.410	rāgapeyyāla	AN6.140-649	
an6.411	A-vi	855	AN6.411	rāgapeyyāla	AN6.140-649	
an6.412	A-vi	855	AN6.412	rāgapeyyāla	AN6.140-649	
an6.413	A-vi	855	AN6.413	rāgapeyyāla	AN6.140-649	
an6.414	A-vi	855	AN6.414	rāgapeyyāla	AN6.140-649	
an6.415	A-vi	855	AN6.415	rāgapeyyāla	AN6.140-649	
an6.416	A-vi	855	AN6.416	rāgapeyyāla	AN6.140-649	
an6.417	A-vi	855	AN6.417	rāgapeyyāla	AN6.140-649	
an6.418	A-vi	855	AN6.418	rāgapeyyāla	AN6.140-649	
an6.419	A-vi	855	AN6.419	rāgapeyyāla	AN6.140-649	
an6.420	A-vi	855	AN6.420	rāgapeyyāla	AN6.140-649	
an6.421	A-vi	855	AN6.421	rāgapeyyāla	AN6.140-649	
an6.422	A-vi	855	AN6.422	rāgapeyyāla	AN6.140-649	
an6.423	A-vi	855	AN6.423	rāgapeyyāla	AN6.140-649	
an6.424	A-vi	855	AN6.424	rāgapeyyāla	AN6.140-649	
an6.425	A-vi	855	AN6.425	rāgapeyyāla	AN6.140-649	
an6.426	A-vi	855	AN6.426	rāgapeyyāla	AN6.140-649	
an6.427	A-vi	855	AN6.427	rāgapeyyāla	AN6.140-649	
an6.428	A-vi	855	AN6.428	rāgapeyyāla	AN6.140-649	
an6.429	A-vi	855	AN6.429	rāgapeyyāla	AN6.140-649	
an6.430	A-vi	855	AN6.430	rāgapeyyāla	AN6.140-649	
an6.431	A-vi	855	AN6.431	rāgapeyyāla	AN6.140-649	
an6.432	A-vi	855	AN6.432	rāgapeyyāla	AN6.140-649	
an6.433	A-vi	855	AN6.433	rāgapeyyāla	AN6.140-649	
an6.434	A-vi	855	AN6.434	rāgapeyyāla	AN6.140-649	
an6.435	A-vi	855	AN6.435	rāgapeyyāla	AN6.140-649	
an6.436	A-vi	855	AN6.436	rāgapeyyāla	AN6.140-649	
an6.437	A-vi	855	AN6.437	rāgapeyyāla	AN6.140-649	
an6.438	A-vi	855	AN6.438	rāgapeyyāla	AN6.140-649	
an6.439	A-vi	855	AN6.439	rāgapeyyāla	AN6.140-649	
an6.440	A-vi	855	AN6.440	rāgapeyyāla	AN6.140-649	
an6.441	A-vi	855	AN6.441	rāgapeyyāla	AN6.140-649	
an6.442	A-vi	855	AN6.442	rāgapeyyāla	AN6.140-649	
an6.443	A-vi	855	AN6.443	rāgapeyyāla	AN6.140-649	
an6.444	A-vi	855	AN6.444	rāgapeyyāla	AN6.140-649	
an6.445	A-vi	855	AN6.445	rāgapeyyāla	AN6.140-649	
an6.446	A-vi	855	AN6.446	rāgapeyyāla	AN6.140-649	
an6.447	A-vi	855	AN6.447	rāgapeyyāla	AN6.140-649	
an6.448	A-vi	855	AN6.448	rāgapeyyāla	AN6.140-649	
an6.449	A-vi	855	AN6.449	rāgapeyyāla	AN6.140-649	
an6.450	A-vi	855	AN6.450	rāgapeyyāla	AN6.140-649	
an6.451	A-vi	855	AN6.451	rāgapeyyāla	AN6.140-649	
an6.452	A-vi	855	AN6.452	rāgapeyyāla	AN6.140-649	
an6.453	A-vi	855	AN6.453	rāgapeyyāla	AN6.140-649	
an6.454	A-vi	855	AN6.454	rāgapeyyāla	AN6.140-649	
an6.455	A-vi	855	AN6.455	rāgapeyyāla	AN6.140-649	
an6.456	A-vi	855	AN6.456	rāgapeyyāla	AN6.140-649	
an6.457	A-vi	855	AN6.457	rāgapeyyāla	AN6.140-649	
an6.458	A-vi	855	AN6.458	rāgapeyyāla	AN6.140-649	
an6.459	A-vi	855	AN6.459	rāgapeyyāla	AN6.140-649	
an6.460	A-vi	855	AN6.460	rāgapeyyāla	AN6.140-649	
an6.461	A-vi	855	AN6.461	rāgapeyyāla	AN6.140-649	
an6.462	A-vi	855	AN6.462	rāgapeyyāla	AN6.140-649	
an6.463	A-vi	855	AN6.463	rāgapeyyāla	AN6.140-649	
an6.464	A-vi	855	AN6.464	rāgapeyyāla	AN6.140-649	
an6.465	A-vi	855	AN6.465	rāgapeyyāla	AN6.140-649	
an6.466	A-vi	855	AN6.466	rāgapeyyāla	AN6.140-649	
an6.467	A-vi	855	AN6.467	rāgapeyyāla	AN6.140-649	
an6.468	A-vi	855	AN6.468	rāgapeyyāla	AN6.140-649	
an6.469	A-vi	855	AN6.469	rāgapeyyāla	AN6.140-649	
an6.470	A-vi	855	AN6.470	rāgapeyyāla	AN6.140-649	
an6.471	A-vi	855	AN6.471	rāgapeyyāla	AN6.140-649	
an6.472	A-vi	855	AN6.472	rāgapeyyāla	AN6.140-649	
an6.473	A-vi	855	AN6.473	rāgapeyyāla	AN6.140-649	
an6.474	A-vi	855	AN6.474	rāgapeyyāla	AN6.140-649	
an6.475	A-vi	855	AN6.475	rāgapeyyāla	AN6.140-649	
an6.476	A-vi	855	AN6.476	rāgapeyyāla	AN6.140-649	
an6.477	A-vi	855	AN6.477	rāgapeyyāla	AN6.140-649	
an6.478	A-vi	855	AN6.478	rāgapeyyāla	AN6.140-649	
an6.479	A-vi	855	AN6.479	rāgapeyyāla	AN6.140-649	
an6.480	A-vi	855	AN6.480	rāgapeyyāla	AN6.140-649	
an6.481	A-vi	855	AN6.481	rāgapeyyāla	AN6.140-649	
an6.482	A-vi	855	AN6.482	rāgapeyyāla	AN6.140-649	
an6.483	A-vi	855	AN6.483	rāgapeyyāla	AN6.140-649	
an6.484	A-vi	855	AN6.484	rāgapeyyāla	AN6.140-649	
an6.485	A-vi	855	AN6.485	rāgapeyyāla	AN6.140-649	
an6.486	A-vi	855	AN6.486	rāgapeyyāla	AN6.140-649	
an6.487	A-vi	855	AN6.487	rāgapeyyāla	AN6.140-649	
an6.488	A-vi	855	AN6.488	rāgapeyyāla	AN6.140-649	
an6.489	A-vi	855	AN6.489	rāgapeyyāla	AN6.140-649	
an6.490	A-vi	855	AN6.490	rāgapeyyāla	AN6.140-649	
an6.491	A-vi	855	AN6.491	rāgapeyyāla	AN6.140-649	
an6.492	A-vi	855	AN6.492	rāgapeyyāla	AN6.140-649	
an6.493	A-vi	855	AN6.493	rāgapeyyāla	AN6.140-649	
an6.494	A-vi	855	AN6.494	rāgapeyyāla	AN6.140-649	
an6.495	A-vi	855	AN6.495	rāgapeyyāla	AN6.140-649	
an6.496	A-vi	855	AN6.496	rāgapeyyāla	AN6.140-649	
an6.497	A-vi	855	AN6.497	rāgapeyyāla	AN6.140-649	
an6.498	A-vi	855	AN6.498	rāgapeyyāla	AN6.140-649	
an6.499	A-vi	855	AN6.499	rāgapeyyāla	AN6.140-649	
an6.500	A-vi	855	AN6.500	rāgapeyyāla	AN6.140-649	
an6.501	A-vi	855	AN6.501	rāgapeyyāla	AN6.140-649	
an6.502	A-vi	855	AN6.502	rāgapeyyāla	AN6.140-649	
an6.503	A-vi	855	AN6.503	rāgapeyyāla	AN6.140-649	
an6.504	A-vi	855	AN6.504	rāgapeyyāla	AN6.140-649	
an6.505	A-vi	855	AN6.505	rāgapeyyāla	AN6.140-649	
an6.506	A-vi	855	AN6.506	rāgapeyyāla	AN6.140-649	
an6.507	A-vi	855	AN6.507	rāgapeyyāla	AN6.140-649	
an6.508	A-vi	855	AN6.508	rāgapeyyāla	AN6.140-649	
an6.509	A-vi	855	AN6.509	rāgapeyyāla	AN6.140-649	
an6.510	A-vi	855	AN6.510	rāgapeyyāla	AN6.140-649	
an6.511	A-vi	855	AN6.511	rāgapeyyāla	AN6.140-649	
an6.512	A-vi	855	AN6.512	rāgapeyyāla	AN6.140-649	
an6.513	A-vi	855	AN6.513	rāgapeyyāla	AN6.140-649	
an6.514	A-vi	855	AN6.514	rāgapeyyāla	AN6.140-649	
an6.515	A-vi	855	AN6.515	rāgapeyyāla	AN6.140-649	
an6.516	A-vi	855	AN6.516	rāgapeyyāla	AN6.140-649	
an6.517	A-vi	855	AN6.517	rāgapeyyāla	AN6.140-649	
an6.518	A-vi	855	AN6.518	rāgapeyyāla	AN6.140-649	
an6.519	A-vi	855	AN6.519	rāgapeyyāla	AN6.140-649	
an6.520	A-vi	855	AN6.520	rāgapeyyāla	AN6.140-649	
an6.521	A-vi	855	AN6.521	rāgapeyyāla	AN6.140-649	
an6.522	A-vi	855	AN6.522	rāgapeyyāla	AN6.140-649	
an6.523	A-vi	855	AN6.523	rāgapeyyāla	AN6.140-649	
an6.524	A-vi	855	AN6.524	rāgapeyyāla	AN6.140-649	
an6.525	A-vi	855	AN6.525	rāgapeyyāla	AN6.140-649	
an6.526	A-vi	855	AN6.526	rāgapeyyāla	AN6.140-649	
an6.527	A-vi	855	AN6.527	rāgapeyyāla	AN6.140-649	
an6.528	A-vi	855	AN6.528	rāgapeyyāla	AN6.140-649	
an6.529	A-vi	855	AN6.529	rāgapeyyāla	AN6.140-649	
an6.530	A-vi	855	AN6.530	rāgapeyyāla	AN6.140-649	
an6.531	A-vi	855	AN6.531	rāgapeyyāla	AN6.140-649	
an6.532	A-vi	855	AN6.532	rāgapeyyāla	AN6.140-649	
an6.533	A-vi	855	AN6.533	rāgapeyyāla	AN6.140-649	
an6.534	A-vi	855	AN6.534	rāgapeyyāla	AN6.140-649	
an6.535	A-vi	855	AN6.535	rāgapeyyāla	AN6.140-649	
an6.536	A-vi	855	AN6.536	rāgapeyyāla	AN6.140-649	
an6.537	A-vi	855	AN6.537	rāgapeyyāla	AN6.140-649	
an6.538	A-vi	855	AN6.538	rāgapeyyāla	AN6.140-649	
an6.539	A-vi	855	AN6.539	rāgapeyyāla	AN6.140-649	
an6.540	A-vi	855	AN6.540	rāgapeyyāla	AN6.140-649	
an6.541	A-vi	855	AN6.541	rāgapeyyāla	AN6.140-649	
an6.542	A-vi	855	AN6.542	rāgapeyyāla	AN6.140-649	
an6.543	A-vi	855	AN6.543	rāgapeyyāla	AN6.140-649	
an6.544	A-vi	855	AN6.544	rāgapeyyāla	AN6.140-649	
an6.545	A-vi	855	AN6.545	rāgapeyyāla	AN6.140-649	
an6.546	A-vi	855	AN6.546	rāgapeyyāla	AN6.140-649	
an6.547	A-vi	855	AN6.547	rāgapeyyāla	AN6.140-649	
an6.548	A-vi	855	AN6.548	rāgapeyyāla	AN6.140-649	
an6.549	A-vi	855	AN6.549	rāgapeyyāla	AN6.140-649	
an6.550	A-vi	855	AN6.550	rāgapeyyāla	AN6.140-649	
an6.551	A-vi	855	AN6.551	rāgapeyyāla	AN6.140-649	
an6.552	A-vi	855	AN6.552	rāgapeyyāla	AN6.140-649	
an6.553	A-vi	855	AN6.553	rāgapeyyāla	AN6.140-649	
an6.554	A-vi	855	AN6.554	rāgapeyyāla	AN6.140-649	
an6.555	A-vi	855	AN6.555	rāgapeyyāla	AN6.140-649	
an6.556	A-vi	855	AN6.556	rāgapeyyāla	AN6.140-649	
an6.557	A-vi	855	AN6.557	rāgapeyyāla	AN6.140-649	
an6.558	A-vi	855	AN6.558	rāgapeyyāla	AN6.140-649	
an6.559	A-vi	855	AN6.559	rāgapeyyāla	AN6.140-649	
an6.560	A-vi	855	AN6.560	rāgapeyyāla	AN6.140-649	
an6.561	A-vi	855	AN6.561	rāgapeyyāla	AN6.140-649	
an6.562	A-vi	855	AN6.562	rāgapeyyāla	AN6.140-649	
an6.563	A-vi	855	AN6.563	rāgapeyyāla	AN6.140-649	
an6.564	A-vi	855	AN6.564	rāgapeyyāla	AN6.140-649	
an6.565	A-vi	855	AN6.565	rāgapeyyāla	AN6.140-649	
an6.566	A-vi	855	AN6.566	rāgapeyyāla	AN6.140-649	
an6.567	A-vi	855	AN6.567	rāgapeyyāla	AN6.140-649	
an6.568	A-vi	855	AN6.568	rāgapeyyāla	AN6.140-649	
an6.569	A-vi	855	AN6.569	rāgapeyyāla	AN6.140-649	
an6.570	A-vi	855	AN6.570	rāgapeyyāla	AN6.140-649	
an6.571	A-vi	855	AN6.571	rāgapeyyāla	AN6.140-649	
an6.572	A-vi	855	AN6.572	rāgapeyyāla	AN6.140-649	
an6.573	A-vi	855	AN6.573	rāgapeyyāla	AN6.140-649	
an6.574	A-vi	855	AN6.574	rāgapeyyāla	AN6.140-649	
an6.575	A-vi	855	AN6.575	rāgapeyyāla	AN6.140-649	
an6.576	A-vi	855	AN6.576	rāgapeyyāla	AN6.140-649	
an6.577	A-vi	855	AN6.577	rāgapeyyāla	AN6.140-649	
an6.578	A-vi	855	AN6.578	rāgapeyyāla	AN6.140-649	
an6.579	A-vi	855	AN6.579	rāgapeyyāla	AN6.140-649	
an6.580	A-vi	855	AN6.580	rāgapeyyāla	AN6.140-649	
an6.581	A-vi	855	AN6.581	rāgapeyyāla	AN6.140-649	
an6.582	A-vi	855	AN6.582	rāgapeyyāla	AN6.140-649	
an6.583	A-vi	855	AN6.583	rāgapeyyāla	AN6.140-649	
an6.584	A-vi	855	AN6.584	rāgapeyyāla	AN6.140-649	
an6.585	A-vi	855	AN6.585	rāgapeyyāla	AN6.140-649	
an6.586	A-vi	855	AN6.586	rāgapeyyāla	AN6.140-649	
an6.587	A-vi	855	AN6.587	rāgapeyyāla	AN6.140-649	
an6.588	A-vi	855	AN6.588	rāgapeyyāla	AN6.140-649	
an6.589	A-vi	855	AN6.589	rāgapeyyāla	AN6.140-649	
an6.590	A-vi	855	AN6.590	rāgapeyyāla	AN6.140-649	
an6.591	A-vi	855	AN6.591	rāgapeyyāla	AN6.140-649	
an6.592	A-vi	855	AN6.592	rāgapeyyāla	AN6.140-649	
an6.593	A-vi	855	AN6.593	rāgapeyyāla	AN6.140-649	
an6.594	A-vi	855	AN6.594	rāgapeyyāla	AN6.140-649	
an6.595	A-vi	855	AN6.595	rāgapeyyāla	AN6.140-649	
an6.596	A-vi	855	AN6.596	rāgapeyyāla	AN6.140-649	
an6.597	A-vi	855	AN6.597	rāgapeyyāla	AN6.140-649	
an6.598	A-vi	855	AN6.598	rāgapeyyāla	AN6.140-649	
an6.599	A-vi	855	AN6.599	rāgapeyyāla	AN6.140-649	
an6.600	A-vi	855	AN6.600	rāgapeyyāla	AN6.140-649	
an6.601	A-vi	855	AN6.601	rāgapeyyāla	AN6.140-649	
an6.602	A-vi	855	AN6.602	rāgapeyyāla	AN6.140-649	
an6.603	A-vi	855	AN6.603	rāgapeyyāla	AN6.140-649	
an6.604	A-vi	855	AN6.604	rāgapeyyāla	AN6.140-649	
an6.605	A-vi	855	AN6.605	rāgapeyyāla	AN6.140-649	
an6.606	A-vi	855	AN6.606	rāgapeyyāla	AN6.140-649	
an6.607	A-vi	855	AN6.607	rāgapeyyāla	AN6.140-649	
an6.608	A-vi	855	AN6.608	rāgapeyyāla	AN6.140-649	
an6.609	A-vi	855	AN6.609	rāgapeyyāla	AN6.140-649	
an6.610	A-vi	855	AN6.610	rāgapeyyāla	AN6.140-649	
an6.611	A-vi	855	AN6.611	rāgapeyyāla	AN6.140-649	
an6.612	A-vi	855	AN6.612	rāgapeyyāla	AN6.140-649	
an6.613	A-vi	855	AN6.613	rāgapeyyāla	AN6.140-649	
an6.614	A-vi	855	AN6.614	rāgapeyyāla	AN6.140-649	
an6.615	A-vi	855	AN6.615	rāgapeyyāla	AN6.140-649	
an6.616	A-vi	855	AN6.616	rāgapeyyāla	AN6.140-649	
an6.617	A-vi	855	AN6.617	rāgapeyyāla	AN6.140-649	
an6.618	A-vi	855	AN6.618	rāgapeyyāla	AN6.140-649	
an6.619	A-vi	855	AN6.619	rāgapeyyāla	AN6.140-649	
an6.620	A-vi	855	AN6.620	rāgapeyyāla	AN6.140-649	
an6.621	A-vi	855	AN6.621	rāgapeyyāla	AN6.140-649	
an6.622	A-vi	855	AN6.622	rāgapeyyāla	AN6.140-649	
an6.623	A-vi	855	AN6.623	rāgapeyyāla	AN6.140-649	
an6.624	A-vi	855	AN6.624	rāgapeyyāla	AN6.140-649	
an6.625	A-vi	855	AN6.625	rāgapeyyāla	AN6.140-649	
an6.626	A-vi	855	AN6.626	rāgapeyyāla	AN6.140-649	
an6.627	A-vi	855	AN6.627	rāgapeyyāla	AN6.140-649	
an6.628	A-vi	855	AN6.628	rāgapeyyāla	AN6.140-649	
an6.629	A-vi	855	AN6.629	rāgapeyyāla	AN6.140-649	
an6.630	A-vi	855	AN6.630	rāgapeyyāla	AN6.140-649	
an6.631	A-vi	855	AN6.631	rāgapeyyāla	AN6.140-649	
an6.632	A-vi	855	AN6.632	rāgapeyyāla	AN6.140-649	
an6.633	A-vi	855	AN6.633	rāgapeyyāla	AN6.140-649	
an6.634	A-vi	855	AN6.634	rāgapeyyāla	AN6.140-649	
an6.635	A-vi	855	AN6.635	rāgapeyyāla	AN6.140-649	
an6.636	A-vi	855	AN6.636	rāgapeyyāla	AN6.140-649	
an6.637	A-vi	855	AN6.637	rāgapeyyāla	AN6.140-649	
an6.638	A-vi	855	AN6.638	rāgapeyyāla	AN6.140-649	
an6.639	A-vi	855	AN6.639	rāgapeyyāla	AN6.140-649	
an6.640	A-vi	855	AN6.640	rāgapeyyāla	AN6.140-649	
an6.641	A-vi	855	AN6.641	rāgapeyyāla	AN6.140-649	
an6.642	A-vi	855	AN6.642	rāgapeyyāla	AN6.140-649	
an6.643	A-vi	855	AN6.643	rāgapeyyāla	AN6.140-649	
an6.644	A-vi	855	AN6.644	rāgapeyyāla	AN6.140-649	
an6.645	A-vi	855	AN6.645	rāgapeyyāla	AN6.140-649	
an6.646	A-vi	855	AN6.646	rāgapeyyāla	AN6.140-649	
an6.647	A-vi	855	AN6.647	rāgapeyyāla	AN6.140-649	
an6.648	A-vi	855	AN6.648	rāgapeyyāla	AN6.140-649	
an6.649	A-vi	855	AN6.649	rāgapeyyāla	AN6.140-649	
an7	A-vii	3	AN7	sattakanipātapāḷi		
an7.1	A-vii	3	AN7.1	paṭhamapiyasutta		
an7.1-10	A-vii	3	AN7.1-10	dhanavagga		
an7.2	A-vii	10	AN7.2	dutiyapiyasutta		
an7.3	A-vii	13	AN7.3	saṃkhittabalasutta		
an7.4	A-vii	20	AN7.4	vitthatabalasutta		
an7.5	A-vii	34	AN7.5	saṃkhittadhanasutta		
an7.6	A-vii	42	AN7.6	vitthatadhanasutta		
an7.7	A-vii	57	AN7.7	uggasutta		
an7.8	A-vii	66	AN7.8	saṃyojanasutta		
an7.9	A-vii	68	AN7.9	pahānasutta		
an7.10	A-vii	70	AN7.10	macchariyasutta		
an7.11	A-vii	76	AN7.11	paṭhamaanusayasutta		
an7.11-20	A-vii	76	AN7.11-20	anusayavagga		
an7.12	A-vii	79	AN7.12	dutiyaanusayasutta		
an7.13	A-vii	82	AN7.13	kulasutta		
an7.14	A-vii	85	AN7.14	puggalasutta		
an7.15	A-vii	87	AN7.15	udakūpamāsutta		
an7.16	A-vii	97	AN7.16	aniccānupassīsutta		
an7.17	A-vii	101	AN7.17	dukkhānupassīsutta		
an7.18	A-vii	103	AN7.18	anattānupassīsutta		
an7.19	A-vii	105	AN7.19	nibbānasutta		
an7.20	A-vii	109	AN7.20	niddasavatthusutta		
an7.21	A-vii	115	AN7.21	sārandadasutta		
an7.21-31	A-vii	115	AN7.21-31	vajjisattakavagga		
an7.22	A-vii	126	AN7.22	vassakārasutta		
an7.23	A-vii	139	AN7.23	paṭhamasattakasutta		
an7.24	A-vii	149	AN7.24	dutiyasattakasutta		
an7.25	A-vii	154	AN7.25	tatiyasattakasutta		
an7.26	A-vii	157	AN7.26	bojjhaṅgasutta		
an7.27	A-vii	160	AN7.27	saññāsutta		
an7.28	A-vii	163	AN7.28	paṭhamaparihānisutta		
an7.29	A-vii	166	AN7.29	dutiyaparihānisutta		
an7.30	A-vii	185	AN7.30	vipattisutta		
an7.31	A-vii	187	AN7.31	parābhavasutta		
an7.32	A-vii	209	AN7.32	appamādagāravasutta		
an7.32-43	A-vii	209	AN7.32-43	devatāvagga		
an7.33	A-vii	218	AN7.33	hirīgāravasutta		
an7.34	A-vii	224	AN7.34	paṭhamasovacassatāsutta		
an7.35	A-vii	230	AN7.35	dutiyasovacassatāsutta		
an7.36	A-vii	234	AN7.36	paṭhamamittasutta		
an7.37	A-vii	242	AN7.37	dutiyamittasutta		
an7.38	A-vii	249	AN7.38	paṭhamapaṭisambhidāsutta		
an7.39	A-vii	251	AN7.39	dutiyapaṭisambhidāsutta		
an7.40	A-vii	253	AN7.40	paṭhamavasasutta		
an7.41	A-vii	255	AN7.41	dutiyavasasutta		
an7.42	A-vii	257	AN7.42	paṭhamaniddasasutta		
an7.43	A-vii	263	AN7.43	dutiyaniddasasutta		
an7.44	A-vii	275	AN7.44	sattaviññāṇaṭṭhitisutta		
an7.44-53	A-vii	275	AN7.44-53	mahāyaññavagga		
an7.45	A-vii	284	AN7.45	samādhiparikkhārasutta		
an7.46	A-vii	286	AN7.46	paṭhamaaggisutta		
an7.47	A-vii	288	AN7.47	dutiyaaggisutta		
an7.48	A-vii	306	AN7.48	paṭhamasaññāsutta		
an7.49	A-vii	309	AN7.49	dutiyasaññāsutta		
an7.50	A-vii	327	AN7.50	methunasutta		
an7.51	A-vii	334	AN7.51	saṃyogasutta		
an7.52	A-vii	340	AN7.52	dānamahapphalasutta		
an7.53	A-vii	348	AN7.53	nandamātāsutta		
an7.54	A-vii	368	AN7.54	abyākatasutta		
an7.54-64	A-vii	368	AN7.54-64	abyākatavagga		
an7.55	A-vii	375	AN7.55	purisagatisutta		
an7.56	A-vii	385	AN7.56	tissabrahmāsutta		
an7.57	A-vii	399	AN7.57	sīhasenāpatisutta		
an7.58	A-vii	410	AN7.58	arakkheyyasutta		
an7.59	A-vii	416	AN7.59	kimilasutta		
an7.60	A-vii	420	AN7.60	sattadhammasutta		
an7.61	A-vii	422	AN7.61	pacalāyamānasutta		
an7.62	A-vii	436	AN7.62	mettasutta		
an7.63	A-vii	460	AN7.63	bhariyāsutta		
an7.64	A-vii	508	AN7.64	kodhanasutta		
an7.65	A-vii	554	AN7.65	hirīottappasutta		
an7.65-74	A-vii	554	AN7.65-74	mahāvagga		
an7.66	A-vii	558	AN7.66	sattasūriyasutta		
an7.67	A-vii	577	AN7.67	nagaropamasutta		
an7.68	A-vii	603	AN7.68	dhammaññūsutta		
an7.69	A-vii	618	AN7.69	pāricchattakasutta		
an7.70	A-vii	635	AN7.70	sakkaccasutta		
an7.71	A-vii	659	AN7.71	bhāvanāsutta		
an7.72	A-vii	666	AN7.72	aggikkhandhopamasutta		
an7.73	A-vii	685	AN7.73	sunettasutta		
an7.74	A-vii	690	AN7.74	arakasutta		
an7.75	A-vii	706	AN7.75	paṭhamavinayadharasutta		
an7.75-84	A-vii	706	AN7.75-84	vinayavagga		
an7.76	A-vii	709	AN7.76	dutiyavinayadharasutta		
an7.77	A-vii	711	AN7.77	tatiyavinayadharasutta		
an7.78	A-vii	713	AN7.78	catutthavinayadharasutta		
an7.79	A-vii	715	AN7.79	paṭhamavinayadharasobhanasutta		
an7.80	A-vii	717	AN7.80	dutiyavinayadharasobhanasutta		
an7.81	A-vii	719	AN7.81	tatiyavinayadharasobhanasutta		
an7.82	A-vii	721	AN7.82	catutthavinayadharasobhanasutta		
an7.83	A-vii	723	AN7.83	satthusāsanasutta		
an7.84	A-vii	726	AN7.84	adhikaraṇasamathasutta		
an7.85	A-vii	732	AN7.85	bhikkhusutta		
an7.85-94	A-vii	732	AN7.85-94	samaṇavagga		
an7.86	A-vii	735	AN7.86	samaṇasutta		
an7.87	A-vii	737	AN7.87	brāhmaṇasutta		
an7.88	A-vii	739	AN7.88	sottiyasutta		
an7.89	A-vii	741	AN7.89	nhātakasutta		
an7.90	A-vii	743	AN7.90	vedagūsutta		
an7.91	A-vii	745	AN7.91	ariyasutta		
an7.92	A-vii	747	AN7.92	arahāsutta		
an7.93	A-vii	749	AN7.93	asaddhammasutta		
an7.94	A-vii	751	AN7.94	saddhammasutta		
an7.95	A-vii	757	AN7.95	āhuneyyavagga	AN7.95-622	
an7.95-622	A-vii	757	AN7.95-622	āhuneyyavagga		AN7.95
an7.96	A-vii	761	AN7.96	āhuneyyavagga	AN7.95-622	
an7.97	A-vii	761	AN7.97	āhuneyyavagga	AN7.95-622	
an7.98	A-vii	761	AN7.98	āhuneyyavagga	AN7.95-622	
an7.99	A-vii	761	AN7.99	āhuneyyavagga	AN7.95-622	
an7.100	A-vii	761	AN7.100	āhuneyyavagga	AN7.95-622	
an7.101	A-vii	761	AN7.101	āhuneyyavagga	AN7.95-622	
an7.102	A-vii	761	AN7.102	āhuneyyavagga	AN7.95-622	
an7.103	A-vii	761	AN7.103	āhuneyyavagga	AN7.95-622	
an7.104	A-vii	761	AN7.104	āhuneyyavagga	AN7.95-622	
an7.105	A-vii	761	AN7.105	āhuneyyavagga	AN7.95-622	
an7.106	A-vii	761	AN7.106	āhuneyyavagga	AN7.95-622	
an7.107	A-vii	761	AN7.107	āhuneyyavagga	AN7.95-622	
an7.108	A-vii	761	AN7.108	āhuneyyavagga	AN7.95-622	
an7.109	A-vii	761	AN7.109	āhuneyyavagga	AN7.95-622	
an7.110	A-vii	761	AN7.110	āhuneyyavagga	AN7.95-622	
an7.111	A-vii	761	AN7.111	āhuneyyavagga	AN7.95-622	
an7.112	A-vii	761	AN7.112	āhuneyyavagga	AN7.95-622	
an7.113	A-vii	761	AN7.113	āhuneyyavagga	AN7.95-622	
an7.114	A-vii	761	AN7.114	āhuneyyavagga	AN7.95-622	
an7.115	A-vii	761	AN7.115	āhuneyyavagga	AN7.95-622	
an7.116	A-vii	761	AN7.116	āhuneyyavagga	AN7.95-622	
an7.117	A-vii	761	AN7.117	āhuneyyavagga	AN7.95-622	
an7.118	A-vii	761	AN7.118	āhuneyyavagga	AN7.95-622	
an7.119	A-vii	761	AN7.119	āhuneyyavagga	AN7.95-622	
an7.120	A-vii	761	AN7.120	āhuneyyavagga	AN7.95-622	
an7.121	A-vii	761	AN7.121	āhuneyyavagga	AN7.95-622	
an7.122	A-vii	761	AN7.122	āhuneyyavagga	AN7.95-622	
an7.123	A-vii	761	AN7.123	āhuneyyavagga	AN7.95-622	
an7.124	A-vii	761	AN7.124	āhuneyyavagga	AN7.95-622	
an7.125	A-vii	761	AN7.125	āhuneyyavagga	AN7.95-622	
an7.126	A-vii	761	AN7.126	āhuneyyavagga	AN7.95-622	
an7.127	A-vii	761	AN7.127	āhuneyyavagga	AN7.95-622	
an7.128	A-vii	761	AN7.128	āhuneyyavagga	AN7.95-622	
an7.129	A-vii	761	AN7.129	āhuneyyavagga	AN7.95-622	
an7.130	A-vii	761	AN7.130	āhuneyyavagga	AN7.95-622	
an7.131	A-vii	761	AN7.131	āhuneyyavagga	AN7.95-622	
an7.132	A-vii	761	AN7.132	āhuneyyavagga	AN7.95-622	
an7.133	A-vii	761	AN7.133	āhuneyyavagga	AN7.95-622	
an7.134	A-vii	761	AN7.134	āhuneyyavagga	AN7.95-622	
an7.135	A-vii	761	AN7.135	āhuneyyavagga	AN7.95-622	
an7.136	A-vii	761	AN7.136	āhuneyyavagga	AN7.95-622	
an7.137	A-vii	761	AN7.137	āhuneyyavagga	AN7.95-622	
an7.138	A-vii	761	AN7.138	āhuneyyavagga	AN7.95-622	
an7.139	A-vii	761	AN7.139	āhuneyyavagga	AN7.95-622	
an7.140	A-vii	761	AN7.140	āhuneyyavagga	AN7.95-622	
an7.141	A-vii	761	AN7.141	āhuneyyavagga	AN7.95-622	
an7.142	A-vii	761	AN7.142	āhuneyyavagga	AN7.95-622	
an7.143	A-vii	761	AN7.143	āhuneyyavagga	AN7.95-622	
an7.144	A-vii	761	AN7.144	āhuneyyavagga	AN7.95-622	
an7.145	A-vii	761	AN7.145	āhuneyyavagga	AN7.95-622	
an7.146	A-vii	761	AN7.146	āhuneyyavagga	AN7.95-622	
an7.147	A-vii	761	AN7.147	āhuneyyavagga	AN7.95-622	
an7.148	A-vii	761	AN7.148	āhuneyyavagga	AN7.95-622	
an7.149	A-vii	761	AN7.149	āhuneyyavagga	AN7.95-622	
an7.150	A-vii	761	AN7.150	āhuneyyavagga	AN7.95-622	
an7.151	A-vii	761	AN7.151	āhuneyyavagga	AN7.95-622	
an7.152	A-vii	761	AN7.152	āhuneyyavagga	AN7.95-622	
an7.153	A-vii	761	AN7.153	āhuneyyavagga	AN7.95-622	
an7.154	A-vii	761	AN7.154	āhuneyyavagga	AN7.95-622	
an7.155	A-vii	761	AN7.155	āhuneyyavagga	AN7.95-622	
an7.156	A-vii	761	AN7.156	āhuneyyavagga	AN7.95-622	
an7.157	A-vii	761	AN7.157	āhuneyyavagga	AN7.95-622	
an7.158	A-vii	761	AN7.158	āhuneyyavagga	AN7.95-622	
an7.159	A-vii	761	AN7.159	āhuneyyavagga	AN7.95-622	
an7.160	A-vii	761	AN7.160	āhuneyyavagga	AN7.95-622	
an7.161	A-vii	761	AN7.161	āhuneyyavagga	AN7.95-622	
an7.162	A-vii	761	AN7.162	āhuneyyavagga	AN7.95-622	
an7.163	A-vii	761	AN7.163	āhuneyyavagga	AN7.95-622	
an7.164	A-vii	761	AN7.164	āhuneyyavagga	AN7.95-622	
an7.165	A-vii	761	AN7.165	āhuneyyavagga	AN7.95-622	
an7.166	A-vii	761	AN7.166	āhuneyyavagga	AN7.95-622	
an7.167	A-vii	761	AN7.167	āhuneyyavagga	AN7.95-622	
an7.168	A-vii	761	AN7.168	āhuneyyavagga	AN7.95-622	
an7.169	A-vii	761	AN7.169	āhuneyyavagga	AN7.95-622	
an7.170	A-vii	761	AN7.170	āhuneyyavagga	AN7.95-622	
an7.171	A-vii	761	AN7.171	āhuneyyavagga	AN7.95-622	
an7.172	A-vii	761	AN7.172	āhuneyyavagga	AN7.95-622	
an7.173	A-vii	761	AN7.173	āhuneyyavagga	AN7.95-622	
an7.174	A-vii	761	AN7.174	āhuneyyavagga	AN7.95-622	
an7.175	A-vii	761	AN7.175	āhuneyyavagga	AN7.95-622	
an7.176	A-vii	761	AN7.176	āhuneyyavagga	AN7.95-622	
an7.177	A-vii	761	AN7.177	āhuneyyavagga	AN7.95-622	
an7.178	A-vii	761	AN7.178	āhuneyyavagga	AN7.95-622	
an7.179	A-vii	761	AN7.179	āhuneyyavagga	AN7.95-622	
an7.180	A-vii	761	AN7.180	āhuneyyavagga	AN7.95-622	
an7.181	A-vii	761	AN7.181	āhuneyyavagga	AN7.95-622	
an7.182	A-vii	761	AN7.182	āhuneyyavagga	AN7.95-622	
an7.183	A-vii	761	AN7.183	āhuneyyavagga	AN7.95-622	
an7.184	A-vii	761	AN7.184	āhuneyyavagga	AN7.95-622	
an7.185	A-vii	761	AN7.185	āhuneyyavagga	AN7.95-622	
an7.186	A-vii	761	AN7.186	āhuneyyavagga	AN7.95-622	
an7.187	A-vii	761	AN7.187	āhuneyyavagga	AN7.95-622	
an7.188	A-vii	761	AN7.188	āhuneyyavagga	AN7.95-622	
an7.189	A-vii	761	AN7.189	āhuneyyavagga	AN7.95-622	
an7.190	A-vii	761	AN7.190	āhuneyyavagga	AN7.95-622	
an7.191	A-vii	761	AN7.191	āhuneyyavagga	AN7.95-622	
an7.192	A-vii	761	AN7.192	āhuneyyavagga	AN7.95-622	
an7.193	A-vii	761	AN7.193	āhuneyyavagga	AN7.95-622	
an7.194	A-vii	761	AN7.194	āhuneyyavagga	AN7.95-622	
an7.195	A-vii	761	AN7.195	āhuneyyavagga	AN7.95-622	
an7.196	A-vii	761	AN7.196	āhuneyyavagga	AN7.95-622	
an7.197	A-vii	761	AN7.197	āhuneyyavagga	AN7.95-622	
an7.198	A-vii	761	AN7.198	āhuneyyavagga	AN7.95-622	
an7.199	A-vii	761	AN7.199	āhuneyyavagga	AN7.95-622	
an7.200	A-vii	761	AN7.200	āhuneyyavagga	AN7.95-622	
an7.201	A-vii	761	AN7.201	āhuneyyavagga	AN7.95-622	
an7.202	A-vii	761	AN7.202	āhuneyyavagga	AN7.95-622	
an7.203	A-vii	761	AN7.203	āhuneyyavagga	AN7.95-622	
an7.204	A-vii	761	AN7.204	āhuneyyavagga	AN7.95-622	
an7.205	A-vii	761	AN7.205	āhuneyyavagga	AN7.95-622	
an7.206	A-vii	761	AN7.206	āhuneyyavagga	AN7.95-622	
an7.207	A-vii	761	AN7.207	āhuneyyavagga	AN7.95-622	
an7.208	A-vii	761	AN7.208	āhuneyyavagga	AN7.95-622	
an7.209	A-vii	761	AN7.209	āhuneyyavagga	AN7.95-622	
an7.210	A-vii	761	AN7.210	āhuneyyavagga	AN7.95-622	
an7.211	A-vii	761	AN7.211	āhuneyyavagga	AN7.95-622	
an7.212	A-vii	761	AN7.212	āhuneyyavagga	AN7.95-622	
an7.213	A-vii	761	AN7.213	āhuneyyavagga	AN7.95-622	
an7.214	A-vii	761	AN7.214	āhuneyyavagga	AN7.95-622	
an7.215	A-vii	761	AN7.215	āhuneyyavagga	AN7.95-622	
an7.216	A-vii	761	AN7.216	āhuneyyavagga	AN7.95-622	
an7.217	A-vii	761	AN7.217	āhuneyyavagga	AN7.95-622	
an7.218	A-vii	761	AN7.218	āhuneyyavagga	AN7.95-622	
an7.219	A-vii	761	AN7.219	āhuneyyavagga	AN7.95-622	
an7.220	A-vii	761	AN7.220	āhuneyyavagga	AN7.95-622	
an7.221	A-vii	761	AN7.221	āhuneyyavagga	AN7.95-622	
an7.222	A-vii	761	AN7.222	āhuneyyavagga	AN7.95-622	
an7.223	A-vii	761	AN7.223	āhuneyyavagga	AN7.95-622	
an7.224	A-vii	761	AN7.224	āhuneyyavagga	AN7.95-622	
an7.225	A-vii	761	AN7.225	āhuneyyavagga	AN7.95-622	
an7.226	A-vii	761	AN7.226	āhuneyyavagga	AN7.95-622	
an7.227	A-vii	761	AN7.227	āhuneyyavagga	AN7.95-622	
an7.228	A-vii	761	AN7.228	āhuneyyavagga	AN7.95-622	
an7.229	A-vii	761	AN7.229	āhuneyyavagga	AN7.95-622	
an7.230	A-vii	761	AN7.230	āhuneyyavagga	AN7.95-622	
an7.231	A-vii	761	AN7.231	āhuneyyavagga	AN7.95-622	
an7.232	A-vii	761	AN7.232	āhuneyyavagga	AN7.95-622	
an7.233	A-vii	761	AN7.233	āhuneyyavagga	AN7.95-622	
an7.234	A-vii	761	AN7.234	āhuneyyavagga	AN7.95-622	
an7.235	A-vii	761	AN7.235	āhuneyyavagga	AN7.95-622	
an7.236	A-vii	761	AN7.236	āhuneyyavagga	AN7.95-622	
an7.237	A-vii	761	AN7.237	āhuneyyavagga	AN7.95-622	
an7.238	A-vii	761	AN7.238	āhuneyyavagga	AN7.95-622	
an7.239	A-vii	761	AN7.239	āhuneyyavagga	AN7.95-622	
an7.240	A-vii	761	AN7.240	āhuneyyavagga	AN7.95-622	
an7.241	A-vii	761	AN7.241	āhuneyyavagga	AN7.95-622	
an7.242	A-vii	761	AN7.242	āhuneyyavagga	AN7.95-622	
an7.243	A-vii	761	AN7.243	āhuneyyavagga	AN7.95-622	
an7.244	A-vii	761	AN7.244	āhuneyyavagga	AN7.95-622	
an7.245	A-vii	761	AN7.245	āhuneyyavagga	AN7.95-622	
an7.246	A-vii	761	AN7.246	āhuneyyavagga	AN7.95-622	
an7.247	A-vii	761	AN7.247	āhuneyyavagga	AN7.95-622	
an7.248	A-vii	761	AN7.248	āhuneyyavagga	AN7.95-622	
an7.249	A-vii	761	AN7.249	āhuneyyavagga	AN7.95-622	
an7.250	A-vii	761	AN7.250	āhuneyyavagga	AN7.95-622	
an7.251	A-vii	761	AN7.251	āhuneyyavagga	AN7.95-622	
an7.252	A-vii	761	AN7.252	āhuneyyavagga	AN7.95-622	
an7.253	A-vii	761	AN7.253	āhuneyyavagga	AN7.95-622	
an7.254	A-vii	761	AN7.254	āhuneyyavagga	AN7.95-622	
an7.255	A-vii	761	AN7.255	āhuneyyavagga	AN7.95-622	
an7.256	A-vii	761	AN7.256	āhuneyyavagga	AN7.95-622	
an7.257	A-vii	761	AN7.257	āhuneyyavagga	AN7.95-622	
an7.258	A-vii	761	AN7.258	āhuneyyavagga	AN7.95-622	
an7.259	A-vii	761	AN7.259	āhuneyyavagga	AN7.95-622	
an7.260	A-vii	761	AN7.260	āhuneyyavagga	AN7.95-622	
an7.261	A-vii	761	AN7.261	āhuneyyavagga	AN7.95-622	
an7.262	A-vii	761	AN7.262	āhuneyyavagga	AN7.95-622	
an7.263	A-vii	761	AN7.263	āhuneyyavagga	AN7.95-622	
an7.264	A-vii	761	AN7.264	āhuneyyavagga	AN7.95-622	
an7.265	A-vii	761	AN7.265	āhuneyyavagga	AN7.95-622	
an7.266	A-vii	761	AN7.266	āhuneyyavagga	AN7.95-622	
an7.267	A-vii	761	AN7.267	āhuneyyavagga	AN7.95-622	
an7.268	A-vii	761	AN7.268	āhuneyyavagga	AN7.95-622	
an7.269	A-vii	761	AN7.269	āhuneyyavagga	AN7.95-622	
an7.270	A-vii	761	AN7.270	āhuneyyavagga	AN7.95-622	
an7.271	A-vii	761	AN7.271	āhuneyyavagga	AN7.95-622	
an7.272	A-vii	761	AN7.272	āhuneyyavagga	AN7.95-622	
an7.273	A-vii	761	AN7.273	āhuneyyavagga	AN7.95-622	
an7.274	A-vii	761	AN7.274	āhuneyyavagga	AN7.95-622	
an7.275	A-vii	761	AN7.275	āhuneyyavagga	AN7.95-622	
an7.276	A-vii	761	AN7.276	āhuneyyavagga	AN7.95-622	
an7.277	A-vii	761	AN7.277	āhuneyyavagga	AN7.95-622	
an7.278	A-vii	761	AN7.278	āhuneyyavagga	AN7.95-622	
an7.279	A-vii	761	AN7.279	āhuneyyavagga	AN7.95-622	
an7.280	A-vii	761	AN7.280	āhuneyyavagga	AN7.95-622	
an7.281	A-vii	761	AN7.281	āhuneyyavagga	AN7.95-622	
an7.282	A-vii	761	AN7.282	āhuneyyavagga	AN7.95-622	
an7.283	A-vii	761	AN7.283	āhuneyyavagga	AN7.95-622	
an7.284	A-vii	761	AN7.284	āhuneyyavagga	AN7.95-622	
an7.285	A-vii	761	AN7.285	āhuneyyavagga	AN7.95-622	
an7.286	A-vii	761	AN7.286	āhuneyyavagga	AN7.95-622	
an7.287	A-vii	761	AN7.287	āhuneyyavagga	AN7.95-622	
an7.288	A-vii	761	AN7.288	āhuneyyavagga	AN7.95-622	
an7.289	A-vii	761	AN7.289	āhuneyyavagga	AN7.95-622	
an7.290	A-vii	761	AN7.290	āhuneyyavagga	AN7.95-622	
an7.291	A-vii	761	AN7.291	āhuneyyavagga	AN7.95-622	
an7.292	A-vii	761	AN7.292	āhuneyyavagga	AN7.95-622	
an7.293	A-vii	761	AN7.293	āhuneyyavagga	AN7.95-622	
an7.294	A-vii	761	AN7.294	āhuneyyavagga	AN7.95-622	
an7.295	A-vii	761	AN7.295	āhuneyyavagga	AN7.95-622	
an7.296	A-vii	761	AN7.296	āhuneyyavagga	AN7.95-622	
an7.297	A-vii	761	AN7.297	āhuneyyavagga	AN7.95-622	
an7.298	A-vii	761	AN7.298	āhuneyyavagga	AN7.95-622	
an7.299	A-vii	761	AN7.299	āhuneyyavagga	AN7.95-622	
an7.300	A-vii	761	AN7.300	āhuneyyavagga	AN7.95-622	
an7.301	A-vii	761	AN7.301	āhuneyyavagga	AN7.95-622	
an7.302	A-vii	761	AN7.302	āhuneyyavagga	AN7.95-622	
an7.303	A-vii	761	AN7.303	āhuneyyavagga	AN7.95-622	
an7.304	A-vii	761	AN7.304	āhuneyyavagga	AN7.95-622	
an7.305	A-vii	761	AN7.305	āhuneyyavagga	AN7.95-622	
an7.306	A-vii	761	AN7.306	āhuneyyavagga	AN7.95-622	
an7.307	A-vii	761	AN7.307	āhuneyyavagga	AN7.95-622	
an7.308	A-vii	761	AN7.308	āhuneyyavagga	AN7.95-622	
an7.309	A-vii	761	AN7.309	āhuneyyavagga	AN7.95-622	
an7.310	A-vii	761	AN7.310	āhuneyyavagga	AN7.95-622	
an7.311	A-vii	761	AN7.311	āhuneyyavagga	AN7.95-622	
an7.312	A-vii	761	AN7.312	āhuneyyavagga	AN7.95-622	
an7.313	A-vii	761	AN7.313	āhuneyyavagga	AN7.95-622	
an7.314	A-vii	761	AN7.314	āhuneyyavagga	AN7.95-622	
an7.315	A-vii	761	AN7.315	āhuneyyavagga	AN7.95-622	
an7.316	A-vii	761	AN7.316	āhuneyyavagga	AN7.95-622	
an7.317	A-vii	761	AN7.317	āhuneyyavagga	AN7.95-622	
an7.318	A-vii	761	AN7.318	āhuneyyavagga	AN7.95-622	
an7.319	A-vii	761	AN7.319	āhuneyyavagga	AN7.95-622	
an7.320	A-vii	761	AN7.320	āhuneyyavagga	AN7.95-622	
an7.321	A-vii	761	AN7.321	āhuneyyavagga	AN7.95-622	
an7.322	A-vii	761	AN7.322	āhuneyyavagga	AN7.95-622	
an7.323	A-vii	761	AN7.323	āhuneyyavagga	AN7.95-622	
an7.324	A-vii	761	AN7.324	āhuneyyavagga	AN7.95-622	
an7.325	A-vii	761	AN7.325	āhuneyyavagga	AN7.95-622	
an7.326	A-vii	761	AN7.326	āhuneyyavagga	AN7.95-622	
an7.327	A-vii	761	AN7.327	āhuneyyavagga	AN7.95-622	
an7.328	A-vii	761	AN7.328	āhuneyyavagga	AN7.95-622	
an7.329	A-vii	761	AN7.329	āhuneyyavagga	AN7.95-622	
an7.330	A-vii	761	AN7.330	āhuneyyavagga	AN7.95-622	
an7.331	A-vii	761	AN7.331	āhuneyyavagga	AN7.95-622	
an7.332	A-vii	761	AN7.332	āhuneyyavagga	AN7.95-622	
an7.333	A-vii	761	AN7.333	āhuneyyavagga	AN7.95-622	
an7.334	A-vii	761	AN7.334	āhuneyyavagga	AN7.95-622	
an7.335	A-vii	761	AN7.335	āhuneyyavagga	AN7.95-622	
an7.336	A-vii	761	AN7.336	āhuneyyavagga	AN7.95-622	
an7.337	A-vii	761	AN7.337	āhuneyyavagga	AN7.95-622	
an7.338	A-vii	761	AN7.338	āhuneyyavagga	AN7.95-622	
an7.339	A-vii	761	AN7.339	āhuneyyavagga	AN7.95-622	
an7.340	A-vii	761	AN7.340	āhuneyyavagga	AN7.95-622	
an7.341	A-vii	761	AN7.341	āhuneyyavagga	AN7.95-622	
an7.342	A-vii	761	AN7.342	āhuneyyavagga	AN7.95-622	
an7.343	A-vii	761	AN7.343	āhuneyyavagga	AN7.95-622	
an7.344	A-vii	761	AN7.344	āhuneyyavagga	AN7.95-622	
an7.345	A-vii	761	AN7.345	āhuneyyavagga	AN7.95-622	
an7.346	A-vii	761	AN7.346	āhuneyyavagga	AN7.95-622	
an7.347	A-vii	761	AN7.347	āhuneyyavagga	AN7.95-622	
an7.348	A-vii	761	AN7.348	āhuneyyavagga	AN7.95-622	
an7.349	A-vii	761	AN7.349	āhuneyyavagga	AN7.95-622	
an7.350	A-vii	761	AN7.350	āhuneyyavagga	AN7.95-622	
an7.351	A-vii	761	AN7.351	āhuneyyavagga	AN7.95-622	
an7.352	A-vii	761	AN7.352	āhuneyyavagga	AN7.95-622	
an7.353	A-vii	761	AN7.353	āhuneyyavagga	AN7.95-622	
an7.354	A-vii	761	AN7.354	āhuneyyavagga	AN7.95-622	
an7.355	A-vii	761	AN7.355	āhuneyyavagga	AN7.95-622	
an7.356	A-vii	761	AN7.356	āhuneyyavagga	AN7.95-622	
an7.357	A-vii	761	AN7.357	āhuneyyavagga	AN7.95-622	
an7.358	A-vii	761	AN7.358	āhuneyyavagga	AN7.95-622	
an7.359	A-vii	761	AN7.359	āhuneyyavagga	AN7.95-622	
an7.360	A-vii	761	AN7.360	āhuneyyavagga	AN7.95-622	
an7.361	A-vii	761	AN7.361	āhuneyyavagga	AN7.95-622	
an7.362	A-vii	761	AN7.362	āhuneyyavagga	AN7.95-622	
an7.363	A-vii	761	AN7.363	āhuneyyavagga	AN7.95-622	
an7.364	A-vii	761	AN7.364	āhuneyyavagga	AN7.95-622	
an7.365	A-vii	761	AN7.365	āhuneyyavagga	AN7.95-622	
an7.366	A-vii	761	AN7.366	āhuneyyavagga	AN7.95-622	
an7.367	A-vii	761	AN7.367	āhuneyyavagga	AN7.95-622	
an7.368	A-vii	761	AN7.368	āhuneyyavagga	AN7.95-622	
an7.369	A-vii	761	AN7.369	āhuneyyavagga	AN7.95-622	
an7.370	A-vii	761	AN7.370	āhuneyyavagga	AN7.95-622	
an7.371	A-vii	761	AN7.371	āhuneyyavagga	AN7.95-622	
an7.372	A-vii	761	AN7.372	āhuneyyavagga	AN7.95-622	
an7.373	A-vii	761	AN7.373	āhuneyyavagga	AN7.95-622	
an7.374	A-vii	761	AN7.374	āhuneyyavagga	AN7.95-622	
an7.375	A-vii	761	AN7.375	āhuneyyavagga	AN7.95-622	
an7.376	A-vii	761	AN7.376	āhuneyyavagga	AN7.95-622	
an7.377	A-vii	761	AN7.377	āhuneyyavagga	AN7.95-622	
an7.378	A-vii	761	AN7.378	āhuneyyavagga	AN7.95-622	
an7.379	A-vii	761	AN7.379	āhuneyyavagga	AN7.95-622	
an7.380	A-vii	761	AN7.380	āhuneyyavagga	AN7.95-622	
an7.381	A-vii	761	AN7.381	āhuneyyavagga	AN7.95-622	
an7.382	A-vii	761	AN7.382	āhuneyyavagga	AN7.95-622	
an7.383	A-vii	761	AN7.383	āhuneyyavagga	AN7.95-622	
an7.384	A-vii	761	AN7.384	āhuneyyavagga	AN7.95-622	
an7.385	A-vii	761	AN7.385	āhuneyyavagga	AN7.95-622	
an7.386	A-vii	761	AN7.386	āhuneyyavagga	AN7.95-622	
an7.387	A-vii	761	AN7.387	āhuneyyavagga	AN7.95-622	
an7.388	A-vii	761	AN7.388	āhuneyyavagga	AN7.95-622	
an7.389	A-vii	761	AN7.389	āhuneyyavagga	AN7.95-622	
an7.390	A-vii	761	AN7.390	āhuneyyavagga	AN7.95-622	
an7.391	A-vii	761	AN7.391	āhuneyyavagga	AN7.95-622	
an7.392	A-vii	761	AN7.392	āhuneyyavagga	AN7.95-622	
an7.393	A-vii	761	AN7.393	āhuneyyavagga	AN7.95-622	
an7.394	A-vii	761	AN7.394	āhuneyyavagga	AN7.95-622	
an7.395	A-vii	761	AN7.395	āhuneyyavagga	AN7.95-622	
an7.396	A-vii	761	AN7.396	āhuneyyavagga	AN7.95-622	
an7.397	A-vii	761	AN7.397	āhuneyyavagga	AN7.95-622	
an7.398	A-vii	761	AN7.398	āhuneyyavagga	AN7.95-622	
an7.399	A-vii	761	AN7.399	āhuneyyavagga	AN7.95-622	
an7.400	A-vii	761	AN7.400	āhuneyyavagga	AN7.95-622	
an7.401	A-vii	761	AN7.401	āhuneyyavagga	AN7.95-622	
an7.402	A-vii	761	AN7.402	āhuneyyavagga	AN7.95-622	
an7.403	A-vii	761	AN7.403	āhuneyyavagga	AN7.95-622	
an7.404	A-vii	761	AN7.404	āhuneyyavagga	AN7.95-622	
an7.405	A-vii	761	AN7.405	āhuneyyavagga	AN7.95-622	
an7.406	A-vii	761	AN7.406	āhuneyyavagga	AN7.95-622	
an7.407	A-vii	761	AN7.407	āhuneyyavagga	AN7.95-622	
an7.408	A-vii	761	AN7.408	āhuneyyavagga	AN7.95-622	
an7.409	A-vii	761	AN7.409	āhuneyyavagga	AN7.95-622	
an7.410	A-vii	761	AN7.410	āhuneyyavagga	AN7.95-622	
an7.411	A-vii	761	AN7.411	āhuneyyavagga	AN7.95-622	
an7.412	A-vii	761	AN7.412	āhuneyyavagga	AN7.95-622	
an7.413	A-vii	761	AN7.413	āhuneyyavagga	AN7.95-622	
an7.414	A-vii	761	AN7.414	āhuneyyavagga	AN7.95-622	
an7.415	A-vii	761	AN7.415	āhuneyyavagga	AN7.95-622	
an7.416	A-vii	761	AN7.416	āhuneyyavagga	AN7.95-622	
an7.417	A-vii	761	AN7.417	āhuneyyavagga	AN7.95-622	
an7.418	A-vii	761	AN7.418	āhuneyyavagga	AN7.95-622	
an7.419	A-vii	761	AN7.419	āhuneyyavagga	AN7.95-622	
an7.420	A-vii	761	AN7.420	āhuneyyavagga	AN7.95-622	
an7.421	A-vii	761	AN7.421	āhuneyyavagga	AN7.95-622	
an7.422	A-vii	761	AN7.422	āhuneyyavagga	AN7.95-622	
an7.423	A-vii	761	AN7.423	āhuneyyavagga	AN7.95-622	
an7.424	A-vii	761	AN7.424	āhuneyyavagga	AN7.95-622	
an7.425	A-vii	761	AN7.425	āhuneyyavagga	AN7.95-622	
an7.426	A-vii	761	AN7.426	āhuneyyavagga	AN7.95-622	
an7.427	A-vii	761	AN7.427	āhuneyyavagga	AN7.95-622	
an7.428	A-vii	761	AN7.428	āhuneyyavagga	AN7.95-622	
an7.429	A-vii	761	AN7.429	āhuneyyavagga	AN7.95-622	
an7.430	A-vii	761	AN7.430	āhuneyyavagga	AN7.95-622	
an7.431	A-vii	761	AN7.431	āhuneyyavagga	AN7.95-622	
an7.432	A-vii	761	AN7.432	āhuneyyavagga	AN7.95-622	
an7.433	A-vii	761	AN7.433	āhuneyyavagga	AN7.95-622	
an7.434	A-vii	761	AN7.434	āhuneyyavagga	AN7.95-622	
an7.435	A-vii	761	AN7.435	āhuneyyavagga	AN7.95-622	
an7.436	A-vii	761	AN7.436	āhuneyyavagga	AN7.95-622	
an7.437	A-vii	761	AN7.437	āhuneyyavagga	AN7.95-622	
an7.438	A-vii	761	AN7.438	āhuneyyavagga	AN7.95-622	
an7.439	A-vii	761	AN7.439	āhuneyyavagga	AN7.95-622	
an7.440	A-vii	761	AN7.440	āhuneyyavagga	AN7.95-622	
an7.441	A-vii	761	AN7.441	āhuneyyavagga	AN7.95-622	
an7.442	A-vii	761	AN7.442	āhuneyyavagga	AN7.95-622	
an7.443	A-vii	761	AN7.443	āhuneyyavagga	AN7.95-622	
an7.444	A-vii	761	AN7.444	āhuneyyavagga	AN7.95-622	
an7.445	A-vii	761	AN7.445	āhuneyyavagga	AN7.95-622	
an7.446	A-vii	761	AN7.446	āhuneyyavagga	AN7.95-622	
an7.447	A-vii	761	AN7.447	āhuneyyavagga	AN7.95-622	
an7.448	A-vii	761	AN7.448	āhuneyyavagga	AN7.95-622	
an7.449	A-vii	761	AN7.449	āhuneyyavagga	AN7.95-622	
an7.450	A-vii	761	AN7.450	āhuneyyavagga	AN7.95-622	
an7.451	A-vii	761	AN7.451	āhuneyyavagga	AN7.95-622	
an7.452	A-vii	761	AN7.452	āhuneyyavagga	AN7.95-622	
an7.453	A-vii	761	AN7.453	āhuneyyavagga	AN7.95-622	
an7.454	A-vii	761	AN7.454	āhuneyyavagga	AN7.95-622	
an7.455	A-vii	761	AN7.455	āhuneyyavagga	AN7.95-622	
an7.456	A-vii	761	AN7.456	āhuneyyavagga	AN7.95-622	
an7.457	A-vii	761	AN7.457	āhuneyyavagga	AN7.95-622	
an7.458	A-vii	761	AN7.458	āhuneyyavagga	AN7.95-622	
an7.459	A-vii	761	AN7.459	āhuneyyavagga	AN7.95-622	
an7.460	A-vii	761	AN7.460	āhuneyyavagga	AN7.95-622	
an7.461	A-vii	761	AN7.461	āhuneyyavagga	AN7.95-622	
an7.462	A-vii	761	AN7.462	āhuneyyavagga	AN7.95-622	
an7.463	A-vii	761	AN7.463	āhuneyyavagga	AN7.95-622	
an7.464	A-vii	761	AN7.464	āhuneyyavagga	AN7.95-622	
an7.465	A-vii	761	AN7.465	āhuneyyavagga	AN7.95-622	
an7.466	A-vii	761	AN7.466	āhuneyyavagga	AN7.95-622	
an7.467	A-vii	761	AN7.467	āhuneyyavagga	AN7.95-622	
an7.468	A-vii	761	AN7.468	āhuneyyavagga	AN7.95-622	
an7.469	A-vii	761	AN7.469	āhuneyyavagga	AN7.95-622	
an7.470	A-vii	761	AN7.470	āhuneyyavagga	AN7.95-622	
an7.471	A-vii	761	AN7.471	āhuneyyavagga	AN7.95-622	
an7.472	A-vii	761	AN7.472	āhuneyyavagga	AN7.95-622	
an7.473	A-vii	761	AN7.473	āhuneyyavagga	AN7.95-622	
an7.474	A-vii	761	AN7.474	āhuneyyavagga	AN7.95-622	
an7.475	A-vii	761	AN7.475	āhuneyyavagga	AN7.95-622	
an7.476	A-vii	761	AN7.476	āhuneyyavagga	AN7.95-622	
an7.477	A-vii	761	AN7.477	āhuneyyavagga	AN7.95-622	
an7.478	A-vii	761	AN7.478	āhuneyyavagga	AN7.95-622	
an7.479	A-vii	761	AN7.479	āhuneyyavagga	AN7.95-622	
an7.480	A-vii	761	AN7.480	āhuneyyavagga	AN7.95-622	
an7.481	A-vii	761	AN7.481	āhuneyyavagga	AN7.95-622	
an7.482	A-vii	761	AN7.482	āhuneyyavagga	AN7.95-622	
an7.483	A-vii	761	AN7.483	āhuneyyavagga	AN7.95-622	
an7.484	A-vii	761	AN7.484	āhuneyyavagga	AN7.95-622	
an7.485	A-vii	761	AN7.485	āhuneyyavagga	AN7.95-622	
an7.486	A-vii	761	AN7.486	āhuneyyavagga	AN7.95-622	
an7.487	A-vii	761	AN7.487	āhuneyyavagga	AN7.95-622	
an7.488	A-vii	761	AN7.488	āhuneyyavagga	AN7.95-622	
an7.489	A-vii	761	AN7.489	āhuneyyavagga	AN7.95-622	
an7.490	A-vii	761	AN7.490	āhuneyyavagga	AN7.95-622	
an7.491	A-vii	761	AN7.491	āhuneyyavagga	AN7.95-622	
an7.492	A-vii	761	AN7.492	āhuneyyavagga	AN7.95-622	
an7.493	A-vii	761	AN7.493	āhuneyyavagga	AN7.95-622	
an7.494	A-vii	761	AN7.494	āhuneyyavagga	AN7.95-622	
an7.495	A-vii	761	AN7.495	āhuneyyavagga	AN7.95-622	
an7.496	A-vii	761	AN7.496	āhuneyyavagga	AN7.95-622	
an7.497	A-vii	761	AN7.497	āhuneyyavagga	AN7.95-622	
an7.498	A-vii	761	AN7.498	āhuneyyavagga	AN7.95-622	
an7.499	A-vii	761	AN7.499	āhuneyyavagga	AN7.95-622	
an7.500	A-vii	761	AN7.500	āhuneyyavagga	AN7.95-622	
an7.501	A-vii	761	AN7.501	āhuneyyavagga	AN7.95-622	
an7.502	A-vii	761	AN7.502	āhuneyyavagga	AN7.95-622	
an7.503	A-vii	761	AN7.503	āhuneyyavagga	AN7.95-622	
an7.504	A-vii	761	AN7.504	āhuneyyavagga	AN7.95-622	
an7.505	A-vii	761	AN7.505	āhuneyyavagga	AN7.95-622	
an7.506	A-vii	761	AN7.506	āhuneyyavagga	AN7.95-622	
an7.507	A-vii	761	AN7.507	āhuneyyavagga	AN7.95-622	
an7.508	A-vii	761	AN7.508	āhuneyyavagga	AN7.95-622	
an7.509	A-vii	761	AN7.509	āhuneyyavagga	AN7.95-622	
an7.510	A-vii	761	AN7.510	āhuneyyavagga	AN7.95-622	
an7.511	A-vii	761	AN7.511	āhuneyyavagga	AN7.95-622	
an7.512	A-vii	761	AN7.512	āhuneyyavagga	AN7.95-622	
an7.513	A-vii	761	AN7.513	āhuneyyavagga	AN7.95-622	
an7.514	A-vii	761	AN7.514	āhuneyyavagga	AN7.95-622	
an7.515	A-vii	761	AN7.515	āhuneyyavagga	AN7.95-622	
an7.516	A-vii	761	AN7.516	āhuneyyavagga	AN7.95-622	
an7.517	A-vii	761	AN7.517	āhuneyyavagga	AN7.95-622	
an7.518	A-vii	761	AN7.518	āhuneyyavagga	AN7.95-622	
an7.519	A-vii	761	AN7.519	āhuneyyavagga	AN7.95-622	
an7.520	A-vii	761	AN7.520	āhuneyyavagga	AN7.95-622	
an7.521	A-vii	761	AN7.521	āhuneyyavagga	AN7.95-622	
an7.522	A-vii	761	AN7.522	āhuneyyavagga	AN7.95-622	
an7.523	A-vii	761	AN7.523	āhuneyyavagga	AN7.95-622	
an7.524	A-vii	761	AN7.524	āhuneyyavagga	AN7.95-622	
an7.525	A-vii	761	AN7.525	āhuneyyavagga	AN7.95-622	
an7.526	A-vii	761	AN7.526	āhuneyyavagga	AN7.95-622	
an7.527	A-vii	761	AN7.527	āhuneyyavagga	AN7.95-622	
an7.528	A-vii	761	AN7.528	āhuneyyavagga	AN7.95-622	
an7.529	A-vii	761	AN7.529	āhuneyyavagga	AN7.95-622	
an7.530	A-vii	761	AN7.530	āhuneyyavagga	AN7.95-622	
an7.531	A-vii	761	AN7.531	āhuneyyavagga	AN7.95-622	
an7.532	A-vii	761	AN7.532	āhuneyyavagga	AN7.95-622	
an7.533	A-vii	761	AN7.533	āhuneyyavagga	AN7.95-622	
an7.534	A-vii	761	AN7.534	āhuneyyavagga	AN7.95-622	
an7.535	A-vii	761	AN7.535	āhuneyyavagga	AN7.95-622	
an7.536	A-vii	761	AN7.536	āhuneyyavagga	AN7.95-622	
an7.537	A-vii	761	AN7.537	āhuneyyavagga	AN7.95-622	
an7.538	A-vii	761	AN7.538	āhuneyyavagga	AN7.95-622	
an7.539	A-vii	761	AN7.539	āhuneyyavagga	AN7.95-622	
an7.540	A-vii	761	AN7.540	āhuneyyavagga	AN7.95-622	
an7.541	A-vii	761	AN7.541	āhuneyyavagga	AN7.95-622	
an7.542	A-vii	761	AN7.542	āhuneyyavagga	AN7.95-622	
an7.543	A-vii	761	AN7.543	āhuneyyavagga	AN7.95-622	
an7.544	A-vii	761	AN7.544	āhuneyyavagga	AN7.95-622	
an7.545	A-vii	761	AN7.545	āhuneyyavagga	AN7.95-622	
an7.546	A-vii	761	AN7.546	āhuneyyavagga	AN7.95-622	
an7.547	A-vii	761	AN7.547	āhuneyyavagga	AN7.95-622	
an7.548	A-vii	761	AN7.548	āhuneyyavagga	AN7.95-622	
an7.549	A-vii	761	AN7.549	āhuneyyavagga	AN7.95-622	
an7.550	A-vii	761	AN7.550	āhuneyyavagga	AN7.95-622	
an7.551	A-vii	761	AN7.551	āhuneyyavagga	AN7.95-622	
an7.552	A-vii	761	AN7.552	āhuneyyavagga	AN7.95-622	
an7.553	A-vii	761	AN7.553	āhuneyyavagga	AN7.95-622	
an7.554	A-vii	761	AN7.554	āhuneyyavagga	AN7.95-622	
an7.555	A-vii	761	AN7.555	āhuneyyavagga	AN7.95-622	
an7.556	A-vii	761	AN7.556	āhuneyyavagga	AN7.95-622	
an7.557	A-vii	761	AN7.557	āhuneyyavagga	AN7.95-622	
an7.558	A-vii	761	AN7.558	āhuneyyavagga	AN7.95-622	
an7.559	A-vii	761	AN7.559	āhuneyyavagga	AN7.95-622	
an7.560	A-vii	761	AN7.560	āhuneyyavagga	AN7.95-622	
an7.561	A-vii	761	AN7.561	āhuneyyavagga	AN7.95-622	
an7.562	A-vii	761	AN7.562	āhuneyyavagga	AN7.95-622	
an7.563	A-vii	761	AN7.563	āhuneyyavagga	AN7.95-622	
an7.564	A-vii	761	AN7.564	āhuneyyavagga	AN7.95-622	
an7.565	A-vii	761	AN7.565	āhuneyyavagga	AN7.95-622	
an7.566	A-vii	761	AN7.566	āhuneyyavagga	AN7.95-622	
an7.567	A-vii	761	AN7.567	āhuneyyavagga	AN7.95-622	
an7.568	A-vii	761	AN7.568	āhuneyyavagga	AN7.95-622	
an7.569	A-vii	761	AN7.569	āhuneyyavagga	AN7.95-622	
an7.570	A-vii	761	AN7.570	āhuneyyavagga	AN7.95-622	
an7.571	A-vii	761	AN7.571	āhuneyyavagga	AN7.95-622	
an7.572	A-vii	761	AN7.572	āhuneyyavagga	AN7.95-622	
an7.573	A-vii	761	AN7.573	āhuneyyavagga	AN7.95-622	
an7.574	A-vii	761	AN7.574	āhuneyyavagga	AN7.95-622	
an7.575	A-vii	761	AN7.575	āhuneyyavagga	AN7.95-622	
an7.576	A-vii	761	AN7.576	āhuneyyavagga	AN7.95-622	
an7.577	A-vii	761	AN7.577	āhuneyyavagga	AN7.95-622	
an7.578	A-vii	761	AN7.578	āhuneyyavagga	AN7.95-622	
an7.579	A-vii	761	AN7.579	āhuneyyavagga	AN7.95-622	
an7.580	A-vii	761	AN7.580	āhuneyyavagga	AN7.95-622	
an7.581	A-vii	761	AN7.581	āhuneyyavagga	AN7.95-622	
an7.582	A-vii	761	AN7.582	āhuneyyavagga	AN7.95-622	
an7.583	A-vii	761	AN7.583	āhuneyyavagga	AN7.95-622	
an7.584	A-vii	761	AN7.584	āhuneyyavagga	AN7.95-622	
an7.585	A-vii	761	AN7.585	āhuneyyavagga	AN7.95-622	
an7.586	A-vii	761	AN7.586	āhuneyyavagga	AN7.95-622	
an7.587	A-vii	761	AN7.587	āhuneyyavagga	AN7.95-622	
an7.588	A-vii	761	AN7.588	āhuneyyavagga	AN7.95-622	
an7.589	A-vii	761	AN7.589	āhuneyyavagga	AN7.95-622	
an7.590	A-vii	761	AN7.590	āhuneyyavagga	AN7.95-622	
an7.591	A-vii	761	AN7.591	āhuneyyavagga	AN7.95-622	
an7.592	A-vii	761	AN7.592	āhuneyyavagga	AN7.95-622	
an7.593	A-vii	761	AN7.593	āhuneyyavagga	AN7.95-622	
an7.594	A-vii	761	AN7.594	āhuneyyavagga	AN7.95-622	
an7.595	A-vii	761	AN7.595	āhuneyyavagga	AN7.95-622	
an7.596	A-vii	761	AN7.596	āhuneyyavagga	AN7.95-622	
an7.597	A-vii	761	AN7.597	āhuneyyavagga	AN7.95-622	
an7.598	A-vii	761	AN7.598	āhuneyyavagga	AN7.95-622	
an7.599	A-vii	761	AN7.599	āhuneyyavagga	AN7.95-622	
an7.600	A-vii	761	AN7.600	āhuneyyavagga	AN7.95-622	
an7.601	A-vii	761	AN7.601	āhuneyyavagga	AN7.95-622	
an7.602	A-vii	761	AN7.602	āhuneyyavagga	AN7.95-622	
an7.603	A-vii	761	AN7.603	āhuneyyavagga	AN7.95-622	
an7.604	A-vii	761	AN7.604	āhuneyyavagga	AN7.95-622	
an7.605	A-vii	761	AN7.605	āhuneyyavagga	AN7.95-622	
an7.606	A-vii	761	AN7.606	āhuneyyavagga	AN7.95-622	
an7.607	A-vii	761	AN7.607	āhuneyyavagga	AN7.95-622	
an7.608	A-vii	761	AN7.608	āhuneyyavagga	AN7.95-622	
an7.609	A-vii	761	AN7.609	āhuneyyavagga	AN7.95-622	
an7.610	A-vii	761	AN7.610	āhuneyyavagga	AN7.95-622	
an7.611	A-vii	761	AN7.611	āhuneyyavagga	AN7.95-622	
an7.612	A-vii	761	AN7.612	āhuneyyavagga	AN7.95-622	
an7.613	A-vii	761	AN7.613	āhuneyyavagga	AN7.95-622	
an7.614	A-vii	761	AN7.614	āhuneyyavagga	AN7.95-622	
an7.615	A-vii	761	AN7.615	āhuneyyavagga	AN7.95-622	
an7.616	A-vii	761	AN7.616	āhuneyyavagga	AN7.95-622	
an7.617	A-vii	761	AN7.617	āhuneyyavagga	AN7.95-622	
an7.618	A-vii	761	AN7.618	āhuneyyavagga	AN7.95-622	
an7.619	A-vii	761	AN7.619	āhuneyyavagga	AN7.95-622	
an7.620	A-vii	761	AN7.620	āhuneyyavagga	AN7.95-622	
an7.621	A-vii	761	AN7.621	āhuneyyavagga	AN7.95-622	
an7.622	A-vii	761	AN7.622	āhuneyyavagga	AN7.95-622	
an7.623	A-vii	783	AN7.623	rāgapeyyāla	AN7.623-1132	
an7.623-1132	A-vii	783	AN7.623-1132	rāgapeyyāla		
an7.624	A-vii	785	AN7.624	rāgapeyyāla	AN7.623-1132	
an7.625	A-vii	786	AN7.625	rāgapeyyāla	AN7.623-1132	
an7.626	A-vii	787	AN7.626	rāgapeyyāla	AN7.623-1132	
an7.627	A-vii	787	AN7.627	rāgapeyyāla	AN7.623-1132	
an7.628	A-vii	787	AN7.628	rāgapeyyāla	AN7.623-1132	
an7.629	A-vii	787	AN7.629	rāgapeyyāla	AN7.623-1132	
an7.630	A-vii	787	AN7.630	rāgapeyyāla	AN7.623-1132	
an7.631	A-vii	787	AN7.631	rāgapeyyāla	AN7.623-1132	
an7.632	A-vii	787	AN7.632	rāgapeyyāla	AN7.623-1132	
an7.633	A-vii	787	AN7.633	rāgapeyyāla	AN7.623-1132	
an7.634	A-vii	787	AN7.634	rāgapeyyāla	AN7.623-1132	
an7.635	A-vii	787	AN7.635	rāgapeyyāla	AN7.623-1132	
an7.636	A-vii	787	AN7.636	rāgapeyyāla	AN7.623-1132	
an7.637	A-vii	787	AN7.637	rāgapeyyāla	AN7.623-1132	
an7.638	A-vii	787	AN7.638	rāgapeyyāla	AN7.623-1132	
an7.639	A-vii	787	AN7.639	rāgapeyyāla	AN7.623-1132	
an7.640	A-vii	787	AN7.640	rāgapeyyāla	AN7.623-1132	
an7.641	A-vii	787	AN7.641	rāgapeyyāla	AN7.623-1132	
an7.642	A-vii	787	AN7.642	rāgapeyyāla	AN7.623-1132	
an7.643	A-vii	787	AN7.643	rāgapeyyāla	AN7.623-1132	
an7.644	A-vii	787	AN7.644	rāgapeyyāla	AN7.623-1132	
an7.645	A-vii	787	AN7.645	rāgapeyyāla	AN7.623-1132	
an7.646	A-vii	787	AN7.646	rāgapeyyāla	AN7.623-1132	
an7.647	A-vii	787	AN7.647	rāgapeyyāla	AN7.623-1132	
an7.648	A-vii	787	AN7.648	rāgapeyyāla	AN7.623-1132	
an7.649	A-vii	787	AN7.649	rāgapeyyāla	AN7.623-1132	
an7.650	A-vii	787	AN7.650	rāgapeyyāla	AN7.623-1132	
an7.651	A-vii	787	AN7.651	rāgapeyyāla	AN7.623-1132	
an7.652	A-vii	787	AN7.652	rāgapeyyāla	AN7.623-1132	
an7.653	A-vii	788	AN7.653	rāgapeyyāla	AN7.623-1132	
an7.654	A-vii	788	AN7.654	rāgapeyyāla	AN7.623-1132	
an7.655	A-vii	788	AN7.655	rāgapeyyāla	AN7.623-1132	
an7.656	A-vii	788	AN7.656	rāgapeyyāla	AN7.623-1132	
an7.657	A-vii	788	AN7.657	rāgapeyyāla	AN7.623-1132	
an7.658	A-vii	788	AN7.658	rāgapeyyāla	AN7.623-1132	
an7.659	A-vii	788	AN7.659	rāgapeyyāla	AN7.623-1132	
an7.660	A-vii	788	AN7.660	rāgapeyyāla	AN7.623-1132	
an7.661	A-vii	788	AN7.661	rāgapeyyāla	AN7.623-1132	
an7.662	A-vii	788	AN7.662	rāgapeyyāla	AN7.623-1132	
an7.663	A-vii	788	AN7.663	rāgapeyyāla	AN7.623-1132	
an7.664	A-vii	788	AN7.664	rāgapeyyāla	AN7.623-1132	
an7.665	A-vii	788	AN7.665	rāgapeyyāla	AN7.623-1132	
an7.666	A-vii	788	AN7.666	rāgapeyyāla	AN7.623-1132	
an7.667	A-vii	788	AN7.667	rāgapeyyāla	AN7.623-1132	
an7.668	A-vii	788	AN7.668	rāgapeyyāla	AN7.623-1132	
an7.669	A-vii	788	AN7.669	rāgapeyyāla	AN7.623-1132	
an7.670	A-vii	788	AN7.670	rāgapeyyāla	AN7.623-1132	
an7.671	A-vii	788	AN7.671	rāgapeyyāla	AN7.623-1132	
an7.672	A-vii	788	AN7.672	rāgapeyyāla	AN7.623-1132	
an7.673	A-vii	788	AN7.673	rāgapeyyāla	AN7.623-1132	
an7.674	A-vii	788	AN7.674	rāgapeyyāla	AN7.623-1132	
an7.675	A-vii	788	AN7.675	rāgapeyyāla	AN7.623-1132	
an7.676	A-vii	788	AN7.676	rāgapeyyāla	AN7.623-1132	
an7.677	A-vii	788	AN7.677	rāgapeyyāla	AN7.623-1132	
an7.678	A-vii	788	AN7.678	rāgapeyyāla	AN7.623-1132	
an7.679	A-vii	788	AN7.679	rāgapeyyāla	AN7.623-1132	
an7.680	A-vii	788	AN7.680	rāgapeyyāla	AN7.623-1132	
an7.681	A-vii	788	AN7.681	rāgapeyyāla	AN7.623-1132	
an7.682	A-vii	788	AN7.682	rāgapeyyāla	AN7.623-1132	
an7.683	A-vii	788	AN7.683	rāgapeyyāla	AN7.623-1132	
an7.684	A-vii	788	AN7.684	rāgapeyyāla	AN7.623-1132	
an7.685	A-vii	788	AN7.685	rāgapeyyāla	AN7.623-1132	
an7.686	A-vii	788	AN7.686	rāgapeyyāla	AN7.623-1132	
an7.687	A-vii	788	AN7.687	rāgapeyyāla	AN7.623-1132	
an7.688	A-vii	788	AN7.688	rāgapeyyāla	AN7.623-1132	
an7.689	A-vii	788	AN7.689	rāgapeyyāla	AN7.623-1132	
an7.690	A-vii	788	AN7.690	rāgapeyyāla	AN7.623-1132	
an7.691	A-vii	788	AN7.691	rāgapeyyāla	AN7.623-1132	
an7.692	A-vii	788	AN7.692	rāgapeyyāla	AN7.623-1132	
an7.693	A-vii	788	AN7.693	rāgapeyyāla	AN7.623-1132	
an7.694	A-vii	788	AN7.694	rāgapeyyāla	AN7.623-1132	
an7.695	A-vii	788	AN7.695	rāgapeyyāla	AN7.623-1132	
an7.696	A-vii	788	AN7.696	rāgapeyyāla	AN7.623-1132	
an7.697	A-vii	788	AN7.697	rāgapeyyāla	AN7.623-1132	
an7.698	A-vii	788	AN7.698	rāgapeyyāla	AN7.623-1132	
an7.699	A-vii	788	AN7.699	rāgapeyyāla	AN7.623-1132	
an7.700	A-vii	788	AN7.700	rāgapeyyāla	AN7.623-1132	
an7.701	A-vii	788	AN7.701	rāgapeyyāla	AN7.623-1132	
an7.702	A-vii	788	AN7.702	rāgapeyyāla	AN7.623-1132	
an7.703	A-vii	788	AN7.703	rāgapeyyāla	AN7.623-1132	
an7.704	A-vii	788	AN7.704	rāgapeyyāla	AN7.623-1132	
an7.705	A-vii	788	AN7.705	rāgapeyyāla	AN7.623-1132	
an7.706	A-vii	788	AN7.706	rāgapeyyāla	AN7.623-1132	
an7.707	A-vii	788	AN7.707	rāgapeyyāla	AN7.623-1132	
an7.708	A-vii	788	AN7.708	rāgapeyyāla	AN7.623-1132	
an7.709	A-vii	788	AN7.709	rāgapeyyāla	AN7.623-1132	
an7.710	A-vii	788	AN7.710	rāgapeyyāla	AN7.623-1132	
an7.711	A-vii	788	AN7.711	rāgapeyyāla	AN7.623-1132	
an7.712	A-vii	788	AN7.712	rāgapeyyāla	AN7.623-1132	
an7.713	A-vii	788	AN7.713	rāgapeyyāla	AN7.623-1132	
an7.714	A-vii	788	AN7.714	rāgapeyyāla	AN7.623-1132	
an7.715	A-vii	788	AN7.715	rāgapeyyāla	AN7.623-1132	
an7.716	A-vii	788	AN7.716	rāgapeyyāla	AN7.623-1132	
an7.717	A-vii	788	AN7.717	rāgapeyyāla	AN7.623-1132	
an7.718	A-vii	788	AN7.718	rāgapeyyāla	AN7.623-1132	
an7.719	A-vii	788	AN7.719	rāgapeyyāla	AN7.623-1132	
an7.720	A-vii	788	AN7.720	rāgapeyyāla	AN7.623-1132	
an7.721	A-vii	788	AN7.721	rāgapeyyāla	AN7.623-1132	
an7.722	A-vii	788	AN7.722	rāgapeyyāla	AN7.623-1132	
an7.723	A-vii	788	AN7.723	rāgapeyyāla	AN7.623-1132	
an7.724	A-vii	788	AN7.724	rāgapeyyāla	AN7.623-1132	
an7.725	A-vii	788	AN7.725	rāgapeyyāla	AN7.623-1132	
an7.726	A-vii	788	AN7.726	rāgapeyyāla	AN7.623-1132	
an7.727	A-vii	788	AN7.727	rāgapeyyāla	AN7.623-1132	
an7.728	A-vii	788	AN7.728	rāgapeyyāla	AN7.623-1132	
an7.729	A-vii	788	AN7.729	rāgapeyyāla	AN7.623-1132	
an7.730	A-vii	788	AN7.730	rāgapeyyāla	AN7.623-1132	
an7.731	A-vii	788	AN7.731	rāgapeyyāla	AN7.623-1132	
an7.732	A-vii	788	AN7.732	rāgapeyyāla	AN7.623-1132	
an7.733	A-vii	788	AN7.733	rāgapeyyāla	AN7.623-1132	
an7.734	A-vii	788	AN7.734	rāgapeyyāla	AN7.623-1132	
an7.735	A-vii	788	AN7.735	rāgapeyyāla	AN7.623-1132	
an7.736	A-vii	788	AN7.736	rāgapeyyāla	AN7.623-1132	
an7.737	A-vii	788	AN7.737	rāgapeyyāla	AN7.623-1132	
an7.738	A-vii	788	AN7.738	rāgapeyyāla	AN7.623-1132	
an7.739	A-vii	788	AN7.739	rāgapeyyāla	AN7.623-1132	
an7.740	A-vii	788	AN7.740	rāgapeyyāla	AN7.623-1132	
an7.741	A-vii	788	AN7.741	rāgapeyyāla	AN7.623-1132	
an7.742	A-vii	788	AN7.742	rāgapeyyāla	AN7.623-1132	
an7.743	A-vii	788	AN7.743	rāgapeyyāla	AN7.623-1132	
an7.744	A-vii	788	AN7.744	rāgapeyyāla	AN7.623-1132	
an7.745	A-vii	788	AN7.745	rāgapeyyāla	AN7.623-1132	
an7.746	A-vii	788	AN7.746	rāgapeyyāla	AN7.623-1132	
an7.747	A-vii	788	AN7.747	rāgapeyyāla	AN7.623-1132	
an7.748	A-vii	788	AN7.748	rāgapeyyāla	AN7.623-1132	
an7.749	A-vii	788	AN7.749	rāgapeyyāla	AN7.623-1132	
an7.750	A-vii	788	AN7.750	rāgapeyyāla	AN7.623-1132	
an7.751	A-vii	788	AN7.751	rāgapeyyāla	AN7.623-1132	
an7.752	A-vii	788	AN7.752	rāgapeyyāla	AN7.623-1132	
an7.753	A-vii	788	AN7.753	rāgapeyyāla	AN7.623-1132	
an7.754	A-vii	788	AN7.754	rāgapeyyāla	AN7.623-1132	
an7.755	A-vii	788	AN7.755	rāgapeyyāla	AN7.623-1132	
an7.756	A-vii	788	AN7.756	rāgapeyyāla	AN7.623-1132	
an7.757	A-vii	788	AN7.757	rāgapeyyāla	AN7.623-1132	
an7.758	A-vii	788	AN7.758	rāgapeyyāla	AN7.623-1132	
an7.759	A-vii	788	AN7.759	rāgapeyyāla	AN7.623-1132	
an7.760	A-vii	788	AN7.760	rāgapeyyāla	AN7.623-1132	
an7.761	A-vii	788	AN7.761	rāgapeyyāla	AN7.623-1132	
an7.762	A-vii	788	AN7.762	rāgapeyyāla	AN7.623-1132	
an7.763	A-vii	788	AN7.763	rāgapeyyāla	AN7.623-1132	
an7.764	A-vii	788	AN7.764	rāgapeyyāla	AN7.623-1132	
an7.765	A-vii	788	AN7.765	rāgapeyyāla	AN7.623-1132	
an7.766	A-vii	788	AN7.766	rāgapeyyāla	AN7.623-1132	
an7.767	A-vii	788	AN7.767	rāgapeyyāla	AN7.623-1132	
an7.768	A-vii	788	AN7.768	rāgapeyyāla	AN7.623-1132	
an7.769	A-vii	788	AN7.769	rāgapeyyāla	AN7.623-1132	
an7.770	A-vii	788	AN7.770	rāgapeyyāla	AN7.623-1132	
an7.771	A-vii	788	AN7.771	rāgapeyyāla	AN7.623-1132	
an7.772	A-vii	788	AN7.772	rāgapeyyāla	AN7.623-1132	
an7.773	A-vii	788	AN7.773	rāgapeyyāla	AN7.623-1132	
an7.774	A-vii	788	AN7.774	rāgapeyyāla	AN7.623-1132	
an7.775	A-vii	788	AN7.775	rāgapeyyāla	AN7.623-1132	
an7.776	A-vii	788	AN7.776	rāgapeyyāla	AN7.623-1132	
an7.777	A-vii	788	AN7.777	rāgapeyyāla	AN7.623-1132	
an7.778	A-vii	788	AN7.778	rāgapeyyāla	AN7.623-1132	
an7.779	A-vii	788	AN7.779	rāgapeyyāla	AN7.623-1132	
an7.780	A-vii	788	AN7.780	rāgapeyyāla	AN7.623-1132	
an7.781	A-vii	788	AN7.781	rāgapeyyāla	AN7.623-1132	
an7.782	A-vii	788	AN7.782	rāgapeyyāla	AN7.623-1132	
an7.783	A-vii	788	AN7.783	rāgapeyyāla	AN7.623-1132	
an7.784	A-vii	788	AN7.784	rāgapeyyāla	AN7.623-1132	
an7.785	A-vii	788	AN7.785	rāgapeyyāla	AN7.623-1132	
an7.786	A-vii	788	AN7.786	rāgapeyyāla	AN7.623-1132	
an7.787	A-vii	788	AN7.787	rāgapeyyāla	AN7.623-1132	
an7.788	A-vii	788	AN7.788	rāgapeyyāla	AN7.623-1132	
an7.789	A-vii	788	AN7.789	rāgapeyyāla	AN7.623-1132	
an7.790	A-vii	788	AN7.790	rāgapeyyāla	AN7.623-1132	
an7.791	A-vii	788	AN7.791	rāgapeyyāla	AN7.623-1132	
an7.792	A-vii	788	AN7.792	rāgapeyyāla	AN7.623-1132	
an7.793	A-vii	788	AN7.793	rāgapeyyāla	AN7.623-1132	
an7.794	A-vii	788	AN7.794	rāgapeyyāla	AN7.623-1132	
an7.795	A-vii	788	AN7.795	rāgapeyyāla	AN7.623-1132	
an7.796	A-vii	788	AN7.796	rāgapeyyāla	AN7.623-1132	
an7.797	A-vii	788	AN7.797	rāgapeyyāla	AN7.623-1132	
an7.798	A-vii	788	AN7.798	rāgapeyyāla	AN7.623-1132	
an7.799	A-vii	788	AN7.799	rāgapeyyāla	AN7.623-1132	
an7.800	A-vii	788	AN7.800	rāgapeyyāla	AN7.623-1132	
an7.801	A-vii	788	AN7.801	rāgapeyyāla	AN7.623-1132	
an7.802	A-vii	788	AN7.802	rāgapeyyāla	AN7.623-1132	
an7.803	A-vii	788	AN7.803	rāgapeyyāla	AN7.623-1132	
an7.804	A-vii	788	AN7.804	rāgapeyyāla	AN7.623-1132	
an7.805	A-vii	788	AN7.805	rāgapeyyāla	AN7.623-1132	
an7.806	A-vii	788	AN7.806	rāgapeyyāla	AN7.623-1132	
an7.807	A-vii	788	AN7.807	rāgapeyyāla	AN7.623-1132	
an7.808	A-vii	788	AN7.808	rāgapeyyāla	AN7.623-1132	
an7.809	A-vii	788	AN7.809	rāgapeyyāla	AN7.623-1132	
an7.810	A-vii	788	AN7.810	rāgapeyyāla	AN7.623-1132	
an7.811	A-vii	788	AN7.811	rāgapeyyāla	AN7.623-1132	
an7.812	A-vii	788	AN7.812	rāgapeyyāla	AN7.623-1132	
an7.813	A-vii	788	AN7.813	rāgapeyyāla	AN7.623-1132	
an7.814	A-vii	788	AN7.814	rāgapeyyāla	AN7.623-1132	
an7.815	A-vii	788	AN7.815	rāgapeyyāla	AN7.623-1132	
an7.816	A-vii	788	AN7.816	rāgapeyyāla	AN7.623-1132	
an7.817	A-vii	788	AN7.817	rāgapeyyāla	AN7.623-1132	
an7.818	A-vii	788	AN7.818	rāgapeyyāla	AN7.623-1132	
an7.819	A-vii	788	AN7.819	rāgapeyyāla	AN7.623-1132	
an7.820	A-vii	788	AN7.820	rāgapeyyāla	AN7.623-1132	
an7.821	A-vii	788	AN7.821	rāgapeyyāla	AN7.623-1132	
an7.822	A-vii	788	AN7.822	rāgapeyyāla	AN7.623-1132	
an7.823	A-vii	788	AN7.823	rāgapeyyāla	AN7.623-1132	
an7.824	A-vii	788	AN7.824	rāgapeyyāla	AN7.623-1132	
an7.825	A-vii	788	AN7.825	rāgapeyyāla	AN7.623-1132	
an7.826	A-vii	788	AN7.826	rāgapeyyāla	AN7.623-1132	
an7.827	A-vii	788	AN7.827	rāgapeyyāla	AN7.623-1132	
an7.828	A-vii	788	AN7.828	rāgapeyyāla	AN7.623-1132	
an7.829	A-vii	788	AN7.829	rāgapeyyāla	AN7.623-1132	
an7.830	A-vii	788	AN7.830	rāgapeyyāla	AN7.623-1132	
an7.831	A-vii	788	AN7.831	rāgapeyyāla	AN7.623-1132	
an7.832	A-vii	788	AN7.832	rāgapeyyāla	AN7.623-1132	
an7.833	A-vii	788	AN7.833	rāgapeyyāla	AN7.623-1132	
an7.834	A-vii	788	AN7.834	rāgapeyyāla	AN7.623-1132	
an7.835	A-vii	788	AN7.835	rāgapeyyāla	AN7.623-1132	
an7.836	A-vii	788	AN7.836	rāgapeyyāla	AN7.623-1132	
an7.837	A-vii	788	AN7.837	rāgapeyyāla	AN7.623-1132	
an7.838	A-vii	788	AN7.838	rāgapeyyāla	AN7.623-1132	
an7.839	A-vii	788	AN7.839	rāgapeyyāla	AN7.623-1132	
an7.840	A-vii	788	AN7.840	rāgapeyyāla	AN7.623-1132	
an7.841	A-vii	788	AN7.841	rāgapeyyāla	AN7.623-1132	
an7.842	A-vii	788	AN7.842	rāgapeyyāla	AN7.623-1132	
an7.843	A-vii	788	AN7.843	rāgapeyyāla	AN7.623-1132	
an7.844	A-vii	788	AN7.844	rāgapeyyāla	AN7.623-1132	
an7.845	A-vii	788	AN7.845	rāgapeyyāla	AN7.623-1132	
an7.846	A-vii	788	AN7.846	rāgapeyyāla	AN7.623-1132	
an7.847	A-vii	788	AN7.847	rāgapeyyāla	AN7.623-1132	
an7.848	A-vii	788	AN7.848	rāgapeyyāla	AN7.623-1132	
an7.849	A-vii	788	AN7.849	rāgapeyyāla	AN7.623-1132	
an7.850	A-vii	788	AN7.850	rāgapeyyāla	AN7.623-1132	
an7.851	A-vii	788	AN7.851	rāgapeyyāla	AN7.623-1132	
an7.852	A-vii	788	AN7.852	rāgapeyyāla	AN7.623-1132	
an7.853	A-vii	788	AN7.853	rāgapeyyāla	AN7.623-1132	
an7.854	A-vii	788	AN7.854	rāgapeyyāla	AN7.623-1132	
an7.855	A-vii	788	AN7.855	rāgapeyyāla	AN7.623-1132	
an7.856	A-vii	788	AN7.856	rāgapeyyāla	AN7.623-1132	
an7.857	A-vii	788	AN7.857	rāgapeyyāla	AN7.623-1132	
an7.858	A-vii	788	AN7.858	rāgapeyyāla	AN7.623-1132	
an7.859	A-vii	788	AN7.859	rāgapeyyāla	AN7.623-1132	
an7.860	A-vii	788	AN7.860	rāgapeyyāla	AN7.623-1132	
an7.861	A-vii	788	AN7.861	rāgapeyyāla	AN7.623-1132	
an7.862	A-vii	788	AN7.862	rāgapeyyāla	AN7.623-1132	
an7.863	A-vii	788	AN7.863	rāgapeyyāla	AN7.623-1132	
an7.864	A-vii	788	AN7.864	rāgapeyyāla	AN7.623-1132	
an7.865	A-vii	788	AN7.865	rāgapeyyāla	AN7.623-1132	
an7.866	A-vii	788	AN7.866	rāgapeyyāla	AN7.623-1132	
an7.867	A-vii	788	AN7.867	rāgapeyyāla	AN7.623-1132	
an7.868	A-vii	788	AN7.868	rāgapeyyāla	AN7.623-1132	
an7.869	A-vii	788	AN7.869	rāgapeyyāla	AN7.623-1132	
an7.870	A-vii	788	AN7.870	rāgapeyyāla	AN7.623-1132	
an7.871	A-vii	788	AN7.871	rāgapeyyāla	AN7.623-1132	
an7.872	A-vii	788	AN7.872	rāgapeyyāla	AN7.623-1132	
an7.873	A-vii	788	AN7.873	rāgapeyyāla	AN7.623-1132	
an7.874	A-vii	788	AN7.874	rāgapeyyāla	AN7.623-1132	
an7.875	A-vii	788	AN7.875	rāgapeyyāla	AN7.623-1132	
an7.876	A-vii	788	AN7.876	rāgapeyyāla	AN7.623-1132	
an7.877	A-vii	788	AN7.877	rāgapeyyāla	AN7.623-1132	
an7.878	A-vii	788	AN7.878	rāgapeyyāla	AN7.623-1132	
an7.879	A-vii	788	AN7.879	rāgapeyyāla	AN7.623-1132	
an7.880	A-vii	788	AN7.880	rāgapeyyāla	AN7.623-1132	
an7.881	A-vii	788	AN7.881	rāgapeyyāla	AN7.623-1132	
an7.882	A-vii	788	AN7.882	rāgapeyyāla	AN7.623-1132	
an7.883	A-vii	788	AN7.883	rāgapeyyāla	AN7.623-1132	
an7.884	A-vii	788	AN7.884	rāgapeyyāla	AN7.623-1132	
an7.885	A-vii	788	AN7.885	rāgapeyyāla	AN7.623-1132	
an7.886	A-vii	788	AN7.886	rāgapeyyāla	AN7.623-1132	
an7.887	A-vii	788	AN7.887	rāgapeyyāla	AN7.623-1132	
an7.888	A-vii	788	AN7.888	rāgapeyyāla	AN7.623-1132	
an7.889	A-vii	788	AN7.889	rāgapeyyāla	AN7.623-1132	
an7.890	A-vii	788	AN7.890	rāgapeyyāla	AN7.623-1132	
an7.891	A-vii	788	AN7.891	rāgapeyyāla	AN7.623-1132	
an7.892	A-vii	788	AN7.892	rāgapeyyāla	AN7.623-1132	
an7.893	A-vii	788	AN7.893	rāgapeyyāla	AN7.623-1132	
an7.894	A-vii	788	AN7.894	rāgapeyyāla	AN7.623-1132	
an7.895	A-vii	788	AN7.895	rāgapeyyāla	AN7.623-1132	
an7.896	A-vii	788	AN7.896	rāgapeyyāla	AN7.623-1132	
an7.897	A-vii	788	AN7.897	rāgapeyyāla	AN7.623-1132	
an7.898	A-vii	788	AN7.898	rāgapeyyāla	AN7.623-1132	
an7.899	A-vii	788	AN7.899	rāgapeyyāla	AN7.623-1132	
an7.900	A-vii	788	AN7.900	rāgapeyyāla	AN7.623-1132	
an7.901	A-vii	788	AN7.901	rāgapeyyāla	AN7.623-1132	
an7.902	A-vii	788	AN7.902	rāgapeyyāla	AN7.623-1132	
an7.903	A-vii	788	AN7.903	rāgapeyyāla	AN7.623-1132	
an7.904	A-vii	788	AN7.904	rāgapeyyāla	AN7.623-1132	
an7.905	A-vii	788	AN7.905	rāgapeyyāla	AN7.623-1132	
an7.906	A-vii	788	AN7.906	rāgapeyyāla	AN7.623-1132	
an7.907	A-vii	788	AN7.907	rāgapeyyāla	AN7.623-1132	
an7.908	A-vii	788	AN7.908	rāgapeyyāla	AN7.623-1132	
an7.909	A-vii	788	AN7.909	rāgapeyyāla	AN7.623-1132	
an7.910	A-vii	788	AN7.910	rāgapeyyāla	AN7.623-1132	
an7.911	A-vii	788	AN7.911	rāgapeyyāla	AN7.623-1132	
an7.912	A-vii	788	AN7.912	rāgapeyyāla	AN7.623-1132	
an7.913	A-vii	788	AN7.913	rāgapeyyāla	AN7.623-1132	
an7.914	A-vii	788	AN7.914	rāgapeyyāla	AN7.623-1132	
an7.915	A-vii	788	AN7.915	rāgapeyyāla	AN7.623-1132	
an7.916	A-vii	788	AN7.916	rāgapeyyāla	AN7.623-1132	
an7.917	A-vii	788	AN7.917	rāgapeyyāla	AN7.623-1132	
an7.918	A-vii	788	AN7.918	rāgapeyyāla	AN7.623-1132	
an7.919	A-vii	788	AN7.919	rāgapeyyāla	AN7.623-1132	
an7.920	A-vii	788	AN7.920	rāgapeyyāla	AN7.623-1132	
an7.921	A-vii	788	AN7.921	rāgapeyyāla	AN7.623-1132	
an7.922	A-vii	788	AN7.922	rāgapeyyāla	AN7.623-1132	
an7.923	A-vii	788	AN7.923	rāgapeyyāla	AN7.623-1132	
an7.924	A-vii	788	AN7.924	rāgapeyyāla	AN7.623-1132	
an7.925	A-vii	788	AN7.925	rāgapeyyāla	AN7.623-1132	
an7.926	A-vii	788	AN7.926	rāgapeyyāla	AN7.623-1132	
an7.927	A-vii	788	AN7.927	rāgapeyyāla	AN7.623-1132	
an7.928	A-vii	788	AN7.928	rāgapeyyāla	AN7.623-1132	
an7.929	A-vii	788	AN7.929	rāgapeyyāla	AN7.623-1132	
an7.930	A-vii	788	AN7.930	rāgapeyyāla	AN7.623-1132	
an7.931	A-vii	788	AN7.931	rāgapeyyāla	AN7.623-1132	
an7.932	A-vii	788	AN7.932	rāgapeyyāla	AN7.623-1132	
an7.933	A-vii	788	AN7.933	rāgapeyyāla	AN7.623-1132	
an7.934	A-vii	788	AN7.934	rāgapeyyāla	AN7.623-1132	
an7.935	A-vii	788	AN7.935	rāgapeyyāla	AN7.623-1132	
an7.936	A-vii	788	AN7.936	rāgapeyyāla	AN7.623-1132	
an7.937	A-vii	788	AN7.937	rāgapeyyāla	AN7.623-1132	
an7.938	A-vii	788	AN7.938	rāgapeyyāla	AN7.623-1132	
an7.939	A-vii	788	AN7.939	rāgapeyyāla	AN7.623-1132	
an7.940	A-vii	788	AN7.940	rāgapeyyāla	AN7.623-1132	
an7.941	A-vii	788	AN7.941	rāgapeyyāla	AN7.623-1132	
an7.942	A-vii	788	AN7.942	rāgapeyyāla	AN7.623-1132	
an7.943	A-vii	788	AN7.943	rāgapeyyāla	AN7.623-1132	
an7.944	A-vii	788	AN7.944	rāgapeyyāla	AN7.623-1132	
an7.945	A-vii	788	AN7.945	rāgapeyyāla	AN7.623-1132	
an7.946	A-vii	788	AN7.946	rāgapeyyāla	AN7.623-1132	
an7.947	A-vii	788	AN7.947	rāgapeyyāla	AN7.623-1132	
an7.948	A-vii	788	AN7.948	rāgapeyyāla	AN7.623-1132	
an7.949	A-vii	788	AN7.949	rāgapeyyāla	AN7.623-1132	
an7.950	A-vii	788	AN7.950	rāgapeyyāla	AN7.623-1132	
an7.951	A-vii	788	AN7.951	rāgapeyyāla	AN7.623-1132	
an7.952	A-vii	788	AN7.952	rāgapeyyāla	AN7.623-1132	
an7.953	A-vii	788	AN7.953	rāgapeyyāla	AN7.623-1132	
an7.954	A-vii	788	AN7.954	rāgapeyyāla	AN7.623-1132	
an7.955	A-vii	788	AN7.955	rāgapeyyāla	AN7.623-1132	
an7.956	A-vii	788	AN7.956	rāgapeyyāla	AN7.623-1132	
an7.957	A-vii	788	AN7.957	rāgapeyyāla	AN7.623-1132	
an7.958	A-vii	788	AN7.958	rāgapeyyāla	AN7.623-1132	
an7.959	A-vii	788	AN7.959	rāgapeyyāla	AN7.623-1132	
an7.960	A-vii	788	AN7.960	rāgapeyyāla	AN7.623-1132	
an7.961	A-vii	788	AN7.961	rāgapeyyāla	AN7.623-1132	
an7.962	A-vii	788	AN7.962	rāgapeyyāla	AN7.623-1132	
an7.963	A-vii	788	AN7.963	rāgapeyyāla	AN7.623-1132	
an7.964	A-vii	788	AN7.964	rāgapeyyāla	AN7.623-1132	
an7.965	A-vii	788	AN7.965	rāgapeyyāla	AN7.623-1132	
an7.966	A-vii	788	AN7.966	rāgapeyyāla	AN7.623-1132	
an7.967	A-vii	788	AN7.967	rāgapeyyāla	AN7.623-1132	
an7.968	A-vii	788	AN7.968	rāgapeyyāla	AN7.623-1132	
an7.969	A-vii	788	AN7.969	rāgapeyyāla	AN7.623-1132	
an7.970	A-vii	788	AN7.970	rāgapeyyāla	AN7.623-1132	
an7.971	A-vii	788	AN7.971	rāgapeyyāla	AN7.623-1132	
an7.972	A-vii	788	AN7.972	rāgapeyyāla	AN7.623-1132	
an7.973	A-vii	788	AN7.973	rāgapeyyāla	AN7.623-1132	
an7.974	A-vii	788	AN7.974	rāgapeyyāla	AN7.623-1132	
an7.975	A-vii	788	AN7.975	rāgapeyyāla	AN7.623-1132	
an7.976	A-vii	788	AN7.976	rāgapeyyāla	AN7.623-1132	
an7.977	A-vii	788	AN7.977	rāgapeyyāla	AN7.623-1132	
an7.978	A-vii	788	AN7.978	rāgapeyyāla	AN7.623-1132	
an7.979	A-vii	788	AN7.979	rāgapeyyāla	AN7.623-1132	
an7.980	A-vii	788	AN7.980	rāgapeyyāla	AN7.623-1132	
an7.981	A-vii	788	AN7.981	rāgapeyyāla	AN7.623-1132	
an7.982	A-vii	788	AN7.982	rāgapeyyāla	AN7.623-1132	
an7.983	A-vii	788	AN7.983	rāgapeyyāla	AN7.623-1132	
an7.984	A-vii	788	AN7.984	rāgapeyyāla	AN7.623-1132	
an7.985	A-vii	788	AN7.985	rāgapeyyāla	AN7.623-1132	
an7.986	A-vii	788	AN7.986	rāgapeyyāla	AN7.623-1132	
an7.987	A-vii	788	AN7.987	rāgapeyyāla	AN7.623-1132	
an7.988	A-vii	788	AN7.988	rāgapeyyāla	AN7.623-1132	
an7.989	A-vii	788	AN7.989	rāgapeyyāla	AN7.623-1132	
an7.990	A-vii	788	AN7.990	rāgapeyyāla	AN7.623-1132	
an7.991	A-vii	788	AN7.991	rāgapeyyāla	AN7.623-1132	
an7.992	A-vii	788	AN7.992	rāgapeyyāla	AN7.623-1132	
an7.993	A-vii	788	AN7.993	rāgapeyyāla	AN7.623-1132	
an7.994	A-vii	788	AN7.994	rāgapeyyāla	AN7.623-1132	
an7.995	A-vii	788	AN7.995	rāgapeyyāla	AN7.623-1132	
an7.996	A-vii	788	AN7.996	rāgapeyyāla	AN7.623-1132	
an7.997	A-vii	788	AN7.997	rāgapeyyāla	AN7.623-1132	
an7.998	A-vii	788	AN7.998	rāgapeyyāla	AN7.623-1132	
an7.999	A-vii	788	AN7.999	rāgapeyyāla	AN7.623-1132	
an7.1000	A-vii	788	AN7.1000	rāgapeyyāla	AN7.623-1132	
an7.1001	A-vii	788	AN7.1001	rāgapeyyāla	AN7.623-1132	
an7.1002	A-vii	788	AN7.1002	rāgapeyyāla	AN7.623-1132	
an7.1003	A-vii	788	AN7.1003	rāgapeyyāla	AN7.623-1132	
an7.1004	A-vii	788	AN7.1004	rāgapeyyāla	AN7.623-1132	
an7.1005	A-vii	788	AN7.1005	rāgapeyyāla	AN7.623-1132	
an7.1006	A-vii	788	AN7.1006	rāgapeyyāla	AN7.623-1132	
an7.1007	A-vii	788	AN7.1007	rāgapeyyāla	AN7.623-1132	
an7.1008	A-vii	788	AN7.1008	rāgapeyyāla	AN7.623-1132	
an7.1009	A-vii	788	AN7.1009	rāgapeyyāla	AN7.623-1132	
an7.1010	A-vii	788	AN7.1010	rāgapeyyāla	AN7.623-1132	
an7.1011	A-vii	788	AN7.1011	rāgapeyyāla	AN7.623-1132	
an7.1012	A-vii	788	AN7.1012	rāgapeyyāla	AN7.623-1132	
an7.1013	A-vii	788	AN7.1013	rāgapeyyāla	AN7.623-1132	
an7.1014	A-vii	788	AN7.1014	rāgapeyyāla	AN7.623-1132	
an7.1015	A-vii	788	AN7.1015	rāgapeyyāla	AN7.623-1132	
an7.1016	A-vii	788	AN7.1016	rāgapeyyāla	AN7.623-1132	
an7.1017	A-vii	788	AN7.1017	rāgapeyyāla	AN7.623-1132	
an7.1018	A-vii	788	AN7.1018	rāgapeyyāla	AN7.623-1132	
an7.1019	A-vii	788	AN7.1019	rāgapeyyāla	AN7.623-1132	
an7.1020	A-vii	788	AN7.1020	rāgapeyyāla	AN7.623-1132	
an7.1021	A-vii	788	AN7.1021	rāgapeyyāla	AN7.623-1132	
an7.1022	A-vii	788	AN7.1022	rāgapeyyāla	AN7.623-1132	
an7.1023	A-vii	788	AN7.1023	rāgapeyyāla	AN7.623-1132	
an7.1024	A-vii	788	AN7.1024	rāgapeyyāla	AN7.623-1132	
an7.1025	A-vii	788	AN7.1025	rāgapeyyāla	AN7.623-1132	
an7.1026	A-vii	788	AN7.1026	rāgapeyyāla	AN7.623-1132	
an7.1027	A-vii	788	AN7.1027	rāgapeyyāla	AN7.623-1132	
an7.1028	A-vii	788	AN7.1028	rāgapeyyāla	AN7.623-1132	
an7.1029	A-vii	788	AN7.1029	rāgapeyyāla	AN7.623-1132	
an7.1030	A-vii	788	AN7.1030	rāgapeyyāla	AN7.623-1132	
an7.1031	A-vii	788	AN7.1031	rāgapeyyāla	AN7.623-1132	
an7.1032	A-vii	788	AN7.1032	rāgapeyyāla	AN7.623-1132	
an7.1033	A-vii	788	AN7.1033	rāgapeyyāla	AN7.623-1132	
an7.1034	A-vii	788	AN7.1034	rāgapeyyāla	AN7.623-1132	
an7.1035	A-vii	788	AN7.1035	rāgapeyyāla	AN7.623-1132	
an7.1036	A-vii	788	AN7.1036	rāgapeyyāla	AN7.623-1132	
an7.1037	A-vii	788	AN7.1037	rāgapeyyāla	AN7.623-1132	
an7.1038	A-vii	788	AN7.1038	rāgapeyyāla	AN7.623-1132	
an7.1039	A-vii	788	AN7.1039	rāgapeyyāla	AN7.623-1132	
an7.1040	A-vii	788	AN7.1040	rāgapeyyāla	AN7.623-1132	
an7.1041	A-vii	788	AN7.1041	rāgapeyyāla	AN7.623-1132	
an7.1042	A-vii	788	AN7.1042	rāgapeyyāla	AN7.623-1132	
an7.1043	A-vii	788	AN7.1043	rāgapeyyāla	AN7.623-1132	
an7.1044	A-vii	788	AN7.1044	rāgapeyyāla	AN7.623-1132	
an7.1045	A-vii	788	AN7.1045	rāgapeyyāla	AN7.623-1132	
an7.1046	A-vii	788	AN7.1046	rāgapeyyāla	AN7.623-1132	
an7.1047	A-vii	788	AN7.1047	rāgapeyyāla	AN7.623-1132	
an7.1048	A-vii	788	AN7.1048	rāgapeyyāla	AN7.623-1132	
an7.1049	A-vii	788	AN7.1049	rāgapeyyāla	AN7.623-1132	
an7.1050	A-vii	788	AN7.1050	rāgapeyyāla	AN7.623-1132	
an7.1051	A-vii	788	AN7.1051	rāgapeyyāla	AN7.623-1132	
an7.1052	A-vii	788	AN7.1052	rāgapeyyāla	AN7.623-1132	
an7.1053	A-vii	788	AN7.1053	rāgapeyyāla	AN7.623-1132	
an7.1054	A-vii	788	AN7.1054	rāgapeyyāla	AN7.623-1132	
an7.1055	A-vii	788	AN7.1055	rāgapeyyāla	AN7.623-1132	
an7.1056	A-vii	788	AN7.1056	rāgapeyyāla	AN7.623-1132	
an7.1057	A-vii	788	AN7.1057	rāgapeyyāla	AN7.623-1132	
an7.1058	A-vii	788	AN7.1058	rāgapeyyāla	AN7.623-1132	
an7.1059	A-vii	788	AN7.1059	rāgapeyyāla	AN7.623-1132	
an7.1060	A-vii	788	AN7.1060	rāgapeyyāla	AN7.623-1132	
an7.1061	A-vii	788	AN7.1061	rāgapeyyāla	AN7.623-1132	
an7.1062	A-vii	788	AN7.1062	rāgapeyyāla	AN7.623-1132	
an7.1063	A-vii	788	AN7.1063	rāgapeyyāla	AN7.623-1132	
an7.1064	A-vii	788	AN7.1064	rāgapeyyāla	AN7.623-1132	
an7.1065	A-vii	788	AN7.1065	rāgapeyyāla	AN7.623-1132	
an7.1066	A-vii	788	AN7.1066	rāgapeyyāla	AN7.623-1132	
an7.1067	A-vii	788	AN7.1067	rāgapeyyāla	AN7.623-1132	
an7.1068	A-vii	788	AN7.1068	rāgapeyyāla	AN7.623-1132	
an7.1069	A-vii	788	AN7.1069	rāgapeyyāla	AN7.623-1132	
an7.1070	A-vii	788	AN7.1070	rāgapeyyāla	AN7.623-1132	
an7.1071	A-vii	788	AN7.1071	rāgapeyyāla	AN7.623-1132	
an7.1072	A-vii	788	AN7.1072	rāgapeyyāla	AN7.623-1132	
an7.1073	A-vii	788	AN7.1073	rāgapeyyāla	AN7.623-1132	
an7.1074	A-vii	788	AN7.1074	rāgapeyyāla	AN7.623-1132	
an7.1075	A-vii	788	AN7.1075	rāgapeyyāla	AN7.623-1132	
an7.1076	A-vii	788	AN7.1076	rāgapeyyāla	AN7.623-1132	
an7.1077	A-vii	788	AN7.1077	rāgapeyyāla	AN7.623-1132	
an7.1078	A-vii	788	AN7.1078	rāgapeyyāla	AN7.623-1132	
an7.1079	A-vii	788	AN7.1079	rāgapeyyāla	AN7.623-1132	
an7.1080	A-vii	788	AN7.1080	rāgapeyyāla	AN7.623-1132	
an7.1081	A-vii	788	AN7.1081	rāgapeyyāla	AN7.623-1132	
an7.1082	A-vii	788	AN7.1082	rāgapeyyāla	AN7.623-1132	
an7.1083	A-vii	788	AN7.1083	rāgapeyyāla	AN7.623-1132	
an7.1084	A-vii	788	AN7.1084	rāgapeyyāla	AN7.623-1132	
an7.1085	A-vii	788	AN7.1085	rāgapeyyāla	AN7.623-1132	
an7.1086	A-vii	788	AN7.1086	rāgapeyyāla	AN7.623-1132	
an7.1087	A-vii	788	AN7.1087	rāgapeyyāla	AN7.623-1132	
an7.1088	A-vii	788	AN7.1088	rāgapeyyāla	AN7.623-1132	
an7.1089	A-vii	788	AN7.1089	rāgapeyyāla	AN7.623-1132	
an7.1090	A-vii	788	AN7.1090	rāgapeyyāla	AN7.623-1132	
an7.1091	A-vii	788	AN7.1091	rāgapeyyāla	AN7.623-1132	
an7.1092	A-vii	788	AN7.1092	rāgapeyyāla	AN7.623-1132	
an7.1093	A-vii	788	AN7.1093	rāgapeyyāla	AN7.623-1132	
an7.1094	A-vii	788	AN7.1094	rāgapeyyāla	AN7.623-1132	
an7.1095	A-vii	788	AN7.1095	rāgapeyyāla	AN7.623-1132	
an7.1096	A-vii	788	AN7.1096	rāgapeyyāla	AN7.623-1132	
an7.1097	A-vii	788	AN7.1097	rāgapeyyāla	AN7.623-1132	
an7.1098	A-vii	788	AN7.1098	rāgapeyyāla	AN7.623-1132	
an7.1099	A-vii	788	AN7.1099	rāgapeyyāla	AN7.623-1132	
an7.1100	A-vii	788	AN7.1100	rāgapeyyāla	AN7.623-1132	
an7.1101	A-vii	788	AN7.1101	rāgapeyyāla	AN7.623-1132	
an7.1102	A-vii	788	AN7.1102	rāgapeyyāla	AN7.623-1132	
an7.1103	A-vii	788	AN7.1103	rāgapeyyāla	AN7.623-1132	
an7.1104	A-vii	788	AN7.1104	rāgapeyyāla	AN7.623-1132	
an7.1105	A-vii	788	AN7.1105	rāgapeyyāla	AN7.623-1132	
an7.1106	A-vii	788	AN7.1106	rāgapeyyāla	AN7.623-1132	
an7.1107	A-vii	788	AN7.1107	rāgapeyyāla	AN7.623-1132	
an7.1108	A-vii	788	AN7.1108	rāgapeyyāla	AN7.623-1132	
an7.1109	A-vii	788	AN7.1109	rāgapeyyāla	AN7.623-1132	
an7.1110	A-vii	788	AN7.1110	rāgapeyyāla	AN7.623-1132	
an7.1111	A-vii	788	AN7.1111	rāgapeyyāla	AN7.623-1132	
an7.1112	A-vii	788	AN7.1112	rāgapeyyāla	AN7.623-1132	
an7.1113	A-vii	788	AN7.1113	rāgapeyyāla	AN7.623-1132	
an7.1114	A-vii	788	AN7.1114	rāgapeyyāla	AN7.623-1132	
an7.1115	A-vii	788	AN7.1115	rāgapeyyāla	AN7.623-1132	
an7.1116	A-vii	788	AN7.1116	rāgapeyyāla	AN7.623-1132	
an7.1117	A-vii	788	AN7.1117	rāgapeyyāla	AN7.623-1132	
an7.1118	A-vii	788	AN7.1118	rāgapeyyāla	AN7.623-1132	
an7.1119	A-vii	788	AN7.1119	rāgapeyyāla	AN7.623-1132	
an7.1120	A-vii	788	AN7.1120	rāgapeyyāla	AN7.623-1132	
an7.1121	A-vii	788	AN7.1121	rāgapeyyāla	AN7.623-1132	
an7.1122	A-vii	788	AN7.1122	rāgapeyyāla	AN7.623-1132	
an7.1123	A-vii	788	AN7.1123	rāgapeyyāla	AN7.623-1132	
an7.1124	A-vii	788	AN7.1124	rāgapeyyāla	AN7.623-1132	
an7.1125	A-vii	788	AN7.1125	rāgapeyyāla	AN7.623-1132	
an7.1126	A-vii	788	AN7.1126	rāgapeyyāla	AN7.623-1132	
an7.1127	A-vii	788	AN7.1127	rāgapeyyāla	AN7.623-1132	
an7.1128	A-vii	788	AN7.1128	rāgapeyyāla	AN7.623-1132	
an7.1129	A-vii	788	AN7.1129	rāgapeyyāla	AN7.623-1132	
an7.1130	A-vii	788	AN7.1130	rāgapeyyāla	AN7.623-1132	
an7.1131	A-vii	788	AN7.1131	rāgapeyyāla	AN7.623-1132	
an7.1132	A-vii	788	AN7.1132	rāgapeyyāla	AN7.623-1132	
an8	A-viii	3	AN8	aṭṭhakanipātapāḷi		
an8.1	A-viii	3	AN8.1	mettāsutta		
an8.1-10	A-viii	3	AN8.1-10	mettāvagga		
an8.2	A-viii	25	AN8.2	paññāsutta		
an8.3	A-viii	43	AN8.3	paṭhamaappiyasutta		
an8.4	A-viii	46	AN8.4	dutiyaappiyasutta		
an8.5	A-viii	49	AN8.5	paṭhamalokadhammasutta		
an8.6	A-viii	63	AN8.6	dutiyalokadhammasutta		
an8.7	A-viii	82	AN8.7	devadattavipattisutta		
an8.8	A-viii	89	AN8.8	uttaravipattisutta		
an8.9	A-viii	103	AN8.9	nandasutta		
an8.10	A-viii	110	AN8.10	kāraṇḍavasutta		
an8.11	A-viii	132	AN8.11	verañjasutta		
an8.11-20	A-viii	132	AN8.11-20	mahāvagga		
an8.12	A-viii	154	AN8.12	sīhasutta		
an8.13	A-viii	188	AN8.13	assājānīyasutta		
an8.14	A-viii	191	AN8.14	assakhaḷuṅkasutta		
an8.15	A-viii	209	AN8.15	malasutta		
an8.16	A-viii	216	AN8.16	dūteyyasutta		
an8.17	A-viii	222	AN8.17	paṭhamabandhanasutta		
an8.18	A-viii	224	AN8.18	dutiyabandhanasutta		
an8.19	A-viii	226	AN8.19	pahārādasutta		
an8.20	A-viii	245	AN8.20	uposathasutta		
an8.21	A-viii	259	AN8.21	paṭhamauggasutta		
an8.21-30	A-viii	259	AN8.21-30	gahapativagga		
an8.22	A-viii	273	AN8.22	dutiyauggasutta		
an8.23	A-viii	286	AN8.23	paṭhamahatthakasutta		
an8.24	A-viii	294	AN8.24	dutiyahatthakasutta		
an8.25	A-viii	297	AN8.25	mahānāmasutta		
an8.26	A-viii	302	AN8.26	jīvakasutta		
an8.27	A-viii	307	AN8.27	paṭhamabalasutta		
an8.28	A-viii	309	AN8.28	dutiyabalasutta		
an8.29	A-viii	317	AN8.29	akkhaṇasutta		
an8.30	A-viii	348	AN8.30	anuruddhamahāvitakkasutta		
an8.31	A-viii	382	AN8.31	paṭhamadānasutta		
an8.31-40	A-viii	382	AN8.31-40	dānavagga		
an8.32	A-viii	385	AN8.32	dutiyadānasutta		
an8.33	A-viii	391	AN8.33	dānavatthusutta		
an8.34	A-viii	393	AN8.34	khettasutta		
an8.35	A-viii	412	AN8.35	dānūpapattisutta		
an8.36	A-viii	417	AN8.36	puññakiriyavatthusutta		
an8.37	A-viii	426	AN8.37	sappurisadānasutta		
an8.38	A-viii	434	AN8.38	sappurisasutta		
an8.39	A-viii	445	AN8.39	abhisandasutta		
an8.40	A-viii	451	AN8.40	duccaritavipākasutta		
an8.41	A-viii	464	AN8.41	saṅkhittūposathasutta		
an8.41-50	A-viii	464	AN8.41-50	uposathavagga		
an8.42	A-viii	475	AN8.42	vitthatūposathasutta		
an8.43	A-viii	508	AN8.43	visākhāsutta		
an8.44	A-viii	538	AN8.44	vāseṭṭhasutta		
an8.45	A-viii	542	AN8.45	bojjhasutta		
an8.46	A-viii	572	AN8.46	anuruddhasutta		
an8.47	A-viii	599	AN8.47	dutiyavisākhāsutta		
an8.48	A-viii	611	AN8.48	nakulamātāsutta		
an8.49	A-viii	630	AN8.49	paṭhamaidhalokikasutta		
an8.50	A-viii	651	AN8.50	dutiyaidhalokikasutta		
an8.51	A-viii	675	AN8.51	gotamīsutta		
an8.51-60	A-viii	675	AN8.51-60	gotamīvagga		
an8.52	A-viii	707	AN8.52	ovādasutta		
an8.53	A-viii	710	AN8.53	saṃkhittasutta		
an8.54	A-viii	714	AN8.54	dīghajāṇusutta		
an8.55	A-viii	734	AN8.55	ujjayasutta		
an8.56	A-viii	754	AN8.56	bhayasutta		
an8.57	A-viii	763	AN8.57	paṭhamaāhuneyyasutta		
an8.58	A-viii	765	AN8.58	dutiyaāhuneyyasutta		
an8.59	A-viii	767	AN8.59	paṭhamapuggalasutta		
an8.60	A-viii	773	AN8.60	dutiyapuggalasutta		
an8.61	A-viii	783	AN8.61	icchāsutta		
an8.61-70	A-viii	783	AN8.61-70	bhūmicālavagga		
an8.62	A-viii	793	AN8.62	alaṃsutta		
an8.63	A-viii	802	AN8.63	saṃkhittasutta		
an8.64	A-viii	814	AN8.64	gayāsīsasutta		
an8.65	A-viii	825	AN8.65	abhibhāyatanasutta		
an8.66	A-viii	834	AN8.66	vimokkhasutta		
an8.67	A-viii	843	AN8.67	anariyavohārasutta		
an8.68	A-viii	845	AN8.68	ariyavohārasutta		
an8.69	A-viii	847	AN8.69	parisāsutta		
an8.70	A-viii	850	AN8.70	bhūmicālasutta		
an8.71	A-viii	876	AN8.71	paṭhamasaddhāsutta		
an8.71-80	A-viii	876	AN8.71-80	yamakavagga		
an8.72	A-viii	882	AN8.72	dutiyasaddhāsutta		
an8.73	A-viii	886	AN8.73	paṭhamamaraṇassatisutta		
an8.74	A-viii	899	AN8.74	dutiyamaraṇassatisutta		
an8.75	A-viii	909	AN8.75	paṭhamasampadāsutta		
an8.76	A-viii	919	AN8.76	dutiyasampadāsutta		
an8.77	A-viii	936	AN8.77	icchāsutta		
an8.78	A-viii	946	AN8.78	alaṃsutta		
an8.79	A-viii	955	AN8.79	parihānasutta		
an8.80	A-viii	958	AN8.80	kusītārambhavatthusutta		
an8.81	A-viii	979	AN8.81	satisampajaññasutta		
an8.81-90	A-viii	979	AN8.81-90	sativagga		
an8.82	A-viii	983	AN8.82	puṇṇiyasutta		
an8.83	A-viii	986	AN8.83	mūlakasutta		
an8.84	A-viii	989	AN8.84	corasutta		
an8.85	A-viii	992	AN8.85	samaṇasutta		
an8.86	A-viii	1000	AN8.86	yasasutta		
an8.87	A-viii	1015	AN8.87	pattanikujjanasutta		
an8.88	A-viii	1018	AN8.88	appasādapavedanīyasutta		
an8.89	A-viii	1021	AN8.89	paṭisāraṇīyasutta		
an8.90	A-viii	1024	AN8.90	sammāvattanasutta		
an8.91	A-viii	1030	AN8.91	sāmaññavagga	AN8.91-116	
an8.91-116	A-viii	1030	AN8.91-116	sāmaññavagga		
an8.92	A-viii	1030	AN8.92	sāmaññavagga	AN8.91-116	
an8.93	A-viii	1030	AN8.93	sāmaññavagga	AN8.91-116	
an8.94	A-viii	1030	AN8.94	sāmaññavagga	AN8.91-116	
an8.95	A-viii	1030	AN8.95	sāmaññavagga	AN8.91-116	
an8.96	A-viii	1030	AN8.96	sāmaññavagga	AN8.91-116	
an8.97	A-viii	1030	AN8.97	sāmaññavagga	AN8.91-116	
an8.98	A-viii	1030	AN8.98	sāmaññavagga	AN8.91-116	
an8.99	A-viii	1030	AN8.99	sāmaññavagga	AN8.91-116	
an8.100	A-viii	1030	AN8.100	sāmaññavagga	AN8.91-116	
an8.101	A-viii	1030	AN8.101	sāmaññavagga	AN8.91-116	
an8.102	A-viii	1030	AN8.102	sāmaññavagga	AN8.91-116	
an8.103	A-viii	1030	AN8.103	sāmaññavagga	AN8.91-116	
an8.104	A-viii	1030	AN8.104	sāmaññavagga	AN8.91-116	
an8.105	A-viii	1030	AN8.105	sāmaññavagga	AN8.91-116	
an8.106	A-viii	1030	AN8.106	sāmaññavagga	AN8.91-116	
an8.107	A-viii	1030	AN8.107	sāmaññavagga	AN8.91-116	
an8.108	A-viii	1030	AN8.108	sāmaññavagga	AN8.91-116	
an8.109	A-viii	1030	AN8.109	sāmaññavagga	AN8.91-116	
an8.110	A-viii	1030	AN8.110	sāmaññavagga	AN8.91-116	
an8.111	A-viii	1030	AN8.111	sāmaññavagga	AN8.91-116	
an8.112	A-viii	1030	AN8.112	sāmaññavagga	AN8.91-116	
an8.113	A-viii	1030	AN8.113	sāmaññavagga	AN8.91-116	
an8.114	A-viii	1030	AN8.114	sāmaññavagga	AN8.91-116	
an8.115	A-viii	1030	AN8.115	sāmaññavagga	AN8.91-116	
an8.116	A-viii	1030	AN8.116	sāmaññavagga	AN8.91-116	
an8.117	A-viii	1034	AN8.117	rāgapeyyāla	AN8.117-626	
an8.117-626	A-viii	1034	AN8.117-626	rāgapeyyāla		
an8.118	A-viii	1036	AN8.118	rāgapeyyāla	AN8.117-626	
an8.119	A-viii	1037	AN8.119	rāgapeyyāla	AN8.117-626	
an8.120	A-viii	1038	AN8.120	rāgapeyyāla	AN8.117-626	
an8.121	A-viii	1038	AN8.121	rāgapeyyāla	AN8.117-626	
an8.122	A-viii	1038	AN8.122	rāgapeyyāla	AN8.117-626	
an8.123	A-viii	1038	AN8.123	rāgapeyyāla	AN8.117-626	
an8.124	A-viii	1038	AN8.124	rāgapeyyāla	AN8.117-626	
an8.125	A-viii	1038	AN8.125	rāgapeyyāla	AN8.117-626	
an8.126	A-viii	1038	AN8.126	rāgapeyyāla	AN8.117-626	
an8.127	A-viii	1038	AN8.127	rāgapeyyāla	AN8.117-626	
an8.128	A-viii	1038	AN8.128	rāgapeyyāla	AN8.117-626	
an8.129	A-viii	1038	AN8.129	rāgapeyyāla	AN8.117-626	
an8.130	A-viii	1038	AN8.130	rāgapeyyāla	AN8.117-626	
an8.131	A-viii	1038	AN8.131	rāgapeyyāla	AN8.117-626	
an8.132	A-viii	1038	AN8.132	rāgapeyyāla	AN8.117-626	
an8.133	A-viii	1038	AN8.133	rāgapeyyāla	AN8.117-626	
an8.134	A-viii	1038	AN8.134	rāgapeyyāla	AN8.117-626	
an8.135	A-viii	1038	AN8.135	rāgapeyyāla	AN8.117-626	
an8.136	A-viii	1038	AN8.136	rāgapeyyāla	AN8.117-626	
an8.137	A-viii	1038	AN8.137	rāgapeyyāla	AN8.117-626	
an8.138	A-viii	1038	AN8.138	rāgapeyyāla	AN8.117-626	
an8.139	A-viii	1038	AN8.139	rāgapeyyāla	AN8.117-626	
an8.140	A-viii	1038	AN8.140	rāgapeyyāla	AN8.117-626	
an8.141	A-viii	1038	AN8.141	rāgapeyyāla	AN8.117-626	
an8.142	A-viii	1038	AN8.142	rāgapeyyāla	AN8.117-626	
an8.143	A-viii	1038	AN8.143	rāgapeyyāla	AN8.117-626	
an8.144	A-viii	1038	AN8.144	rāgapeyyāla	AN8.117-626	
an8.145	A-viii	1038	AN8.145	rāgapeyyāla	AN8.117-626	
an8.146	A-viii	1038	AN8.146	rāgapeyyāla	AN8.117-626	
an8.147	A-viii	1039	AN8.147	rāgapeyyāla	AN8.117-626	
an8.148	A-viii	1039	AN8.148	rāgapeyyāla	AN8.117-626	
an8.149	A-viii	1039	AN8.149	rāgapeyyāla	AN8.117-626	
an8.150	A-viii	1039	AN8.150	rāgapeyyāla	AN8.117-626	
an8.151	A-viii	1039	AN8.151	rāgapeyyāla	AN8.117-626	
an8.152	A-viii	1039	AN8.152	rāgapeyyāla	AN8.117-626	
an8.153	A-viii	1039	AN8.153	rāgapeyyāla	AN8.117-626	
an8.154	A-viii	1039	AN8.154	rāgapeyyāla	AN8.117-626	
an8.155	A-viii	1039	AN8.155	rāgapeyyāla	AN8.117-626	
an8.156	A-viii	1039	AN8.156	rāgapeyyāla	AN8.117-626	
an8.157	A-viii	1039	AN8.157	rāgapeyyāla	AN8.117-626	
an8.158	A-viii	1039	AN8.158	rāgapeyyāla	AN8.117-626	
an8.159	A-viii	1039	AN8.159	rāgapeyyāla	AN8.117-626	
an8.160	A-viii	1039	AN8.160	rāgapeyyāla	AN8.117-626	
an8.161	A-viii	1039	AN8.161	rāgapeyyāla	AN8.117-626	
an8.162	A-viii	1039	AN8.162	rāgapeyyāla	AN8.117-626	
an8.163	A-viii	1039	AN8.163	rāgapeyyāla	AN8.117-626	
an8.164	A-viii	1039	AN8.164	rāgapeyyāla	AN8.117-626	
an8.165	A-viii	1039	AN8.165	rāgapeyyāla	AN8.117-626	
an8.166	A-viii	1039	AN8.166	rāgapeyyāla	AN8.117-626	
an8.167	A-viii	1039	AN8.167	rāgapeyyāla	AN8.117-626	
an8.168	A-viii	1039	AN8.168	rāgapeyyāla	AN8.117-626	
an8.169	A-viii	1039	AN8.169	rāgapeyyāla	AN8.117-626	
an8.170	A-viii	1039	AN8.170	rāgapeyyāla	AN8.117-626	
an8.171	A-viii	1039	AN8.171	rāgapeyyāla	AN8.117-626	
an8.172	A-viii	1039	AN8.172	rāgapeyyāla	AN8.117-626	
an8.173	A-viii	1039	AN8.173	rāgapeyyāla	AN8.117-626	
an8.174	A-viii	1039	AN8.174	rāgapeyyāla	AN8.117-626	
an8.175	A-viii	1039	AN8.175	rāgapeyyāla	AN8.117-626	
an8.176	A-viii	1039	AN8.176	rāgapeyyāla	AN8.117-626	
an8.177	A-viii	1039	AN8.177	rāgapeyyāla	AN8.117-626	
an8.178	A-viii	1039	AN8.178	rāgapeyyāla	AN8.117-626	
an8.179	A-viii	1039	AN8.179	rāgapeyyāla	AN8.117-626	
an8.180	A-viii	1039	AN8.180	rāgapeyyāla	AN8.117-626	
an8.181	A-viii	1039	AN8.181	rāgapeyyāla	AN8.117-626	
an8.182	A-viii	1039	AN8.182	rāgapeyyāla	AN8.117-626	
an8.183	A-viii	1039	AN8.183	rāgapeyyāla	AN8.117-626	
an8.184	A-viii	1039	AN8.184	rāgapeyyāla	AN8.117-626	
an8.185	A-viii	1039	AN8.185	rāgapeyyāla	AN8.117-626	
an8.186	A-viii	1039	AN8.186	rāgapeyyāla	AN8.117-626	
an8.187	A-viii	1039	AN8.187	rāgapeyyāla	AN8.117-626	
an8.188	A-viii	1039	AN8.188	rāgapeyyāla	AN8.117-626	
an8.189	A-viii	1039	AN8.189	rāgapeyyāla	AN8.117-626	
an8.190	A-viii	1039	AN8.190	rāgapeyyāla	AN8.117-626	
an8.191	A-viii	1039	AN8.191	rāgapeyyāla	AN8.117-626	
an8.192	A-viii	1039	AN8.192	rāgapeyyāla	AN8.117-626	
an8.193	A-viii	1039	AN8.193	rāgapeyyāla	AN8.117-626	
an8.194	A-viii	1039	AN8.194	rāgapeyyāla	AN8.117-626	
an8.195	A-viii	1039	AN8.195	rāgapeyyāla	AN8.117-626	
an8.196	A-viii	1039	AN8.196	rāgapeyyāla	AN8.117-626	
an8.197	A-viii	1039	AN8.197	rāgapeyyāla	AN8.117-626	
an8.198	A-viii	1039	AN8.198	rāgapeyyāla	AN8.117-626	
an8.199	A-viii	1039	AN8.199	rāgapeyyāla	AN8.117-626	
an8.200	A-viii	1039	AN8.200	rāgapeyyāla	AN8.117-626	
an8.201	A-viii	1039	AN8.201	rāgapeyyāla	AN8.117-626	
an8.202	A-viii	1039	AN8.202	rāgapeyyāla	AN8.117-626	
an8.203	A-viii	1039	AN8.203	rāgapeyyāla	AN8.117-626	
an8.204	A-viii	1039	AN8.204	rāgapeyyāla	AN8.117-626	
an8.205	A-viii	1039	AN8.205	rāgapeyyāla	AN8.117-626	
an8.206	A-viii	1039	AN8.206	rāgapeyyāla	AN8.117-626	
an8.207	A-viii	1039	AN8.207	rāgapeyyāla	AN8.117-626	
an8.208	A-viii	1039	AN8.208	rāgapeyyāla	AN8.117-626	
an8.209	A-viii	1039	AN8.209	rāgapeyyāla	AN8.117-626	
an8.210	A-viii	1039	AN8.210	rāgapeyyāla	AN8.117-626	
an8.211	A-viii	1039	AN8.211	rāgapeyyāla	AN8.117-626	
an8.212	A-viii	1039	AN8.212	rāgapeyyāla	AN8.117-626	
an8.213	A-viii	1039	AN8.213	rāgapeyyāla	AN8.117-626	
an8.214	A-viii	1039	AN8.214	rāgapeyyāla	AN8.117-626	
an8.215	A-viii	1039	AN8.215	rāgapeyyāla	AN8.117-626	
an8.216	A-viii	1039	AN8.216	rāgapeyyāla	AN8.117-626	
an8.217	A-viii	1039	AN8.217	rāgapeyyāla	AN8.117-626	
an8.218	A-viii	1039	AN8.218	rāgapeyyāla	AN8.117-626	
an8.219	A-viii	1039	AN8.219	rāgapeyyāla	AN8.117-626	
an8.220	A-viii	1039	AN8.220	rāgapeyyāla	AN8.117-626	
an8.221	A-viii	1039	AN8.221	rāgapeyyāla	AN8.117-626	
an8.222	A-viii	1039	AN8.222	rāgapeyyāla	AN8.117-626	
an8.223	A-viii	1039	AN8.223	rāgapeyyāla	AN8.117-626	
an8.224	A-viii	1039	AN8.224	rāgapeyyāla	AN8.117-626	
an8.225	A-viii	1039	AN8.225	rāgapeyyāla	AN8.117-626	
an8.226	A-viii	1039	AN8.226	rāgapeyyāla	AN8.117-626	
an8.227	A-viii	1039	AN8.227	rāgapeyyāla	AN8.117-626	
an8.228	A-viii	1039	AN8.228	rāgapeyyāla	AN8.117-626	
an8.229	A-viii	1039	AN8.229	rāgapeyyāla	AN8.117-626	
an8.230	A-viii	1039	AN8.230	rāgapeyyāla	AN8.117-626	
an8.231	A-viii	1039	AN8.231	rāgapeyyāla	AN8.117-626	
an8.232	A-viii	1039	AN8.232	rāgapeyyāla	AN8.117-626	
an8.233	A-viii	1039	AN8.233	rāgapeyyāla	AN8.117-626	
an8.234	A-viii	1039	AN8.234	rāgapeyyāla	AN8.117-626	
an8.235	A-viii	1039	AN8.235	rāgapeyyāla	AN8.117-626	
an8.236	A-viii	1039	AN8.236	rāgapeyyāla	AN8.117-626	
an8.237	A-viii	1039	AN8.237	rāgapeyyāla	AN8.117-626	
an8.238	A-viii	1039	AN8.238	rāgapeyyāla	AN8.117-626	
an8.239	A-viii	1039	AN8.239	rāgapeyyāla	AN8.117-626	
an8.240	A-viii	1039	AN8.240	rāgapeyyāla	AN8.117-626	
an8.241	A-viii	1039	AN8.241	rāgapeyyāla	AN8.117-626	
an8.242	A-viii	1039	AN8.242	rāgapeyyāla	AN8.117-626	
an8.243	A-viii	1039	AN8.243	rāgapeyyāla	AN8.117-626	
an8.244	A-viii	1039	AN8.244	rāgapeyyāla	AN8.117-626	
an8.245	A-viii	1039	AN8.245	rāgapeyyāla	AN8.117-626	
an8.246	A-viii	1039	AN8.246	rāgapeyyāla	AN8.117-626	
an8.247	A-viii	1039	AN8.247	rāgapeyyāla	AN8.117-626	
an8.248	A-viii	1039	AN8.248	rāgapeyyāla	AN8.117-626	
an8.249	A-viii	1039	AN8.249	rāgapeyyāla	AN8.117-626	
an8.250	A-viii	1039	AN8.250	rāgapeyyāla	AN8.117-626	
an8.251	A-viii	1039	AN8.251	rāgapeyyāla	AN8.117-626	
an8.252	A-viii	1039	AN8.252	rāgapeyyāla	AN8.117-626	
an8.253	A-viii	1039	AN8.253	rāgapeyyāla	AN8.117-626	
an8.254	A-viii	1039	AN8.254	rāgapeyyāla	AN8.117-626	
an8.255	A-viii	1039	AN8.255	rāgapeyyāla	AN8.117-626	
an8.256	A-viii	1039	AN8.256	rāgapeyyāla	AN8.117-626	
an8.257	A-viii	1039	AN8.257	rāgapeyyāla	AN8.117-626	
an8.258	A-viii	1039	AN8.258	rāgapeyyāla	AN8.117-626	
an8.259	A-viii	1039	AN8.259	rāgapeyyāla	AN8.117-626	
an8.260	A-viii	1039	AN8.260	rāgapeyyāla	AN8.117-626	
an8.261	A-viii	1039	AN8.261	rāgapeyyāla	AN8.117-626	
an8.262	A-viii	1039	AN8.262	rāgapeyyāla	AN8.117-626	
an8.263	A-viii	1039	AN8.263	rāgapeyyāla	AN8.117-626	
an8.264	A-viii	1039	AN8.264	rāgapeyyāla	AN8.117-626	
an8.265	A-viii	1039	AN8.265	rāgapeyyāla	AN8.117-626	
an8.266	A-viii	1039	AN8.266	rāgapeyyāla	AN8.117-626	
an8.267	A-viii	1039	AN8.267	rāgapeyyāla	AN8.117-626	
an8.268	A-viii	1039	AN8.268	rāgapeyyāla	AN8.117-626	
an8.269	A-viii	1039	AN8.269	rāgapeyyāla	AN8.117-626	
an8.270	A-viii	1039	AN8.270	rāgapeyyāla	AN8.117-626	
an8.271	A-viii	1039	AN8.271	rāgapeyyāla	AN8.117-626	
an8.272	A-viii	1039	AN8.272	rāgapeyyāla	AN8.117-626	
an8.273	A-viii	1039	AN8.273	rāgapeyyāla	AN8.117-626	
an8.274	A-viii	1039	AN8.274	rāgapeyyāla	AN8.117-626	
an8.275	A-viii	1039	AN8.275	rāgapeyyāla	AN8.117-626	
an8.276	A-viii	1039	AN8.276	rāgapeyyāla	AN8.117-626	
an8.277	A-viii	1039	AN8.277	rāgapeyyāla	AN8.117-626	
an8.278	A-viii	1039	AN8.278	rāgapeyyāla	AN8.117-626	
an8.279	A-viii	1039	AN8.279	rāgapeyyāla	AN8.117-626	
an8.280	A-viii	1039	AN8.280	rāgapeyyāla	AN8.117-626	
an8.281	A-viii	1039	AN8.281	rāgapeyyāla	AN8.117-626	
an8.282	A-viii	1039	AN8.282	rāgapeyyāla	AN8.117-626	
an8.283	A-viii	1039	AN8.283	rāgapeyyāla	AN8.117-626	
an8.284	A-viii	1039	AN8.284	rāgapeyyāla	AN8.117-626	
an8.285	A-viii	1039	AN8.285	rāgapeyyāla	AN8.117-626	
an8.286	A-viii	1039	AN8.286	rāgapeyyāla	AN8.117-626	
an8.287	A-viii	1039	AN8.287	rāgapeyyāla	AN8.117-626	
an8.288	A-viii	1039	AN8.288	rāgapeyyāla	AN8.117-626	
an8.289	A-viii	1039	AN8.289	rāgapeyyāla	AN8.117-626	
an8.290	A-viii	1039	AN8.290	rāgapeyyāla	AN8.117-626	
an8.291	A-viii	1039	AN8.291	rāgapeyyāla	AN8.117-626	
an8.292	A-viii	1039	AN8.292	rāgapeyyāla	AN8.117-626	
an8.293	A-viii	1039	AN8.293	rāgapeyyāla	AN8.117-626	
an8.294	A-viii	1039	AN8.294	rāgapeyyāla	AN8.117-626	
an8.295	A-viii	1039	AN8.295	rāgapeyyāla	AN8.117-626	
an8.296	A-viii	1039	AN8.296	rāgapeyyāla	AN8.117-626	
an8.297	A-viii	1039	AN8.297	rāgapeyyāla	AN8.117-626	
an8.298	A-viii	1039	AN8.298	rāgapeyyāla	AN8.117-626	
an8.299	A-viii	1039	AN8.299	rāgapeyyāla	AN8.117-626	
an8.300	A-viii	1039	AN8.300	rāgapeyyāla	AN8.117-626	
an8.301	A-viii	1039	AN8.301	rāgapeyyāla	AN8.117-626	
an8.302	A-viii	1039	AN8.302	rāgapeyyāla	AN8.117-626	
an8.303	A-viii	1039	AN8.303	rāgapeyyāla	AN8.117-626	
an8.304	A-viii	1039	AN8.304	rāgapeyyāla	AN8.117-626	
an8.305	A-viii	1039	AN8.305	rāgapeyyāla	AN8.117-626	
an8.306	A-viii	1039	AN8.306	rāgapeyyāla	AN8.117-626	
an8.307	A-viii	1039	AN8.307	rāgapeyyāla	AN8.117-626	
an8.308	A-viii	1039	AN8.308	rāgapeyyāla	AN8.117-626	
an8.309	A-viii	1039	AN8.309	rāgapeyyāla	AN8.117-626	
an8.310	A-viii	1039	AN8.310	rāgapeyyāla	AN8.117-626	
an8.311	A-viii	1039	AN8.311	rāgapeyyāla	AN8.117-626	
an8.312	A-viii	1039	AN8.312	rāgapeyyāla	AN8.117-626	
an8.313	A-viii	1039	AN8.313	rāgapeyyāla	AN8.117-626	
an8.314	A-viii	1039	AN8.314	rāgapeyyāla	AN8.117-626	
an8.315	A-viii	1039	AN8.315	rāgapeyyāla	AN8.117-626	
an8.316	A-viii	1039	AN8.316	rāgapeyyāla	AN8.117-626	
an8.317	A-viii	1039	AN8.317	rāgapeyyāla	AN8.117-626	
an8.318	A-viii	1039	AN8.318	rāgapeyyāla	AN8.117-626	
an8.319	A-viii	1039	AN8.319	rāgapeyyāla	AN8.117-626	
an8.320	A-viii	1039	AN8.320	rāgapeyyāla	AN8.117-626	
an8.321	A-viii	1039	AN8.321	rāgapeyyāla	AN8.117-626	
an8.322	A-viii	1039	AN8.322	rāgapeyyāla	AN8.117-626	
an8.323	A-viii	1039	AN8.323	rāgapeyyāla	AN8.117-626	
an8.324	A-viii	1039	AN8.324	rāgapeyyāla	AN8.117-626	
an8.325	A-viii	1039	AN8.325	rāgapeyyāla	AN8.117-626	
an8.326	A-viii	1039	AN8.326	rāgapeyyāla	AN8.117-626	
an8.327	A-viii	1039	AN8.327	rāgapeyyāla	AN8.117-626	
an8.328	A-viii	1039	AN8.328	rāgapeyyāla	AN8.117-626	
an8.329	A-viii	1039	AN8.329	rāgapeyyāla	AN8.117-626	
an8.330	A-viii	1039	AN8.330	rāgapeyyāla	AN8.117-626	
an8.331	A-viii	1039	AN8.331	rāgapeyyāla	AN8.117-626	
an8.332	A-viii	1039	AN8.332	rāgapeyyāla	AN8.117-626	
an8.333	A-viii	1039	AN8.333	rāgapeyyāla	AN8.117-626	
an8.334	A-viii	1039	AN8.334	rāgapeyyāla	AN8.117-626	
an8.335	A-viii	1039	AN8.335	rāgapeyyāla	AN8.117-626	
an8.336	A-viii	1039	AN8.336	rāgapeyyāla	AN8.117-626	
an8.337	A-viii	1039	AN8.337	rāgapeyyāla	AN8.117-626	
an8.338	A-viii	1039	AN8.338	rāgapeyyāla	AN8.117-626	
an8.339	A-viii	1039	AN8.339	rāgapeyyāla	AN8.117-626	
an8.340	A-viii	1039	AN8.340	rāgapeyyāla	AN8.117-626	
an8.341	A-viii	1039	AN8.341	rāgapeyyāla	AN8.117-626	
an8.342	A-viii	1039	AN8.342	rāgapeyyāla	AN8.117-626	
an8.343	A-viii	1039	AN8.343	rāgapeyyāla	AN8.117-626	
an8.344	A-viii	1039	AN8.344	rāgapeyyāla	AN8.117-626	
an8.345	A-viii	1039	AN8.345	rāgapeyyāla	AN8.117-626	
an8.346	A-viii	1039	AN8.346	rāgapeyyāla	AN8.117-626	
an8.347	A-viii	1039	AN8.347	rāgapeyyāla	AN8.117-626	
an8.348	A-viii	1039	AN8.348	rāgapeyyāla	AN8.117-626	
an8.349	A-viii	1039	AN8.349	rāgapeyyāla	AN8.117-626	
an8.350	A-viii	1039	AN8.350	rāgapeyyāla	AN8.117-626	
an8.351	A-viii	1039	AN8.351	rāgapeyyāla	AN8.117-626	
an8.352	A-viii	1039	AN8.352	rāgapeyyāla	AN8.117-626	
an8.353	A-viii	1039	AN8.353	rāgapeyyāla	AN8.117-626	
an8.354	A-viii	1039	AN8.354	rāgapeyyāla	AN8.117-626	
an8.355	A-viii	1039	AN8.355	rāgapeyyāla	AN8.117-626	
an8.356	A-viii	1039	AN8.356	rāgapeyyāla	AN8.117-626	
an8.357	A-viii	1039	AN8.357	rāgapeyyāla	AN8.117-626	
an8.358	A-viii	1039	AN8.358	rāgapeyyāla	AN8.117-626	
an8.359	A-viii	1039	AN8.359	rāgapeyyāla	AN8.117-626	
an8.360	A-viii	1039	AN8.360	rāgapeyyāla	AN8.117-626	
an8.361	A-viii	1039	AN8.361	rāgapeyyāla	AN8.117-626	
an8.362	A-viii	1039	AN8.362	rāgapeyyāla	AN8.117-626	
an8.363	A-viii	1039	AN8.363	rāgapeyyāla	AN8.117-626	
an8.364	A-viii	1039	AN8.364	rāgapeyyāla	AN8.117-626	
an8.365	A-viii	1039	AN8.365	rāgapeyyāla	AN8.117-626	
an8.366	A-viii	1039	AN8.366	rāgapeyyāla	AN8.117-626	
an8.367	A-viii	1039	AN8.367	rāgapeyyāla	AN8.117-626	
an8.368	A-viii	1039	AN8.368	rāgapeyyāla	AN8.117-626	
an8.369	A-viii	1039	AN8.369	rāgapeyyāla	AN8.117-626	
an8.370	A-viii	1039	AN8.370	rāgapeyyāla	AN8.117-626	
an8.371	A-viii	1039	AN8.371	rāgapeyyāla	AN8.117-626	
an8.372	A-viii	1039	AN8.372	rāgapeyyāla	AN8.117-626	
an8.373	A-viii	1039	AN8.373	rāgapeyyāla	AN8.117-626	
an8.374	A-viii	1039	AN8.374	rāgapeyyāla	AN8.117-626	
an8.375	A-viii	1039	AN8.375	rāgapeyyāla	AN8.117-626	
an8.376	A-viii	1039	AN8.376	rāgapeyyāla	AN8.117-626	
an8.377	A-viii	1039	AN8.377	rāgapeyyāla	AN8.117-626	
an8.378	A-viii	1039	AN8.378	rāgapeyyāla	AN8.117-626	
an8.379	A-viii	1039	AN8.379	rāgapeyyāla	AN8.117-626	
an8.380	A-viii	1039	AN8.380	rāgapeyyāla	AN8.117-626	
an8.381	A-viii	1039	AN8.381	rāgapeyyāla	AN8.117-626	
an8.382	A-viii	1039	AN8.382	rāgapeyyāla	AN8.117-626	
an8.383	A-viii	1039	AN8.383	rāgapeyyāla	AN8.117-626	
an8.384	A-viii	1039	AN8.384	rāgapeyyāla	AN8.117-626	
an8.385	A-viii	1039	AN8.385	rāgapeyyāla	AN8.117-626	
an8.386	A-viii	1039	AN8.386	rāgapeyyāla	AN8.117-626	
an8.387	A-viii	1039	AN8.387	rāgapeyyāla	AN8.117-626	
an8.388	A-viii	1039	AN8.388	rāgapeyyāla	AN8.117-626	
an8.389	A-viii	1039	AN8.389	rāgapeyyāla	AN8.117-626	
an8.390	A-viii	1039	AN8.390	rāgapeyyāla	AN8.117-626	
an8.391	A-viii	1039	AN8.391	rāgapeyyāla	AN8.117-626	
an8.392	A-viii	1039	AN8.392	rāgapeyyāla	AN8.117-626	
an8.393	A-viii	1039	AN8.393	rāgapeyyāla	AN8.117-626	
an8.394	A-viii	1039	AN8.394	rāgapeyyāla	AN8.117-626	
an8.395	A-viii	1039	AN8.395	rāgapeyyāla	AN8.117-626	
an8.396	A-viii	1039	AN8.396	rāgapeyyāla	AN8.117-626	
an8.397	A-viii	1039	AN8.397	rāgapeyyāla	AN8.117-626	
an8.398	A-viii	1039	AN8.398	rāgapeyyāla	AN8.117-626	
an8.399	A-viii	1039	AN8.399	rāgapeyyāla	AN8.117-626	
an8.400	A-viii	1039	AN8.400	rāgapeyyāla	AN8.117-626	
an8.401	A-viii	1039	AN8.401	rāgapeyyāla	AN8.117-626	
an8.402	A-viii	1039	AN8.402	rāgapeyyāla	AN8.117-626	
an8.403	A-viii	1039	AN8.403	rāgapeyyāla	AN8.117-626	
an8.404	A-viii	1039	AN8.404	rāgapeyyāla	AN8.117-626	
an8.405	A-viii	1039	AN8.405	rāgapeyyāla	AN8.117-626	
an8.406	A-viii	1039	AN8.406	rāgapeyyāla	AN8.117-626	
an8.407	A-viii	1039	AN8.407	rāgapeyyāla	AN8.117-626	
an8.408	A-viii	1039	AN8.408	rāgapeyyāla	AN8.117-626	
an8.409	A-viii	1039	AN8.409	rāgapeyyāla	AN8.117-626	
an8.410	A-viii	1039	AN8.410	rāgapeyyāla	AN8.117-626	
an8.411	A-viii	1039	AN8.411	rāgapeyyāla	AN8.117-626	
an8.412	A-viii	1039	AN8.412	rāgapeyyāla	AN8.117-626	
an8.413	A-viii	1039	AN8.413	rāgapeyyāla	AN8.117-626	
an8.414	A-viii	1039	AN8.414	rāgapeyyāla	AN8.117-626	
an8.415	A-viii	1039	AN8.415	rāgapeyyāla	AN8.117-626	
an8.416	A-viii	1039	AN8.416	rāgapeyyāla	AN8.117-626	
an8.417	A-viii	1039	AN8.417	rāgapeyyāla	AN8.117-626	
an8.418	A-viii	1039	AN8.418	rāgapeyyāla	AN8.117-626	
an8.419	A-viii	1039	AN8.419	rāgapeyyāla	AN8.117-626	
an8.420	A-viii	1039	AN8.420	rāgapeyyāla	AN8.117-626	
an8.421	A-viii	1039	AN8.421	rāgapeyyāla	AN8.117-626	
an8.422	A-viii	1039	AN8.422	rāgapeyyāla	AN8.117-626	
an8.423	A-viii	1039	AN8.423	rāgapeyyāla	AN8.117-626	
an8.424	A-viii	1039	AN8.424	rāgapeyyāla	AN8.117-626	
an8.425	A-viii	1039	AN8.425	rāgapeyyāla	AN8.117-626	
an8.426	A-viii	1039	AN8.426	rāgapeyyāla	AN8.117-626	
an8.427	A-viii	1039	AN8.427	rāgapeyyāla	AN8.117-626	
an8.428	A-viii	1039	AN8.428	rāgapeyyāla	AN8.117-626	
an8.429	A-viii	1039	AN8.429	rāgapeyyāla	AN8.117-626	
an8.430	A-viii	1039	AN8.430	rāgapeyyāla	AN8.117-626	
an8.431	A-viii	1039	AN8.431	rāgapeyyāla	AN8.117-626	
an8.432	A-viii	1039	AN8.432	rāgapeyyāla	AN8.117-626	
an8.433	A-viii	1039	AN8.433	rāgapeyyāla	AN8.117-626	
an8.434	A-viii	1039	AN8.434	rāgapeyyāla	AN8.117-626	
an8.435	A-viii	1039	AN8.435	rāgapeyyāla	AN8.117-626	
an8.436	A-viii	1039	AN8.436	rāgapeyyāla	AN8.117-626	
an8.437	A-viii	1039	AN8.437	rāgapeyyāla	AN8.117-626	
an8.438	A-viii	1039	AN8.438	rāgapeyyāla	AN8.117-626	
an8.439	A-viii	1039	AN8.439	rāgapeyyāla	AN8.117-626	
an8.440	A-viii	1039	AN8.440	rāgapeyyāla	AN8.117-626	
an8.441	A-viii	1039	AN8.441	rāgapeyyāla	AN8.117-626	
an8.442	A-viii	1039	AN8.442	rāgapeyyāla	AN8.117-626	
an8.443	A-viii	1039	AN8.443	rāgapeyyāla	AN8.117-626	
an8.444	A-viii	1039	AN8.444	rāgapeyyāla	AN8.117-626	
an8.445	A-viii	1039	AN8.445	rāgapeyyāla	AN8.117-626	
an8.446	A-viii	1039	AN8.446	rāgapeyyāla	AN8.117-626	
an8.447	A-viii	1039	AN8.447	rāgapeyyāla	AN8.117-626	
an8.448	A-viii	1039	AN8.448	rāgapeyyāla	AN8.117-626	
an8.449	A-viii	1039	AN8.449	rāgapeyyāla	AN8.117-626	
an8.450	A-viii	1039	AN8.450	rāgapeyyāla	AN8.117-626	
an8.451	A-viii	1039	AN8.451	rāgapeyyāla	AN8.117-626	
an8.452	A-viii	1039	AN8.452	rāgapeyyāla	AN8.117-626	
an8.453	A-viii	1039	AN8.453	rāgapeyyāla	AN8.117-626	
an8.454	A-viii	1039	AN8.454	rāgapeyyāla	AN8.117-626	
an8.455	A-viii	1039	AN8.455	rāgapeyyāla	AN8.117-626	
an8.456	A-viii	1039	AN8.456	rāgapeyyāla	AN8.117-626	
an8.457	A-viii	1039	AN8.457	rāgapeyyāla	AN8.117-626	
an8.458	A-viii	1039	AN8.458	rāgapeyyāla	AN8.117-626	
an8.459	A-viii	1039	AN8.459	rāgapeyyāla	AN8.117-626	
an8.460	A-viii	1039	AN8.460	rāgapeyyāla	AN8.117-626	
an8.461	A-viii	1039	AN8.461	rāgapeyyāla	AN8.117-626	
an8.462	A-viii	1039	AN8.462	rāgapeyyāla	AN8.117-626	
an8.463	A-viii	1039	AN8.463	rāgapeyyāla	AN8.117-626	
an8.464	A-viii	1039	AN8.464	rāgapeyyāla	AN8.117-626	
an8.465	A-viii	1039	AN8.465	rāgapeyyāla	AN8.117-626	
an8.466	A-viii	1039	AN8.466	rāgapeyyāla	AN8.117-626	
an8.467	A-viii	1039	AN8.467	rāgapeyyāla	AN8.117-626	
an8.468	A-viii	1039	AN8.468	rāgapeyyāla	AN8.117-626	
an8.469	A-viii	1039	AN8.469	rāgapeyyāla	AN8.117-626	
an8.470	A-viii	1039	AN8.470	rāgapeyyāla	AN8.117-626	
an8.471	A-viii	1039	AN8.471	rāgapeyyāla	AN8.117-626	
an8.472	A-viii	1039	AN8.472	rāgapeyyāla	AN8.117-626	
an8.473	A-viii	1039	AN8.473	rāgapeyyāla	AN8.117-626	
an8.474	A-viii	1039	AN8.474	rāgapeyyāla	AN8.117-626	
an8.475	A-viii	1039	AN8.475	rāgapeyyāla	AN8.117-626	
an8.476	A-viii	1039	AN8.476	rāgapeyyāla	AN8.117-626	
an8.477	A-viii	1039	AN8.477	rāgapeyyāla	AN8.117-626	
an8.478	A-viii	1039	AN8.478	rāgapeyyāla	AN8.117-626	
an8.479	A-viii	1039	AN8.479	rāgapeyyāla	AN8.117-626	
an8.480	A-viii	1039	AN8.480	rāgapeyyāla	AN8.117-626	
an8.481	A-viii	1039	AN8.481	rāgapeyyāla	AN8.117-626	
an8.482	A-viii	1039	AN8.482	rāgapeyyāla	AN8.117-626	
an8.483	A-viii	1039	AN8.483	rāgapeyyāla	AN8.117-626	
an8.484	A-viii	1039	AN8.484	rāgapeyyāla	AN8.117-626	
an8.485	A-viii	1039	AN8.485	rāgapeyyāla	AN8.117-626	
an8.486	A-viii	1039	AN8.486	rāgapeyyāla	AN8.117-626	
an8.487	A-viii	1039	AN8.487	rāgapeyyāla	AN8.117-626	
an8.488	A-viii	1039	AN8.488	rāgapeyyāla	AN8.117-626	
an8.489	A-viii	1039	AN8.489	rāgapeyyāla	AN8.117-626	
an8.490	A-viii	1039	AN8.490	rāgapeyyāla	AN8.117-626	
an8.491	A-viii	1039	AN8.491	rāgapeyyāla	AN8.117-626	
an8.492	A-viii	1039	AN8.492	rāgapeyyāla	AN8.117-626	
an8.493	A-viii	1039	AN8.493	rāgapeyyāla	AN8.117-626	
an8.494	A-viii	1039	AN8.494	rāgapeyyāla	AN8.117-626	
an8.495	A-viii	1039	AN8.495	rāgapeyyāla	AN8.117-626	
an8.496	A-viii	1039	AN8.496	rāgapeyyāla	AN8.117-626	
an8.497	A-viii	1039	AN8.497	rāgapeyyāla	AN8.117-626	
an8.498	A-viii	1039	AN8.498	rāgapeyyāla	AN8.117-626	
an8.499	A-viii	1039	AN8.499	rāgapeyyāla	AN8.117-626	
an8.500	A-viii	1039	AN8.500	rāgapeyyāla	AN8.117-626	
an8.501	A-viii	1039	AN8.501	rāgapeyyāla	AN8.117-626	
an8.502	A-viii	1039	AN8.502	rāgapeyyāla	AN8.117-626	
an8.503	A-viii	1039	AN8.503	rāgapeyyāla	AN8.117-626	
an8.504	A-viii	1039	AN8.504	rāgapeyyāla	AN8.117-626	
an8.505	A-viii	1039	AN8.505	rāgapeyyāla	AN8.117-626	
an8.506	A-viii	1039	AN8.506	rāgapeyyāla	AN8.117-626	
an8.507	A-viii	1039	AN8.507	rāgapeyyāla	AN8.117-626	
an8.508	A-viii	1039	AN8.508	rāgapeyyāla	AN8.117-626	
an8.509	A-viii	1039	AN8.509	rāgapeyyāla	AN8.117-626	
an8.510	A-viii	1039	AN8.510	rāgapeyyāla	AN8.117-626	
an8.511	A-viii	1039	AN8.511	rāgapeyyāla	AN8.117-626	
an8.512	A-viii	1039	AN8.512	rāgapeyyāla	AN8.117-626	
an8.513	A-viii	1039	AN8.513	rāgapeyyāla	AN8.117-626	
an8.514	A-viii	1039	AN8.514	rāgapeyyāla	AN8.117-626	
an8.515	A-viii	1039	AN8.515	rāgapeyyāla	AN8.117-626	
an8.516	A-viii	1039	AN8.516	rāgapeyyāla	AN8.117-626	
an8.517	A-viii	1039	AN8.517	rāgapeyyāla	AN8.117-626	
an8.518	A-viii	1039	AN8.518	rāgapeyyāla	AN8.117-626	
an8.519	A-viii	1039	AN8.519	rāgapeyyāla	AN8.117-626	
an8.520	A-viii	1039	AN8.520	rāgapeyyāla	AN8.117-626	
an8.521	A-viii	1039	AN8.521	rāgapeyyāla	AN8.117-626	
an8.522	A-viii	1039	AN8.522	rāgapeyyāla	AN8.117-626	
an8.523	A-viii	1039	AN8.523	rāgapeyyāla	AN8.117-626	
an8.524	A-viii	1039	AN8.524	rāgapeyyāla	AN8.117-626	
an8.525	A-viii	1039	AN8.525	rāgapeyyāla	AN8.117-626	
an8.526	A-viii	1039	AN8.526	rāgapeyyāla	AN8.117-626	
an8.527	A-viii	1039	AN8.527	rāgapeyyāla	AN8.117-626	
an8.528	A-viii	1039	AN8.528	rāgapeyyāla	AN8.117-626	
an8.529	A-viii	1039	AN8.529	rāgapeyyāla	AN8.117-626	
an8.530	A-viii	1039	AN8.530	rāgapeyyāla	AN8.117-626	
an8.531	A-viii	1039	AN8.531	rāgapeyyāla	AN8.117-626	
an8.532	A-viii	1039	AN8.532	rāgapeyyāla	AN8.117-626	
an8.533	A-viii	1039	AN8.533	rāgapeyyāla	AN8.117-626	
an8.534	A-viii	1039	AN8.534	rāgapeyyāla	AN8.117-626	
an8.535	A-viii	1039	AN8.535	rāgapeyyāla	AN8.117-626	
an8.536	A-viii	1039	AN8.536	rāgapeyyāla	AN8.117-626	
an8.537	A-viii	1039	AN8.537	rāgapeyyāla	AN8.117-626	
an8.538	A-viii	1039	AN8.538	rāgapeyyāla	AN8.117-626	
an8.539	A-viii	1039	AN8.539	rāgapeyyāla	AN8.117-626	
an8.540	A-viii	1039	AN8.540	rāgapeyyāla	AN8.117-626	
an8.541	A-viii	1039	AN8.541	rāgapeyyāla	AN8.117-626	
an8.542	A-viii	1039	AN8.542	rāgapeyyāla	AN8.117-626	
an8.543	A-viii	1039	AN8.543	rāgapeyyāla	AN8.117-626	
an8.544	A-viii	1039	AN8.544	rāgapeyyāla	AN8.117-626	
an8.545	A-viii	1039	AN8.545	rāgapeyyāla	AN8.117-626	
an8.546	A-viii	1039	AN8.546	rāgapeyyāla	AN8.117-626	
an8.547	A-viii	1039	AN8.547	rāgapeyyāla	AN8.117-626	
an8.548	A-viii	1039	AN8.548	rāgapeyyāla	AN8.117-626	
an8.549	A-viii	1039	AN8.549	rāgapeyyāla	AN8.117-626	
an8.550	A-viii	1039	AN8.550	rāgapeyyāla	AN8.117-626	
an8.551	A-viii	1039	AN8.551	rāgapeyyāla	AN8.117-626	
an8.552	A-viii	1039	AN8.552	rāgapeyyāla	AN8.117-626	
an8.553	A-viii	1039	AN8.553	rāgapeyyāla	AN8.117-626	
an8.554	A-viii	1039	AN8.554	rāgapeyyāla	AN8.117-626	
an8.555	A-viii	1039	AN8.555	rāgapeyyāla	AN8.117-626	
an8.556	A-viii	1039	AN8.556	rāgapeyyāla	AN8.117-626	
an8.557	A-viii	1039	AN8.557	rāgapeyyāla	AN8.117-626	
an8.558	A-viii	1039	AN8.558	rāgapeyyāla	AN8.117-626	
an8.559	A-viii	1039	AN8.559	rāgapeyyāla	AN8.117-626	
an8.560	A-viii	1039	AN8.560	rāgapeyyāla	AN8.117-626	
an8.561	A-viii	1039	AN8.561	rāgapeyyāla	AN8.117-626	
an8.562	A-viii	1039	AN8.562	rāgapeyyāla	AN8.117-626	
an8.563	A-viii	1039	AN8.563	rāgapeyyāla	AN8.117-626	
an8.564	A-viii	1039	AN8.564	rāgapeyyāla	AN8.117-626	
an8.565	A-viii	1039	AN8.565	rāgapeyyāla	AN8.117-626	
an8.566	A-viii	1039	AN8.566	rāgapeyyāla	AN8.117-626	
an8.567	A-viii	1039	AN8.567	rāgapeyyāla	AN8.117-626	
an8.568	A-viii	1039	AN8.568	rāgapeyyāla	AN8.117-626	
an8.569	A-viii	1039	AN8.569	rāgapeyyāla	AN8.117-626	
an8.570	A-viii	1039	AN8.570	rāgapeyyāla	AN8.117-626	
an8.571	A-viii	1039	AN8.571	rāgapeyyāla	AN8.117-626	
an8.572	A-viii	1039	AN8.572	rāgapeyyāla	AN8.117-626	
an8.573	A-viii	1039	AN8.573	rāgapeyyāla	AN8.117-626	
an8.574	A-viii	1039	AN8.574	rāgapeyyāla	AN8.117-626	
an8.575	A-viii	1039	AN8.575	rāgapeyyāla	AN8.117-626	
an8.576	A-viii	1039	AN8.576	rāgapeyyāla	AN8.117-626	
an8.577	A-viii	1039	AN8.577	rāgapeyyāla	AN8.117-626	
an8.578	A-viii	1039	AN8.578	rāgapeyyāla	AN8.117-626	
an8.579	A-viii	1039	AN8.579	rāgapeyyāla	AN8.117-626	
an8.580	A-viii	1039	AN8.580	rāgapeyyāla	AN8.117-626	
an8.581	A-viii	1039	AN8.581	rāgapeyyāla	AN8.117-626	
an8.582	A-viii	1039	AN8.582	rāgapeyyāla	AN8.117-626	
an8.583	A-viii	1039	AN8.583	rāgapeyyāla	AN8.117-626	
an8.584	A-viii	1039	AN8.584	rāgapeyyāla	AN8.117-626	
an8.585	A-viii	1039	AN8.585	rāgapeyyāla	AN8.117-626	
an8.586	A-viii	1039	AN8.586	rāgapeyyāla	AN8.117-626	
an8.587	A-viii	1039	AN8.587	rāgapeyyāla	AN8.117-626	
an8.588	A-viii	1039	AN8.588	rāgapeyyāla	AN8.117-626	
an8.589	A-viii	1039	AN8.589	rāgapeyyāla	AN8.117-626	
an8.590	A-viii	1039	AN8.590	rāgapeyyāla	AN8.117-626	
an8.591	A-viii	1039	AN8.591	rāgapeyyāla	AN8.117-626	
an8.592	A-viii	1039	AN8.592	rāgapeyyāla	AN8.117-626	
an8.593	A-viii	1039	AN8.593	rāgapeyyāla	AN8.117-626	
an8.594	A-viii	1039	AN8.594	rāgapeyyāla	AN8.117-626	
an8.595	A-viii	1039	AN8.595	rāgapeyyāla	AN8.117-626	
an8.596	A-viii	1039	AN8.596	rāgapeyyāla	AN8.117-626	
an8.597	A-viii	1039	AN8.597	rāgapeyyāla	AN8.117-626	
an8.598	A-viii	1039	AN8.598	rāgapeyyāla	AN8.117-626	
an8.599	A-viii	1039	AN8.599	rāgapeyyāla	AN8.117-626	
an8.600	A-viii	1039	AN8.600	rāgapeyyāla	AN8.117-626	
an8.601	A-viii	1039	AN8.601	rāgapeyyāla	AN8.117-626	
an8.602	A-viii	1039	AN8.602	rāgapeyyāla	AN8.117-626	
an8.603	A-viii	1039	AN8.603	rāgapeyyāla	AN8.117-626	
an8.604	A-viii	1039	AN8.604	rāgapeyyāla	AN8.117-626	
an8.605	A-viii	1039	AN8.605	rāgapeyyāla	AN8.117-626	
an8.606	A-viii	1039	AN8.606	rāgapeyyāla	AN8.117-626	
an8.607	A-viii	1039	AN8.607	rāgapeyyāla	AN8.117-626	
an8.608	A-viii	1039	AN8.608	rāgapeyyāla	AN8.117-626	
an8.609	A-viii	1039	AN8.609	rāgapeyyāla	AN8.117-626	
an8.610	A-viii	1039	AN8.610	rāgapeyyāla	AN8.117-626	
an8.611	A-viii	1039	AN8.611	rāgapeyyāla	AN8.117-626	
an8.612	A-viii	1039	AN8.612	rāgapeyyāla	AN8.117-626	
an8.613	A-viii	1039	AN8.613	rāgapeyyāla	AN8.117-626	
an8.614	A-viii	1039	AN8.614	rāgapeyyāla	AN8.117-626	
an8.615	A-viii	1039	AN8.615	rāgapeyyāla	AN8.117-626	
an8.616	A-viii	1039	AN8.616	rāgapeyyāla	AN8.117-626	
an8.617	A-viii	1039	AN8.617	rāgapeyyāla	AN8.117-626	
an8.618	A-viii	1039	AN8.618	rāgapeyyāla	AN8.117-626	
an8.619	A-viii	1039	AN8.619	rāgapeyyāla	AN8.117-626	
an8.620	A-viii	1039	AN8.620	rāgapeyyāla	AN8.117-626	
an8.621	A-viii	1039	AN8.621	rāgapeyyāla	AN8.117-626	
an8.622	A-viii	1039	AN8.622	rāgapeyyāla	AN8.117-626	
an8.623	A-viii	1039	AN8.623	rāgapeyyāla	AN8.117-626	
an8.624	A-viii	1039	AN8.624	rāgapeyyāla	AN8.117-626	
an8.625	A-viii	1039	AN8.625	rāgapeyyāla	AN8.117-626	
an8.626	A-viii	1039	AN8.626	rāgapeyyāla	AN8.117-626	
an9	A-ix	3	AN9	navakanipātapāḷi		
an9.1	A-ix	3	AN9.1	sambodhisutta		
an9.1-10	A-ix	3	AN9.1-10	sambodhivagga		
an9.2	A-ix	21	AN9.2	nissayasutta		
an9.3	A-ix	24	AN9.3	meghiyasutta		
an9.4	A-ix	43	AN9.4	nandakasutta		
an9.5	A-ix	57	AN9.5	balasutta		
an9.6	A-ix	63	AN9.6	sevanāsutta		
an9.7	A-ix	75	AN9.7	sutavāsutta		
an9.8	A-ix	79	AN9.8	sajjhasutta		
an9.9	A-ix	83	AN9.9	puggalasutta		
an9.10	A-ix	85	AN9.10	āhuneyyasutta		
an9.11	A-ix	91	AN9.11	sīhanādasutta		
an9.11-20	A-ix	91	AN9.11-20	sīhanādavagga		
an9.12	A-ix	107	AN9.12	saupādisesasutta		
an9.13	A-ix	119	AN9.13	koṭṭhikasutta		
an9.14	A-ix	141	AN9.14	samiddhisutta		
an9.15	A-ix	144	AN9.15	gaṇḍasutta		
an9.16	A-ix	147	AN9.16	saññāsutta		
an9.17	A-ix	149	AN9.17	kulasutta		
an9.18	A-ix	152	AN9.18	navaṅguposathasutta		
an9.19	A-ix	156	AN9.19	devatāsutta		
an9.20	A-ix	161	AN9.20	velāmasutta		
an9.21	A-ix	175	AN9.21	tiṭhānasutta		
an9.21-31	A-ix	175	AN9.21-31	sattāvāsavagga		
an9.22	A-ix	180	AN9.22	assakhaḷuṅkasutta		
an9.23	A-ix	193	AN9.23	taṇhāmūlakasutta		
an9.24	A-ix	195	AN9.24	sattāvāsasutta		
an9.25	A-ix	205	AN9.25	paññāsutta		
an9.26	A-ix	208	AN9.26	silāyūpasutta		
an9.27	A-ix	216	AN9.27	paṭhamaverasutta		
an9.28	A-ix	226	AN9.28	dutiyaverasutta		
an9.29	A-ix	232	AN9.29	āghātavatthusutta		
an9.30	A-ix	234	AN9.30	āghātapaṭivinayasutta		
an9.31	A-ix	236	AN9.31	anupubbanirodhasutta		
an9.32	A-ix	242	AN9.32	anupubbavihārasutta		
an9.32-41	A-ix	242	AN9.32-41	mahāvagga		
an9.33	A-ix	245	AN9.33	anupubbavihārasamāpattisutta		
an9.34	A-ix	255	AN9.34	nibbānasukhasutta		
an9.35	A-ix	266	AN9.35	gāvīupamāsutta		
an9.36	A-ix	285	AN9.36	jhānasutta		
an9.37	A-ix	296	AN9.37	ānandasutta		
an9.38	A-ix	305	AN9.38	lokāyatikasutta		
an9.39	A-ix	316	AN9.39	devāsurasaṅgāmasutta		
an9.40	A-ix	325	AN9.40	nāgasutta		
an9.41	A-ix	332	AN9.41	tapussasutta		
an9.42	A-ix	353	AN9.42	sambādhasutta		
an9.42-51	A-ix	353	AN9.42-51	sāmaññavagga		
an9.43	A-ix	368	AN9.43	kāyasakkhīsutta		
an9.44	A-ix	373	AN9.44	paññāvimuttasutta		
an9.45	A-ix	377	AN9.45	ubhatobhāgavimuttasutta		
an9.46	A-ix	381	AN9.46	sandiṭṭhikadhammasutta		
an9.47	A-ix	385	AN9.47	sandiṭṭhikanibbānasutta		
an9.48	A-ix	389	AN9.48	nibbānasutta		
an9.49	A-ix	391	AN9.49	parinibbānasutta		
an9.50	A-ix	393	AN9.50	tadaṅganibbānasutta		
an9.51	A-ix	395	AN9.51	diṭṭhadhammanibbānasutta		
an9.52	A-ix	406	AN9.52	khemasutta		
an9.52-62	A-ix	406	AN9.52-62	khemavagga		
an9.53	A-ix	412	AN9.53	khemappattasutta		
an9.54	A-ix	414	AN9.54	amatasutta		
an9.55	A-ix	416	AN9.55	amatappattasutta		
an9.56	A-ix	418	AN9.56	abhayasutta		
an9.57	A-ix	420	AN9.57	abhayappattasutta		
an9.58	A-ix	422	AN9.58	passaddhisutta		
an9.59	A-ix	424	AN9.59	anupubbapassaddhisutta		
an9.60	A-ix	426	AN9.60	nirodhasutta		
an9.61	A-ix	428	AN9.61	anupubbanirodhasutta		
an9.62	A-ix	432	AN9.62	abhabbasutta		
an9.63	A-ix	439	AN9.63	sikkhādubbalyasutta		
an9.63-72	A-ix	439	AN9.63-72	satipaṭṭhānavagga		
an9.64	A-ix	443	AN9.64	nīvaraṇasutta		
an9.65	A-ix	446	AN9.65	kāmaguṇasutta		
an9.66	A-ix	449	AN9.66	upādānakkhandhasutta		
an9.67	A-ix	452	AN9.67	orambhāgiyasutta		
an9.68	A-ix	455	AN9.68	gatisutta		
an9.69	A-ix	458	AN9.69	macchariyasutta		
an9.70	A-ix	461	AN9.70	uddhambhāgiyasutta		
an9.71	A-ix	464	AN9.71	cetokhilasutta		
an9.72	A-ix	468	AN9.72	cetasovinibandhasutta		
an9.73	A-ix	476	AN9.73	sikkhasutta		
an9.73-82	A-ix	476	AN9.73-82	sammappadhānavagga		
an9.74	A-ix	480	AN9.74	sammappadhānavagga	AN9.73-82	
an9.75	A-ix	480	AN9.75	sammappadhānavagga	AN9.73-82	
an9.76	A-ix	480	AN9.76	sammappadhānavagga	AN9.73-82	
an9.77	A-ix	480	AN9.77	sammappadhānavagga	AN9.73-82	
an9.78	A-ix	480	AN9.78	sammappadhānavagga	AN9.73-82	
an9.79	A-ix	480	AN9.79	sammappadhānavagga	AN9.73-82	
an9.80	A-ix	480	AN9.80	sammappadhānavagga	AN9.73-82	
an9.81	A-ix	480	AN9.81	sammappadhānavagga	AN9.73-82	
an9.82	A-ix	481	AN9.82	cetasovinibandhasutta		
an9.83	A-ix	485	AN9.83	iddhipādavagga	AN9.83-92	
an9.83-91	A-ix	485	AN9.83-91	sikkhasutta		
an9.83-92	A-ix	485	AN9.83-92	iddhipādavagga		AN9.83
an9.84	A-ix	489	AN9.84	iddhipādavagga	AN9.83-92	
an9.85	A-ix	489	AN9.85	iddhipādavagga	AN9.83-92	
an9.86	A-ix	489	AN9.86	iddhipādavagga	AN9.83-92	
an9.87	A-ix	489	AN9.87	iddhipādavagga	AN9.83-92	
an9.88	A-ix	489	AN9.88	iddhipādavagga	AN9.83-92	
an9.89	A-ix	489	AN9.89	iddhipādavagga	AN9.83-92	
an9.90	A-ix	489	AN9.90	iddhipādavagga	AN9.83-92	
an9.91	A-ix	489	AN9.91	iddhipādavagga	AN9.83-92	
an9.92	A-ix	490	AN9.92	iddhipādavagga	AN9.83-92	
an9.93	A-ix	496	AN9.93	rāgapeyyāla	AN9.93-432	
an9.93-432	A-ix	496	AN9.93-432	rāgapeyyāla		
an9.94	A-ix	498	AN9.94	rāgapeyyāla	AN9.93-432	
an9.95	A-ix	499	AN9.95	rāgapeyyāla	AN9.93-432	
an9.96	A-ix	499	AN9.96	rāgapeyyāla	AN9.93-432	
an9.97	A-ix	499	AN9.97	rāgapeyyāla	AN9.93-432	
an9.98	A-ix	499	AN9.98	rāgapeyyāla	AN9.93-432	
an9.99	A-ix	499	AN9.99	rāgapeyyāla	AN9.93-432	
an9.100	A-ix	499	AN9.100	rāgapeyyāla	AN9.93-432	
an9.101	A-ix	499	AN9.101	rāgapeyyāla	AN9.93-432	
an9.102	A-ix	499	AN9.102	rāgapeyyāla	AN9.93-432	
an9.103	A-ix	499	AN9.103	rāgapeyyāla	AN9.93-432	
an9.104	A-ix	499	AN9.104	rāgapeyyāla	AN9.93-432	
an9.105	A-ix	499	AN9.105	rāgapeyyāla	AN9.93-432	
an9.106	A-ix	499	AN9.106	rāgapeyyāla	AN9.93-432	
an9.107	A-ix	499	AN9.107	rāgapeyyāla	AN9.93-432	
an9.108	A-ix	499	AN9.108	rāgapeyyāla	AN9.93-432	
an9.109	A-ix	499	AN9.109	rāgapeyyāla	AN9.93-432	
an9.110	A-ix	499	AN9.110	rāgapeyyāla	AN9.93-432	
an9.111	A-ix	499	AN9.111	rāgapeyyāla	AN9.93-432	
an9.112	A-ix	499	AN9.112	rāgapeyyāla	AN9.93-432	
an9.113	A-ix	500	AN9.113	rāgapeyyāla	AN9.93-432	
an9.114	A-ix	500	AN9.114	rāgapeyyāla	AN9.93-432	
an9.115	A-ix	500	AN9.115	rāgapeyyāla	AN9.93-432	
an9.116	A-ix	500	AN9.116	rāgapeyyāla	AN9.93-432	
an9.117	A-ix	500	AN9.117	rāgapeyyāla	AN9.93-432	
an9.118	A-ix	500	AN9.118	rāgapeyyāla	AN9.93-432	
an9.119	A-ix	500	AN9.119	rāgapeyyāla	AN9.93-432	
an9.120	A-ix	500	AN9.120	rāgapeyyāla	AN9.93-432	
an9.121	A-ix	500	AN9.121	rāgapeyyāla	AN9.93-432	
an9.122	A-ix	500	AN9.122	rāgapeyyāla	AN9.93-432	
an9.123	A-ix	500	AN9.123	rāgapeyyāla	AN9.93-432	
an9.124	A-ix	500	AN9.124	rāgapeyyāla	AN9.93-432	
an9.125	A-ix	500	AN9.125	rāgapeyyāla	AN9.93-432	
an9.126	A-ix	500	AN9.126	rāgapeyyāla	AN9.93-432	
an9.127	A-ix	500	AN9.127	rāgapeyyāla	AN9.93-432	
an9.128	A-ix	500	AN9.128	rāgapeyyāla	AN9.93-432	
an9.129	A-ix	500	AN9.129	rāgapeyyāla	AN9.93-432	
an9.130	A-ix	500	AN9.130	rāgapeyyāla	AN9.93-432	
an9.131	A-ix	500	AN9.131	rāgapeyyāla	AN9.93-432	
an9.132	A-ix	500	AN9.132	rāgapeyyāla	AN9.93-432	
an9.133	A-ix	500	AN9.133	rāgapeyyāla	AN9.93-432	
an9.134	A-ix	500	AN9.134	rāgapeyyāla	AN9.93-432	
an9.135	A-ix	500	AN9.135	rāgapeyyāla	AN9.93-432	
an9.136	A-ix	500	AN9.136	rāgapeyyāla	AN9.93-432	
an9.137	A-ix	500	AN9.137	rāgapeyyāla	AN9.93-432	
an9.138	A-ix	500	AN9.138	rāgapeyyāla	AN9.93-432	
an9.139	A-ix	500	AN9.139	rāgapeyyāla	AN9.93-432	
an9.140	A-ix	500	AN9.140	rāgapeyyāla	AN9.93-432	
an9.141	A-ix	500	AN9.141	rāgapeyyāla	AN9.93-432	
an9.142	A-ix	500	AN9.142	rāgapeyyāla	AN9.93-432	
an9.143	A-ix	500	AN9.143	rāgapeyyāla	AN9.93-432	
an9.144	A-ix	500	AN9.144	rāgapeyyāla	AN9.93-432	
an9.145	A-ix	500	AN9.145	rāgapeyyāla	AN9.93-432	
an9.146	A-ix	500	AN9.146	rāgapeyyāla	AN9.93-432	
an9.147	A-ix	500	AN9.147	rāgapeyyāla	AN9.93-432	
an9.148	A-ix	500	AN9.148	rāgapeyyāla	AN9.93-432	
an9.149	A-ix	500	AN9.149	rāgapeyyāla	AN9.93-432	
an9.150	A-ix	500	AN9.150	rāgapeyyāla	AN9.93-432	
an9.151	A-ix	500	AN9.151	rāgapeyyāla	AN9.93-432	
an9.152	A-ix	500	AN9.152	rāgapeyyāla	AN9.93-432	
an9.153	A-ix	500	AN9.153	rāgapeyyāla	AN9.93-432	
an9.154	A-ix	500	AN9.154	rāgapeyyāla	AN9.93-432	
an9.155	A-ix	500	AN9.155	rāgapeyyāla	AN9.93-432	
an9.156	A-ix	500	AN9.156	rāgapeyyāla	AN9.93-432	
an9.157	A-ix	500	AN9.157	rāgapeyyāla	AN9.93-432	
an9.158	A-ix	500	AN9.158	rāgapeyyāla	AN9.93-432	
an9.159	A-ix	500	AN9.159	rāgapeyyāla	AN9.93-432	
an9.160	A-ix	500	AN9.160	rāgapeyyāla	AN9.93-432	
an9.161	A-ix	500	AN9.161	rāgapeyyāla	AN9.93-432	
an9.162	A-ix	500	AN9.162	rāgapeyyāla	AN9.93-432	
an9.163	A-ix	500	AN9.163	rāgapeyyāla	AN9.93-432	
an9.164	A-ix	500	AN9.164	rāgapeyyāla	AN9.93-432	
an9.165	A-ix	500	AN9.165	rāgapeyyāla	AN9.93-432	
an9.166	A-ix	500	AN9.166	rāgapeyyāla	AN9.93-432	
an9.167	A-ix	500	AN9.167	rāgapeyyāla	AN9.93-432	
an9.168	A-ix	500	AN9.168	rāgapeyyāla	AN9.93-432	
an9.169	A-ix	500	AN9.169	rāgapeyyāla	AN9.93-432	
an9.170	A-ix	500	AN9.170	rāgapeyyāla	AN9.93-432	
an9.171	A-ix	500	AN9.171	rāgapeyyāla	AN9.93-432	
an9.172	A-ix	500	AN9.172	rāgapeyyāla	AN9.93-432	
an9.173	A-ix	500	AN9.173	rāgapeyyāla	AN9.93-432	
an9.174	A-ix	500	AN9.174	rāgapeyyāla	AN9.93-432	
an9.175	A-ix	500	AN9.175	rāgapeyyāla	AN9.93-432	
an9.176	A-ix	500	AN9.176	rāgapeyyāla	AN9.93-432	
an9.177	A-ix	500	AN9.177	rāgapeyyāla	AN9.93-432	
an9.178	A-ix	500	AN9.178	rāgapeyyāla	AN9.93-432	
an9.179	A-ix	500	AN9.179	rāgapeyyāla	AN9.93-432	
an9.180	A-ix	500	AN9.180	rāgapeyyāla	AN9.93-432	
an9.181	A-ix	500	AN9.181	rāgapeyyāla	AN9.93-432	
an9.182	A-ix	500	AN9.182	rāgapeyyāla	AN9.93-432	
an9.183	A-ix	500	AN9.183	rāgapeyyāla	AN9.93-432	
an9.184	A-ix	500	AN9.184	rāgapeyyāla	AN9.93-432	
an9.185	A-ix	500	AN9.185	rāgapeyyāla	AN9.93-432	
an9.186	A-ix	500	AN9.186	rāgapeyyāla	AN9.93-432	
an9.187	A-ix	500	AN9.187	rāgapeyyāla	AN9.93-432	
an9.188	A-ix	500	AN9.188	rāgapeyyāla	AN9.93-432	
an9.189	A-ix	500	AN9.189	rāgapeyyāla	AN9.93-432	
an9.190	A-ix	500	AN9.190	rāgapeyyāla	AN9.93-432	
an9.191	A-ix	500	AN9.191	rāgapeyyāla	AN9.93-432	
an9.192	A-ix	500	AN9.192	rāgapeyyāla	AN9.93-432	
an9.193	A-ix	500	AN9.193	rāgapeyyāla	AN9.93-432	
an9.194	A-ix	500	AN9.194	rāgapeyyāla	AN9.93-432	
an9.195	A-ix	500	AN9.195	rāgapeyyāla	AN9.93-432	
an9.196	A-ix	500	AN9.196	rāgapeyyāla	AN9.93-432	
an9.197	A-ix	500	AN9.197	rāgapeyyāla	AN9.93-432	
an9.198	A-ix	500	AN9.198	rāgapeyyāla	AN9.93-432	
an9.199	A-ix	500	AN9.199	rāgapeyyāla	AN9.93-432	
an9.200	A-ix	500	AN9.200	rāgapeyyāla	AN9.93-432	
an9.201	A-ix	500	AN9.201	rāgapeyyāla	AN9.93-432	
an9.202	A-ix	500	AN9.202	rāgapeyyāla	AN9.93-432	
an9.203	A-ix	500	AN9.203	rāgapeyyāla	AN9.93-432	
an9.204	A-ix	500	AN9.204	rāgapeyyāla	AN9.93-432	
an9.205	A-ix	500	AN9.205	rāgapeyyāla	AN9.93-432	
an9.206	A-ix	500	AN9.206	rāgapeyyāla	AN9.93-432	
an9.207	A-ix	500	AN9.207	rāgapeyyāla	AN9.93-432	
an9.208	A-ix	500	AN9.208	rāgapeyyāla	AN9.93-432	
an9.209	A-ix	500	AN9.209	rāgapeyyāla	AN9.93-432	
an9.210	A-ix	500	AN9.210	rāgapeyyāla	AN9.93-432	
an9.211	A-ix	500	AN9.211	rāgapeyyāla	AN9.93-432	
an9.212	A-ix	500	AN9.212	rāgapeyyāla	AN9.93-432	
an9.213	A-ix	500	AN9.213	rāgapeyyāla	AN9.93-432	
an9.214	A-ix	500	AN9.214	rāgapeyyāla	AN9.93-432	
an9.215	A-ix	500	AN9.215	rāgapeyyāla	AN9.93-432	
an9.216	A-ix	500	AN9.216	rāgapeyyāla	AN9.93-432	
an9.217	A-ix	500	AN9.217	rāgapeyyāla	AN9.93-432	
an9.218	A-ix	500	AN9.218	rāgapeyyāla	AN9.93-432	
an9.219	A-ix	500	AN9.219	rāgapeyyāla	AN9.93-432	
an9.220	A-ix	500	AN9.220	rāgapeyyāla	AN9.93-432	
an9.221	A-ix	500	AN9.221	rāgapeyyāla	AN9.93-432	
an9.222	A-ix	500	AN9.222	rāgapeyyāla	AN9.93-432	
an9.223	A-ix	500	AN9.223	rāgapeyyāla	AN9.93-432	
an9.224	A-ix	500	AN9.224	rāgapeyyāla	AN9.93-432	
an9.225	A-ix	500	AN9.225	rāgapeyyāla	AN9.93-432	
an9.226	A-ix	500	AN9.226	rāgapeyyāla	AN9.93-432	
an9.227	A-ix	500	AN9.227	rāgapeyyāla	AN9.93-432	
an9.228	A-ix	500	AN9.228	rāgapeyyāla	AN9.93-432	
an9.229	A-ix	500	AN9.229	rāgapeyyāla	AN9.93-432	
an9.230	A-ix	500	AN9.230	rāgapeyyāla	AN9.93-432	
an9.231	A-ix	500	AN9.231	rāgapeyyāla	AN9.93-432	
an9.232	A-ix	500	AN9.232	rāgapeyyāla	AN9.93-432	
an9.233	A-ix	500	AN9.233	rāgapeyyāla	AN9.93-432	
an9.234	A-ix	500	AN9.234	rāgapeyyāla	AN9.93-432	
an9.235	A-ix	500	AN9.235	rāgapeyyāla	AN9.93-432	
an9.236	A-ix	500	AN9.236	rāgapeyyāla	AN9.93-432	
an9.237	A-ix	500	AN9.237	rāgapeyyāla	AN9.93-432	
an9.238	A-ix	500	AN9.238	rāgapeyyāla	AN9.93-432	
an9.239	A-ix	500	AN9.239	rāgapeyyāla	AN9.93-432	
an9.240	A-ix	500	AN9.240	rāgapeyyāla	AN9.93-432	
an9.241	A-ix	500	AN9.241	rāgapeyyāla	AN9.93-432	
an9.242	A-ix	500	AN9.242	rāgapeyyāla	AN9.93-432	
an9.243	A-ix	500	AN9.243	rāgapeyyāla	AN9.93-432	
an9.244	A-ix	500	AN9.244	rāgapeyyāla	AN9.93-432	
an9.245	A-ix	500	AN9.245	rāgapeyyāla	AN9.93-432	
an9.246	A-ix	500	AN9.246	rāgapeyyāla	AN9.93-432	
an9.247	A-ix	500	AN9.247	rāgapeyyāla	AN9.93-432	
an9.248	A-ix	500	AN9.248	rāgapeyyāla	AN9.93-432	
an9.249	A-ix	500	AN9.249	rāgapeyyāla	AN9.93-432	
an9.250	A-ix	500	AN9.250	rāgapeyyāla	AN9.93-432	
an9.251	A-ix	500	AN9.251	rāgapeyyāla	AN9.93-432	
an9.252	A-ix	500	AN9.252	rāgapeyyāla	AN9.93-432	
an9.253	A-ix	500	AN9.253	rāgapeyyāla	AN9.93-432	
an9.254	A-ix	500	AN9.254	rāgapeyyāla	AN9.93-432	
an9.255	A-ix	500	AN9.255	rāgapeyyāla	AN9.93-432	
an9.256	A-ix	500	AN9.256	rāgapeyyāla	AN9.93-432	
an9.257	A-ix	500	AN9.257	rāgapeyyāla	AN9.93-432	
an9.258	A-ix	500	AN9.258	rāgapeyyāla	AN9.93-432	
an9.259	A-ix	500	AN9.259	rāgapeyyāla	AN9.93-432	
an9.260	A-ix	500	AN9.260	rāgapeyyāla	AN9.93-432	
an9.261	A-ix	500	AN9.261	rāgapeyyāla	AN9.93-432	
an9.262	A-ix	500	AN9.262	rāgapeyyāla	AN9.93-432	
an9.263	A-ix	500	AN9.263	rāgapeyyāla	AN9.93-432	
an9.264	A-ix	500	AN9.264	rāgapeyyāla	AN9.93-432	
an9.265	A-ix	500	AN9.265	rāgapeyyāla	AN9.93-432	
an9.266	A-ix	500	AN9.266	rāgapeyyāla	AN9.93-432	
an9.267	A-ix	500	AN9.267	rāgapeyyāla	AN9.93-432	
an9.268	A-ix	500	AN9.268	rāgapeyyāla	AN9.93-432	
an9.269	A-ix	500	AN9.269	rāgapeyyāla	AN9.93-432	
an9.270	A-ix	500	AN9.270	rāgapeyyāla	AN9.93-432	
an9.271	A-ix	500	AN9.271	rāgapeyyāla	AN9.93-432	
an9.272	A-ix	500	AN9.272	rāgapeyyāla	AN9.93-432	
an9.273	A-ix	500	AN9.273	rāgapeyyāla	AN9.93-432	
an9.274	A-ix	500	AN9.274	rāgapeyyāla	AN9.93-432	
an9.275	A-ix	500	AN9.275	rāgapeyyāla	AN9.93-432	
an9.276	A-ix	500	AN9.276	rāgapeyyāla	AN9.93-432	
an9.277	A-ix	500	AN9.277	rāgapeyyāla	AN9.93-432	
an9.278	A-ix	500	AN9.278	rāgapeyyāla	AN9.93-432	
an9.279	A-ix	500	AN9.279	rāgapeyyāla	AN9.93-432	
an9.280	A-ix	500	AN9.280	rāgapeyyāla	AN9.93-432	
an9.281	A-ix	500	AN9.281	rāgapeyyāla	AN9.93-432	
an9.282	A-ix	500	AN9.282	rāgapeyyāla	AN9.93-432	
an9.283	A-ix	500	AN9.283	rāgapeyyāla	AN9.93-432	
an9.284	A-ix	500	AN9.284	rāgapeyyāla	AN9.93-432	
an9.285	A-ix	500	AN9.285	rāgapeyyāla	AN9.93-432	
an9.286	A-ix	500	AN9.286	rāgapeyyāla	AN9.93-432	
an9.287	A-ix	500	AN9.287	rāgapeyyāla	AN9.93-432	
an9.288	A-ix	500	AN9.288	rāgapeyyāla	AN9.93-432	
an9.289	A-ix	500	AN9.289	rāgapeyyāla	AN9.93-432	
an9.290	A-ix	500	AN9.290	rāgapeyyāla	AN9.93-432	
an9.291	A-ix	500	AN9.291	rāgapeyyāla	AN9.93-432	
an9.292	A-ix	500	AN9.292	rāgapeyyāla	AN9.93-432	
an9.293	A-ix	500	AN9.293	rāgapeyyāla	AN9.93-432	
an9.294	A-ix	500	AN9.294	rāgapeyyāla	AN9.93-432	
an9.295	A-ix	500	AN9.295	rāgapeyyāla	AN9.93-432	
an9.296	A-ix	500	AN9.296	rāgapeyyāla	AN9.93-432	
an9.297	A-ix	500	AN9.297	rāgapeyyāla	AN9.93-432	
an9.298	A-ix	500	AN9.298	rāgapeyyāla	AN9.93-432	
an9.299	A-ix	500	AN9.299	rāgapeyyāla	AN9.93-432	
an9.300	A-ix	500	AN9.300	rāgapeyyāla	AN9.93-432	
an9.301	A-ix	500	AN9.301	rāgapeyyāla	AN9.93-432	
an9.302	A-ix	500	AN9.302	rāgapeyyāla	AN9.93-432	
an9.303	A-ix	500	AN9.303	rāgapeyyāla	AN9.93-432	
an9.304	A-ix	500	AN9.304	rāgapeyyāla	AN9.93-432	
an9.305	A-ix	500	AN9.305	rāgapeyyāla	AN9.93-432	
an9.306	A-ix	500	AN9.306	rāgapeyyāla	AN9.93-432	
an9.307	A-ix	500	AN9.307	rāgapeyyāla	AN9.93-432	
an9.308	A-ix	500	AN9.308	rāgapeyyāla	AN9.93-432	
an9.309	A-ix	500	AN9.309	rāgapeyyāla	AN9.93-432	
an9.310	A-ix	500	AN9.310	rāgapeyyāla	AN9.93-432	
an9.311	A-ix	500	AN9.311	rāgapeyyāla	AN9.93-432	
an9.312	A-ix	500	AN9.312	rāgapeyyāla	AN9.93-432	
an9.313	A-ix	500	AN9.313	rāgapeyyāla	AN9.93-432	
an9.314	A-ix	500	AN9.314	rāgapeyyāla	AN9.93-432	
an9.315	A-ix	500	AN9.315	rāgapeyyāla	AN9.93-432	
an9.316	A-ix	500	AN9.316	rāgapeyyāla	AN9.93-432	
an9.317	A-ix	500	AN9.317	rāgapeyyāla	AN9.93-432	
an9.318	A-ix	500	AN9.318	rāgapeyyāla	AN9.93-432	
an9.319	A-ix	500	AN9.319	rāgapeyyāla	AN9.93-432	
an9.320	A-ix	500	AN9.320	rāgapeyyāla	AN9.93-432	
an9.321	A-ix	500	AN9.321	rāgapeyyāla	AN9.93-432	
an9.322	A-ix	500	AN9.322	rāgapeyyāla	AN9.93-432	
an9.323	A-ix	500	AN9.323	rāgapeyyāla	AN9.93-432	
an9.324	A-ix	500	AN9.324	rāgapeyyāla	AN9.93-432	
an9.325	A-ix	500	AN9.325	rāgapeyyāla	AN9.93-432	
an9.326	A-ix	500	AN9.326	rāgapeyyāla	AN9.93-432	
an9.327	A-ix	500	AN9.327	rāgapeyyāla	AN9.93-432	
an9.328	A-ix	500	AN9.328	rāgapeyyāla	AN9.93-432	
an9.329	A-ix	500	AN9.329	rāgapeyyāla	AN9.93-432	
an9.330	A-ix	500	AN9.330	rāgapeyyāla	AN9.93-432	
an9.331	A-ix	500	AN9.331	rāgapeyyāla	AN9.93-432	
an9.332	A-ix	500	AN9.332	rāgapeyyāla	AN9.93-432	
an9.333	A-ix	500	AN9.333	rāgapeyyāla	AN9.93-432	
an9.334	A-ix	500	AN9.334	rāgapeyyāla	AN9.93-432	
an9.335	A-ix	500	AN9.335	rāgapeyyāla	AN9.93-432	
an9.336	A-ix	500	AN9.336	rāgapeyyāla	AN9.93-432	
an9.337	A-ix	500	AN9.337	rāgapeyyāla	AN9.93-432	
an9.338	A-ix	500	AN9.338	rāgapeyyāla	AN9.93-432	
an9.339	A-ix	500	AN9.339	rāgapeyyāla	AN9.93-432	
an9.340	A-ix	500	AN9.340	rāgapeyyāla	AN9.93-432	
an9.341	A-ix	500	AN9.341	rāgapeyyāla	AN9.93-432	
an9.342	A-ix	500	AN9.342	rāgapeyyāla	AN9.93-432	
an9.343	A-ix	500	AN9.343	rāgapeyyāla	AN9.93-432	
an9.344	A-ix	500	AN9.344	rāgapeyyāla	AN9.93-432	
an9.345	A-ix	500	AN9.345	rāgapeyyāla	AN9.93-432	
an9.346	A-ix	500	AN9.346	rāgapeyyāla	AN9.93-432	
an9.347	A-ix	500	AN9.347	rāgapeyyāla	AN9.93-432	
an9.348	A-ix	500	AN9.348	rāgapeyyāla	AN9.93-432	
an9.349	A-ix	500	AN9.349	rāgapeyyāla	AN9.93-432	
an9.350	A-ix	500	AN9.350	rāgapeyyāla	AN9.93-432	
an9.351	A-ix	500	AN9.351	rāgapeyyāla	AN9.93-432	
an9.352	A-ix	500	AN9.352	rāgapeyyāla	AN9.93-432	
an9.353	A-ix	500	AN9.353	rāgapeyyāla	AN9.93-432	
an9.354	A-ix	500	AN9.354	rāgapeyyāla	AN9.93-432	
an9.355	A-ix	500	AN9.355	rāgapeyyāla	AN9.93-432	
an9.356	A-ix	500	AN9.356	rāgapeyyāla	AN9.93-432	
an9.357	A-ix	500	AN9.357	rāgapeyyāla	AN9.93-432	
an9.358	A-ix	500	AN9.358	rāgapeyyāla	AN9.93-432	
an9.359	A-ix	500	AN9.359	rāgapeyyāla	AN9.93-432	
an9.360	A-ix	500	AN9.360	rāgapeyyāla	AN9.93-432	
an9.361	A-ix	500	AN9.361	rāgapeyyāla	AN9.93-432	
an9.362	A-ix	500	AN9.362	rāgapeyyāla	AN9.93-432	
an9.363	A-ix	500	AN9.363	rāgapeyyāla	AN9.93-432	
an9.364	A-ix	500	AN9.364	rāgapeyyāla	AN9.93-432	
an9.365	A-ix	500	AN9.365	rāgapeyyāla	AN9.93-432	
an9.366	A-ix	500	AN9.366	rāgapeyyāla	AN9.93-432	
an9.367	A-ix	500	AN9.367	rāgapeyyāla	AN9.93-432	
an9.368	A-ix	500	AN9.368	rāgapeyyāla	AN9.93-432	
an9.369	A-ix	500	AN9.369	rāgapeyyāla	AN9.93-432	
an9.370	A-ix	500	AN9.370	rāgapeyyāla	AN9.93-432	
an9.371	A-ix	500	AN9.371	rāgapeyyāla	AN9.93-432	
an9.372	A-ix	500	AN9.372	rāgapeyyāla	AN9.93-432	
an9.373	A-ix	500	AN9.373	rāgapeyyāla	AN9.93-432	
an9.374	A-ix	500	AN9.374	rāgapeyyāla	AN9.93-432	
an9.375	A-ix	500	AN9.375	rāgapeyyāla	AN9.93-432	
an9.376	A-ix	500	AN9.376	rāgapeyyāla	AN9.93-432	
an9.377	A-ix	500	AN9.377	rāgapeyyāla	AN9.93-432	
an9.378	A-ix	500	AN9.378	rāgapeyyāla	AN9.93-432	
an9.379	A-ix	500	AN9.379	rāgapeyyāla	AN9.93-432	
an9.380	A-ix	500	AN9.380	rāgapeyyāla	AN9.93-432	
an9.381	A-ix	500	AN9.381	rāgapeyyāla	AN9.93-432	
an9.382	A-ix	500	AN9.382	rāgapeyyāla	AN9.93-432	
an9.383	A-ix	500	AN9.383	rāgapeyyāla	AN9.93-432	
an9.384	A-ix	500	AN9.384	rāgapeyyāla	AN9.93-432	
an9.385	A-ix	500	AN9.385	rāgapeyyāla	AN9.93-432	
an9.386	A-ix	500	AN9.386	rāgapeyyāla	AN9.93-432	
an9.387	A-ix	500	AN9.387	rāgapeyyāla	AN9.93-432	
an9.388	A-ix	500	AN9.388	rāgapeyyāla	AN9.93-432	
an9.389	A-ix	500	AN9.389	rāgapeyyāla	AN9.93-432	
an9.390	A-ix	500	AN9.390	rāgapeyyāla	AN9.93-432	
an9.391	A-ix	500	AN9.391	rāgapeyyāla	AN9.93-432	
an9.392	A-ix	500	AN9.392	rāgapeyyāla	AN9.93-432	
an9.393	A-ix	500	AN9.393	rāgapeyyāla	AN9.93-432	
an9.394	A-ix	500	AN9.394	rāgapeyyāla	AN9.93-432	
an9.395	A-ix	500	AN9.395	rāgapeyyāla	AN9.93-432	
an9.396	A-ix	500	AN9.396	rāgapeyyāla	AN9.93-432	
an9.397	A-ix	500	AN9.397	rāgapeyyāla	AN9.93-432	
an9.398	A-ix	500	AN9.398	rāgapeyyāla	AN9.93-432	
an9.399	A-ix	500	AN9.399	rāgapeyyāla	AN9.93-432	
an9.400	A-ix	500	AN9.400	rāgapeyyāla	AN9.93-432	
an9.401	A-ix	500	AN9.401	rāgapeyyāla	AN9.93-432	
an9.402	A-ix	500	AN9.402	rāgapeyyāla	AN9.93-432	
an9.403	A-ix	500	AN9.403	rāgapeyyāla	AN9.93-432	
an9.404	A-ix	500	AN9.404	rāgapeyyāla	AN9.93-432	
an9.405	A-ix	500	AN9.405	rāgapeyyāla	AN9.93-432	
an9.406	A-ix	500	AN9.406	rāgapeyyāla	AN9.93-432	
an9.407	A-ix	500	AN9.407	rāgapeyyāla	AN9.93-432	
an9.408	A-ix	500	AN9.408	rāgapeyyāla	AN9.93-432	
an9.409	A-ix	500	AN9.409	rāgapeyyāla	AN9.93-432	
an9.410	A-ix	500	AN9.410	rāgapeyyāla	AN9.93-432	
an9.411	A-ix	500	AN9.411	rāgapeyyāla	AN9.93-432	
an9.412	A-ix	500	AN9.412	rāgapeyyāla	AN9.93-432	
an9.413	A-ix	500	AN9.413	rāgapeyyāla	AN9.93-432	
an9.414	A-ix	500	AN9.414	rāgapeyyāla	AN9.93-432	
an9.415	A-ix	500	AN9.415	rāgapeyyāla	AN9.93-432	
an9.416	A-ix	500	AN9.416	rāgapeyyāla	AN9.93-432	
an9.417	A-ix	500	AN9.417	rāgapeyyāla	AN9.93-432	
an9.418	A-ix	500	AN9.418	rāgapeyyāla	AN9.93-432	
an9.419	A-ix	500	AN9.419	rāgapeyyāla	AN9.93-432	
an9.420	A-ix	500	AN9.420	rāgapeyyāla	AN9.93-432	
an9.421	A-ix	500	AN9.421	rāgapeyyāla	AN9.93-432	
an9.422	A-ix	500	AN9.422	rāgapeyyāla	AN9.93-432	
an9.423	A-ix	500	AN9.423	rāgapeyyāla	AN9.93-432	
an9.424	A-ix	500	AN9.424	rāgapeyyāla	AN9.93-432	
an9.425	A-ix	500	AN9.425	rāgapeyyāla	AN9.93-432	
an9.426	A-ix	500	AN9.426	rāgapeyyāla	AN9.93-432	
an9.427	A-ix	500	AN9.427	rāgapeyyāla	AN9.93-432	
an9.428	A-ix	500	AN9.428	rāgapeyyāla	AN9.93-432	
an9.429	A-ix	500	AN9.429	rāgapeyyāla	AN9.93-432	
an9.430	A-ix	500	AN9.430	rāgapeyyāla	AN9.93-432	
an9.431	A-ix	500	AN9.431	rāgapeyyāla	AN9.93-432	
an9.432	A-ix	500	AN9.432	rāgapeyyāla	AN9.93-432	
an10	A-x	3	AN10	dasakanipātapāḷi		
an10.1	A-x	3	AN10.1	kimatthiyasutta		
an10.1-10	A-x	3	AN10.1-10	ānisaṃsavagga		
an10.2	A-x	18	AN10.2	cetanākaraṇīyasutta		
an10.3	A-x	21	AN10.3	paṭhamaupanisasutta		
an10.4	A-x	24	AN10.4	dutiyaupanisasutta		
an10.5	A-x	27	AN10.5	tatiyaupanisasutta		
an10.6	A-x	30	AN10.6	samādhisutta		
an10.7	A-x	34	AN10.7	sāriputtasutta		
an10.8	A-x	40	AN10.8	jhānasutta		
an10.9	A-x	44	AN10.9	santavimokkhasutta		
an10.10	A-x	47	AN10.10	vijjāsutta		
an10.11	A-x	55	AN10.11	senāsanasutta		
an10.11-20	A-x	55	AN10.11-20	nāthavagga		
an10.12	A-x	60	AN10.12	pañcaṅgasutta		
an10.13	A-x	70	AN10.13	saṃyojanasutta		
an10.14	A-x	73	AN10.14	cetokhilasutta		
an10.15	A-x	88	AN10.15	appamādasutta		
an10.16	A-x	99	AN10.16	āhuneyyasutta		
an10.17	A-x	101	AN10.17	paṭhamanāthasutta		
an10.18	A-x	113	AN10.18	dutiyanāthasutta		
an10.19	A-x	126	AN10.19	paṭhamaariyāvāsasutta		
an10.20	A-x	128	AN10.20	dutiyaariyāvāsasutta		
an10.21	A-x	146	AN10.21	sīhanādasutta		
an10.21-30	A-x	146	AN10.21-30	mahāvagga		
an10.22	A-x	161	AN10.22	adhivuttipadasutta		
an10.23	A-x	175	AN10.23	kāyasutta		
an10.24	A-x	184	AN10.24	mahācundasutta		
an10.25	A-x	196	AN10.25	kasiṇasutta		
an10.26	A-x	198	AN10.26	kāḷīsutta		
an10.27	A-x	214	AN10.27	paṭhamamahāpañhāsutta		
an10.28	A-x	234	AN10.28	dutiyamahāpañhāsutta		
an10.29	A-x	246	AN10.29	paṭhamakosalasutta		
an10.30	A-x	268	AN10.30	dutiyakosalasutta		
an10.31	A-x	286	AN10.31	upālisutta		
an10.31-40	A-x	286	AN10.31-40	upālivagga		
an10.32	A-x	290	AN10.32	pātimokkhaṭṭhapanāsutta		
an10.33	A-x	292	AN10.33	ubbāhikāsutta		
an10.34	A-x	294	AN10.34	upasampadāsutta		
an10.35	A-x	296	AN10.35	nissayasutta		
an10.36	A-x	298	AN10.36	sāmaṇerasutta		
an10.37	A-x	300	AN10.37	saṅghabhedasutta		
an10.38	A-x	302	AN10.38	saṅghasāmaggīsutta		
an10.39	A-x	304	AN10.39	paṭhamaānandasutta		
an10.40	A-x	310	AN10.40	dutiyaānandasutta		
an10.41	A-x	320	AN10.41	vivādasutta		
an10.41-50	A-x	320	AN10.41-50	akkosavagga		
an10.42	A-x	323	AN10.42	paṭhamavivādamūlasutta		
an10.43	A-x	325	AN10.43	dutiyavivādamūlasutta		
an10.44	A-x	327	AN10.44	kusinārasutta		
an10.45	A-x	335	AN10.45	rājantepurappavesanasutta		
an10.46	A-x	346	AN10.46	sakkasutta		
an10.47	A-x	359	AN10.47	mahālisutta		
an10.48	A-x	362	AN10.48	pabbajitaabhiṇhasutta		
an10.49	A-x	364	AN10.49	sarīraṭṭhadhammasutta		
an10.50	A-x	366	AN10.50	bhaṇḍanasutta		
an10.51	A-x	385	AN10.51	sacittasutta		
an10.51-60	A-x	385	AN10.51-60	sacittavagga		
an10.52	A-x	393	AN10.52	sāriputtasutta		
an10.53	A-x	400	AN10.53	ṭhitisutta		
an10.54	A-x	409	AN10.54	samathasutta		
an10.55	A-x	423	AN10.55	parihānasutta		
an10.56	A-x	434	AN10.56	paṭhamasaññāsutta		
an10.57	A-x	436	AN10.57	dutiyasaññāsutta		
an10.58	A-x	438	AN10.58	mūlakasutta		
an10.59	A-x	442	AN10.59	pabbajjāsutta		
an10.60	A-x	445	AN10.60	girimānandasutta		
an10.61	A-x	465	AN10.61	avijjāsutta		
an10.61-70	A-x	465	AN10.61-70	yamakavagga		
an10.62	A-x	476	AN10.62	taṇhāsutta		
an10.63	A-x	485	AN10.63	niṭṭhaṅgatasutta		
an10.64	A-x	487	AN10.64	aveccappasannasutta		
an10.65	A-x	489	AN10.65	paṭhamasukhasutta		
an10.66	A-x	492	AN10.66	dutiyasukhasutta		
an10.67	A-x	496	AN10.67	paṭhamanaḷakapānasutta		
an10.68	A-x	508	AN10.68	dutiyanaḷakapānasutta		
an10.69	A-x	516	AN10.69	paṭhamakathāvatthusutta		
an10.70	A-x	522	AN10.70	dutiyakathāvatthusutta		
an10.71	A-x	538	AN10.71	ākaṅkhasutta		
an10.71-80	A-x	538	AN10.71-80	ākaṅkhavagga		
an10.72	A-x	553	AN10.72	kaṇṭakasutta		
an10.73	A-x	561	AN10.73	iṭṭhadhammasutta		
an10.74	A-x	565	AN10.74	vaḍḍhisutta		
an10.75	A-x	575	AN10.75	migasālāsutta		
an10.76	A-x	603	AN10.76	tayodhammasutta		
an10.77	A-x	625	AN10.77	kākasutta		
an10.78	A-x	627	AN10.78	nigaṇṭhasutta		
an10.79	A-x	629	AN10.79	āghātavatthusutta		
an10.80	A-x	631	AN10.80	āghātapaṭivinayasutta		
an10.81	A-x	637	AN10.81	vāhanasutta		
an10.81-90	A-x	637	AN10.81-90	theravagga		
an10.82	A-x	641	AN10.82	ānandasutta		
an10.83	A-x	665	AN10.83	puṇṇiyasutta		
an10.84	A-x	670	AN10.84	byākaraṇasutta		
an10.85	A-x	686	AN10.85	katthīsutta		
an10.86	A-x	718	AN10.86	adhimānasutta		
an10.87	A-x	739	AN10.87	nappiyasutta		
an10.88	A-x	766	AN10.88	akkosakasutta		
an10.89	A-x	768	AN10.89	kokālikasutta		
an10.90	A-x	798	AN10.90	khīṇāsavabalasutta		
an10.91	A-x	810	AN10.91	kāmabhogīsutta		
an10.91-100	A-x	810	AN10.91-100	upālivagga		
an10.92	A-x	835	AN10.92	bhayasutta		
an10.93	A-x	843	AN10.93	kiṃdiṭṭhikasutta		
an10.94	A-x	861	AN10.94	vajjiyamāhitasutta		
an10.95	A-x	876	AN10.95	uttiyasutta		
an10.96	A-x	888	AN10.96	kokanudasutta		
an10.97	A-x	904	AN10.97	āhuneyyasutta		
an10.98	A-x	916	AN10.98	therasutta		
an10.99	A-x	918	AN10.99	upālisutta		
an10.100	A-x	957	AN10.100	abhabbasutta		
an10.101	A-x	965	AN10.101	samaṇasaññāsutta		
an10.101-112	A-x	965	AN10.101-112	samaṇasaññāvagga		
an10.102	A-x	970	AN10.102	bojjhaṅgasutta		
an10.103	A-x	972	AN10.103	micchattasutta		
an10.104	A-x	975	AN10.104	bījasutta		
an10.105	A-x	980	AN10.105	vijjāsutta		
an10.106	A-x	983	AN10.106	nijjarasutta		
an10.107	A-x	994	AN10.107	dhovanasutta		
an10.108	A-x	1001	AN10.108	tikicchakasutta		
an10.109	A-x	1008	AN10.109	vamanasutta		
an10.110	A-x	1015	AN10.110	niddhamanīyasutta		
an10.111	A-x	1019	AN10.111	paṭhamaasekhasutta		
an10.112	A-x	1022	AN10.112	dutiyaasekhasutta		
an10.113	A-x	1028	AN10.113	paṭhamaadhammasutta		
an10.113-122	A-x	1028	AN10.113-122	paccorohaṇivagga		
an10.114	A-x	1034	AN10.114	dutiyaadhammasutta		
an10.115	A-x	1048	AN10.115	tatiyaadhammasutta		
an10.116	A-x	1071	AN10.116	ajitasutta		
an10.117	A-x	1084	AN10.117	saṅgāravasutta		
an10.118	A-x	1097	AN10.118	orimatīrasutta		
an10.119	A-x	1111	AN10.119	paṭhamapaccorohaṇīsutta		
an10.120	A-x	1128	AN10.120	dutiyapaccorohaṇīsutta		
an10.121	A-x	1130	AN10.121	pubbaṅgamasutta		
an10.122	A-x	1132	AN10.122	āsavakkhayasutta		
an10.123	A-x	1138	AN10.123	paṭhamasutta		
an10.123-133	A-x	1138	AN10.123-133	parisuddhavagga		
an10.124	A-x	1141	AN10.124	dutiyasutta		
an10.125	A-x	1143	AN10.125	tatiyasutta		
an10.126	A-x	1145	AN10.126	catutthasutta		
an10.127	A-x	1147	AN10.127	pañcamasutta		
an10.128	A-x	1149	AN10.128	chaṭṭhasutta		
an10.129	A-x	1151	AN10.129	sattamasutta		
an10.130	A-x	1153	AN10.130	aṭṭhamasutta		
an10.131	A-x	1155	AN10.131	navamasutta		
an10.132	A-x	1157	AN10.132	dasamasutta		
an10.133	A-x	1159	AN10.133	ekādasamasutta		
an10.134	A-x	1162	AN10.134	sādhusutta		
an10.134-144	A-x	1162	AN10.134-144	sādhuvagga		
an10.135	A-x	1166	AN10.135	ariyadhammasutta		
an10.136	A-x	1168	AN10.136	akusalasutta		
an10.137	A-x	1170	AN10.137	atthasutta		
an10.138	A-x	1172	AN10.138	dhammasutta		
an10.139	A-x	1174	AN10.139	sāsavasutta		
an10.140	A-x	1176	AN10.140	sāvajjasutta		
an10.141	A-x	1178	AN10.141	tapanīyasutta		
an10.142	A-x	1180	AN10.142	ācayagāmisutta		
an10.143	A-x	1182	AN10.143	dukkhudrayasutta		
an10.144	A-x	1184	AN10.144	dukkhavipākasutta		
an10.145	A-x	1187	AN10.145	ariyamaggasutta		
an10.145-154	A-x	1187	AN10.145-154	ariyavagga		
an10.146	A-x	1190	AN10.146	kaṇhamaggasutta		
an10.147	A-x	1192	AN10.147	saddhammasutta		
an10.148	A-x	1194	AN10.148	sappurisadhammasutta		
an10.149	A-x	1196	AN10.149	uppādetabbasutta		
an10.150	A-x	1198	AN10.150	āsevitabbasutta		
an10.151	A-x	1200	AN10.151	bhāvetabbasutta		
an10.152	A-x	1202	AN10.152	bahulīkātabbasutta		
an10.153	A-x	1204	AN10.153	anussaritabbasutta		
an10.154	A-x	1206	AN10.154	sacchikātabbasutta		
an10.155	A-x	1210	AN10.155	sevitabbasutta		
an10.155-166	A-x	1210	AN10.155-166	puggalavagga		
an10.156	A-x	1215	AN10.156	bhajitabbādisuttāni		AN10.156-166
an10.156-166	A-x	1215	AN10.156	bhajitabbādisuttāni		AN10.156-166
an10.157	A-x	1215	AN10.157	puggalavagga	AN10.155-166	
an10.158	A-x	1215	AN10.158	puggalavagga	AN10.155-166	
an10.159	A-x	1215	AN10.159	puggalavagga	AN10.155-166	
an10.160	A-x	1215	AN10.160	puggalavagga	AN10.155-166	
an10.161	A-x	1215	AN10.161	puggalavagga	AN10.155-166	
an10.162	A-x	1215	AN10.162	puggalavagga	AN10.155-166	
an10.163	A-x	1215	AN10.163	puggalavagga	AN10.155-166	
an10.164	A-x	1215	AN10.164	puggalavagga	AN10.155-166	
an10.165	A-x	1215	AN10.165	puggalavagga	AN10.155-166	
an10.166	A-x	1215	AN10.166	puggalavagga	AN10.155-166	
an10.167	A-x	1219	AN10.167	brāhmaṇapaccorohaṇīsutta		
an10.167-177	A-x	1219	AN10.167-177	jāṇussoṇivagga		
an10.168	A-x	1237	AN10.168	ariyapaccorohaṇīsutta		
an10.169	A-x	1249	AN10.169	saṅgāravasutta		
an10.170	A-x	1263	AN10.170	orimasutta		
an10.171	A-x	1276	AN10.171	paṭhamādhammasutta		
an10.172	A-x	1281	AN10.172	dutiyādhammasutta		
an10.173	A-x	1310	AN10.173	tatiyādhammasutta		
an10.174	A-x	1316	AN10.174	kammanidānasutta		
an10.175	A-x	1327	AN10.175	parikkamanasutta		
an10.176	A-x	1329	AN10.176	cundasutta		
an10.177	A-x	1371	AN10.177	jāṇussoṇisutta		
an10.178	A-x	1392	AN10.178	sādhusutta		
an10.178-188	A-x	1392	AN10.178-188	sādhuvagga		
an10.179	A-x	1397	AN10.179	ariyadhammasutta		
an10.180	A-x	1400	AN10.180	kusalasutta		
an10.181	A-x	1403	AN10.181	atthasutta		
an10.182	A-x	1406	AN10.182	dhammasutta		
an10.183	A-x	1409	AN10.183	āsavasutta		
an10.184	A-x	1412	AN10.184	vajjasutta		
an10.185	A-x	1415	AN10.185	tapanīyasutta		
an10.186	A-x	1418	AN10.186	ācayagāmisutta		
an10.187	A-x	1421	AN10.187	dukkhudrayasutta		
an10.188	A-x	1424	AN10.188	vipākasutta		
an10.189	A-x	1428	AN10.189	ariyamaggasutta		
an10.189-198	A-x	1428	AN10.189-198	ariyamaggavagga		
an10.190	A-x	1432	AN10.190	kaṇhamaggasutta		
an10.191	A-x	1435	AN10.191	saddhammasutta		
an10.192	A-x	1438	AN10.192	sappurisadhammasutta		
an10.193	A-x	1441	AN10.193	uppādetabbadhammasutta		
an10.194	A-x	1444	AN10.194	āsevitabbadhammasutta		
an10.195	A-x	1447	AN10.195	bhāvetabbadhammasutta		
an10.196	A-x	1450	AN10.196	bahulīkātabbasutta		
an10.197	A-x	1453	AN10.197	anussaritabbasutta		
an10.198	A-x	1456	AN10.198	sacchikātabbasutta		
an10.199	A-x	1460	AN10.199	nasevitabbādisuttāni		
an10.199-210	A-x	1460	AN10.199-210	aparapuggalavagga		
an10.200	A-x	1464	AN10.200	aparapuggalavagga	AN10.199-210	
an10.201	A-x	1464	AN10.201	aparapuggalavagga	AN10.199-210	
an10.202	A-x	1464	AN10.202	aparapuggalavagga	AN10.199-210	
an10.203	A-x	1464	AN10.203	aparapuggalavagga	AN10.199-210	
an10.204	A-x	1464	AN10.204	aparapuggalavagga	AN10.199-210	
an10.205	A-x	1464	AN10.205	aparapuggalavagga	AN10.199-210	
an10.206	A-x	1464	AN10.206	aparapuggalavagga	AN10.199-210	
an10.207	A-x	1464	AN10.207	aparapuggalavagga	AN10.199-210	
an10.208	A-x	1464	AN10.208	aparapuggalavagga	AN10.199-210	
an10.209	A-x	1464	AN10.209	aparapuggalavagga	AN10.199-210	
an10.210	A-x	1465	AN10.210	aparapuggalavagga	AN10.199-210	
an10.211	A-x	1468	AN10.211	paṭhamanirayasaggasutta		
an10.211-220	A-x	1468	AN10.211-220	karajakāyavagga		
an10.212	A-x	1490	AN10.212	dutiyanirayasaggasutta		
an10.213	A-x	1495	AN10.213	mātugāmasutta		
an10.214	A-x	1498	AN10.214	upāsikāsutta		
an10.215	A-x	1501	AN10.215	visāradasutta		
an10.216	A-x	1504	AN10.216	saṃsappanīyasutta		
an10.217	A-x	1516	AN10.217	paṭhamasañcetanikasutta		
an10.218	A-x	1545	AN10.218	dutiyasañcetanikasutta		
an10.219	A-x	1558	AN10.219	karajakāyasutta		
an10.220	A-x	1570	AN10.220	adhammacariyāsutta		
an10.221	A-x	1584	AN10.221	sāmaññavagga	AN10.221-236	
an10.221-236	A-x	1584	AN10.221-236	sāmaññavagga		AN10.221
an10.222	A-x	1587	AN10.222	sāmaññavagga	AN10.221-236	
an10.223	A-x	1589	AN10.223	sāmaññavagga	AN10.221-236	
an10.224	A-x	1591	AN10.224	sāmaññavagga	AN10.221-236	
an10.225	A-x	1593	AN10.225	sāmaññavagga	AN10.221-236	
an10.226	A-x	1593	AN10.226	sāmaññavagga	AN10.221-236	
an10.227	A-x	1593	AN10.227	sāmaññavagga	AN10.221-236	
an10.228	A-x	1593	AN10.228	sāmaññavagga	AN10.221-236	
an10.229	A-x	1594	AN10.229	sāmaññavagga	AN10.221-236	
an10.230	A-x	1594	AN10.230	sāmaññavagga	AN10.221-236	
an10.231	A-x	1594	AN10.231	sāmaññavagga	AN10.221-236	
an10.232	A-x	1594	AN10.232	sāmaññavagga	AN10.221-236	
an10.233	A-x	1595	AN10.233	sāmaññavagga	AN10.221-236	
an10.234	A-x	1595	AN10.234	sāmaññavagga	AN10.221-236	
an10.235	A-x	1595	AN10.235	sāmaññavagga	AN10.221-236	
an10.236	A-x	1595	AN10.236	sāmaññavagga	AN10.221-236	
an10.237	A-x	1597	AN10.237	rāgapeyyāla	AN10.237-746	
an10.237-746	A-x	1597	AN10.237-746	rāgapeyyāla		AN10.237
an10.238	A-x	1599	AN10.238	rāgapeyyāla	AN10.237-746	
an10.239	A-x	1600	AN10.239	rāgapeyyāla	AN10.237-746	
an10.240	A-x	1601	AN10.240	rāgapeyyāla	AN10.237-746	
an10.241	A-x	1601	AN10.241	rāgapeyyāla	AN10.237-746	
an10.242	A-x	1601	AN10.242	rāgapeyyāla	AN10.237-746	
an10.243	A-x	1601	AN10.243	rāgapeyyāla	AN10.237-746	
an10.244	A-x	1601	AN10.244	rāgapeyyāla	AN10.237-746	
an10.245	A-x	1601	AN10.245	rāgapeyyāla	AN10.237-746	
an10.246	A-x	1601	AN10.246	rāgapeyyāla	AN10.237-746	
an10.247	A-x	1601	AN10.247	rāgapeyyāla	AN10.237-746	
an10.248	A-x	1601	AN10.248	rāgapeyyāla	AN10.237-746	
an10.249	A-x	1601	AN10.249	rāgapeyyāla	AN10.237-746	
an10.250	A-x	1601	AN10.250	rāgapeyyāla	AN10.237-746	
an10.251	A-x	1601	AN10.251	rāgapeyyāla	AN10.237-746	
an10.252	A-x	1601	AN10.252	rāgapeyyāla	AN10.237-746	
an10.253	A-x	1601	AN10.253	rāgapeyyāla	AN10.237-746	
an10.254	A-x	1601	AN10.254	rāgapeyyāla	AN10.237-746	
an10.255	A-x	1601	AN10.255	rāgapeyyāla	AN10.237-746	
an10.256	A-x	1601	AN10.256	rāgapeyyāla	AN10.237-746	
an10.257	A-x	1601	AN10.257	rāgapeyyāla	AN10.237-746	
an10.258	A-x	1601	AN10.258	rāgapeyyāla	AN10.237-746	
an10.259	A-x	1601	AN10.259	rāgapeyyāla	AN10.237-746	
an10.260	A-x	1601	AN10.260	rāgapeyyāla	AN10.237-746	
an10.261	A-x	1601	AN10.261	rāgapeyyāla	AN10.237-746	
an10.262	A-x	1601	AN10.262	rāgapeyyāla	AN10.237-746	
an10.263	A-x	1601	AN10.263	rāgapeyyāla	AN10.237-746	
an10.264	A-x	1601	AN10.264	rāgapeyyāla	AN10.237-746	
an10.265	A-x	1601	AN10.265	rāgapeyyāla	AN10.237-746	
an10.266	A-x	1601	AN10.266	rāgapeyyāla	AN10.237-746	
an10.267	A-x	1602	AN10.267	rāgapeyyāla	AN10.237-746	
an10.268	A-x	1602	AN10.268	rāgapeyyāla	AN10.237-746	
an10.269	A-x	1602	AN10.269	rāgapeyyāla	AN10.237-746	
an10.270	A-x	1602	AN10.270	rāgapeyyāla	AN10.237-746	
an10.271	A-x	1602	AN10.271	rāgapeyyāla	AN10.237-746	
an10.272	A-x	1602	AN10.272	rāgapeyyāla	AN10.237-746	
an10.273	A-x	1602	AN10.273	rāgapeyyāla	AN10.237-746	
an10.274	A-x	1602	AN10.274	rāgapeyyāla	AN10.237-746	
an10.275	A-x	1602	AN10.275	rāgapeyyāla	AN10.237-746	
an10.276	A-x	1602	AN10.276	rāgapeyyāla	AN10.237-746	
an10.277	A-x	1602	AN10.277	rāgapeyyāla	AN10.237-746	
an10.278	A-x	1602	AN10.278	rāgapeyyāla	AN10.237-746	
an10.279	A-x	1602	AN10.279	rāgapeyyāla	AN10.237-746	
an10.280	A-x	1602	AN10.280	rāgapeyyāla	AN10.237-746	
an10.281	A-x	1602	AN10.281	rāgapeyyāla	AN10.237-746	
an10.282	A-x	1602	AN10.282	rāgapeyyāla	AN10.237-746	
an10.283	A-x	1602	AN10.283	rāgapeyyāla	AN10.237-746	
an10.284	A-x	1602	AN10.284	rāgapeyyāla	AN10.237-746	
an10.285	A-x	1602	AN10.285	rāgapeyyāla	AN10.237-746	
an10.286	A-x	1602	AN10.286	rāgapeyyāla	AN10.237-746	
an10.287	A-x	1602	AN10.287	rāgapeyyāla	AN10.237-746	
an10.288	A-x	1602	AN10.288	rāgapeyyāla	AN10.237-746	
an10.289	A-x	1602	AN10.289	rāgapeyyāla	AN10.237-746	
an10.290	A-x	1602	AN10.290	rāgapeyyāla	AN10.237-746	
an10.291	A-x	1602	AN10.291	rāgapeyyāla	AN10.237-746	
an10.292	A-x	1602	AN10.292	rāgapeyyāla	AN10.237-746	
an10.293	A-x	1602	AN10.293	rāgapeyyāla	AN10.237-746	
an10.294	A-x	1602	AN10.294	rāgapeyyāla	AN10.237-746	
an10.295	A-x	1602	AN10.295	rāgapeyyāla	AN10.237-746	
an10.296	A-x	1602	AN10.296	rāgapeyyāla	AN10.237-746	
an10.297	A-x	1602	AN10.297	rāgapeyyāla	AN10.237-746	
an10.298	A-x	1602	AN10.298	rāgapeyyāla	AN10.237-746	
an10.299	A-x	1602	AN10.299	rāgapeyyāla	AN10.237-746	
an10.300	A-x	1602	AN10.300	rāgapeyyāla	AN10.237-746	
an10.301	A-x	1602	AN10.301	rāgapeyyāla	AN10.237-746	
an10.302	A-x	1602	AN10.302	rāgapeyyāla	AN10.237-746	
an10.303	A-x	1602	AN10.303	rāgapeyyāla	AN10.237-746	
an10.304	A-x	1602	AN10.304	rāgapeyyāla	AN10.237-746	
an10.305	A-x	1602	AN10.305	rāgapeyyāla	AN10.237-746	
an10.306	A-x	1602	AN10.306	rāgapeyyāla	AN10.237-746	
an10.307	A-x	1602	AN10.307	rāgapeyyāla	AN10.237-746	
an10.308	A-x	1602	AN10.308	rāgapeyyāla	AN10.237-746	
an10.309	A-x	1602	AN10.309	rāgapeyyāla	AN10.237-746	
an10.310	A-x	1602	AN10.310	rāgapeyyāla	AN10.237-746	
an10.311	A-x	1602	AN10.311	rāgapeyyāla	AN10.237-746	
an10.312	A-x	1602	AN10.312	rāgapeyyāla	AN10.237-746	
an10.313	A-x	1602	AN10.313	rāgapeyyāla	AN10.237-746	
an10.314	A-x	1602	AN10.314	rāgapeyyāla	AN10.237-746	
an10.315	A-x	1602	AN10.315	rāgapeyyāla	AN10.237-746	
an10.316	A-x	1602	AN10.316	rāgapeyyāla	AN10.237-746	
an10.317	A-x	1602	AN10.317	rāgapeyyāla	AN10.237-746	
an10.318	A-x	1602	AN10.318	rāgapeyyāla	AN10.237-746	
an10.319	A-x	1602	AN10.319	rāgapeyyāla	AN10.237-746	
an10.320	A-x	1602	AN10.320	rāgapeyyāla	AN10.237-746	
an10.321	A-x	1602	AN10.321	rāgapeyyāla	AN10.237-746	
an10.322	A-x	1602	AN10.322	rāgapeyyāla	AN10.237-746	
an10.323	A-x	1602	AN10.323	rāgapeyyāla	AN10.237-746	
an10.324	A-x	1602	AN10.324	rāgapeyyāla	AN10.237-746	
an10.325	A-x	1602	AN10.325	rāgapeyyāla	AN10.237-746	
an10.326	A-x	1602	AN10.326	rāgapeyyāla	AN10.237-746	
an10.327	A-x	1602	AN10.327	rāgapeyyāla	AN10.237-746	
an10.328	A-x	1602	AN10.328	rāgapeyyāla	AN10.237-746	
an10.329	A-x	1602	AN10.329	rāgapeyyāla	AN10.237-746	
an10.330	A-x	1602	AN10.330	rāgapeyyāla	AN10.237-746	
an10.331	A-x	1602	AN10.331	rāgapeyyāla	AN10.237-746	
an10.332	A-x	1602	AN10.332	rāgapeyyāla	AN10.237-746	
an10.333	A-x	1602	AN10.333	rāgapeyyāla	AN10.237-746	
an10.334	A-x	1602	AN10.334	rāgapeyyāla	AN10.237-746	
an10.335	A-x	1602	AN10.335	rāgapeyyāla	AN10.237-746	
an10.336	A-x	1602	AN10.336	rāgapeyyāla	AN10.237-746	
an10.337	A-x	1602	AN10.337	rāgapeyyāla	AN10.237-746	
an10.338	A-x	1602	AN10.338	rāgapeyyāla	AN10.237-746	
an10.339	A-x	1602	AN10.339	rāgapeyyāla	AN10.237-746	
an10.340	A-x	1602	AN10.340	rāgapeyyāla	AN10.237-746	
an10.341	A-x	1602	AN10.341	rāgapeyyāla	AN10.237-746	
an10.342	A-x	1602	AN10.342	rāgapeyyāla	AN10.237-746	
an10.343	A-x	1602	AN10.343	rāgapeyyāla	AN10.237-746	
an10.344	A-x	1602	AN10.344	rāgapeyyāla	AN10.237-746	
an10.345	A-x	1602	AN10.345	rāgapeyyāla	AN10.237-746	
an10.346	A-x	1602	AN10.346	rāgapeyyāla	AN10.237-746	
an10.347	A-x	1602	AN10.347	rāgapeyyāla	AN10.237-746	
an10.348	A-x	1602	AN10.348	rāgapeyyāla	AN10.237-746	
an10.349	A-x	1602	AN10.349	rāgapeyyāla	AN10.237-746	
an10.350	A-x	1602	AN10.350	rāgapeyyāla	AN10.237-746	
an10.351	A-x	1602	AN10.351	rāgapeyyāla	AN10.237-746	
an10.352	A-x	1602	AN10.352	rāgapeyyāla	AN10.237-746	
an10.353	A-x	1602	AN10.353	rāgapeyyāla	AN10.237-746	
an10.354	A-x	1602	AN10.354	rāgapeyyāla	AN10.237-746	
an10.355	A-x	1602	AN10.355	rāgapeyyāla	AN10.237-746	
an10.356	A-x	1602	AN10.356	rāgapeyyāla	AN10.237-746	
an10.357	A-x	1602	AN10.357	rāgapeyyāla	AN10.237-746	
an10.358	A-x	1602	AN10.358	rāgapeyyāla	AN10.237-746	
an10.359	A-x	1602	AN10.359	rāgapeyyāla	AN10.237-746	
an10.360	A-x	1602	AN10.360	rāgapeyyāla	AN10.237-746	
an10.361	A-x	1602	AN10.361	rāgapeyyāla	AN10.237-746	
an10.362	A-x	1602	AN10.362	rāgapeyyāla	AN10.237-746	
an10.363	A-x	1602	AN10.363	rāgapeyyāla	AN10.237-746	
an10.364	A-x	1602	AN10.364	rāgapeyyāla	AN10.237-746	
an10.365	A-x	1602	AN10.365	rāgapeyyāla	AN10.237-746	
an10.366	A-x	1602	AN10.366	rāgapeyyāla	AN10.237-746	
an10.367	A-x	1602	AN10.367	rāgapeyyāla	AN10.237-746	
an10.368	A-x	1602	AN10.368	rāgapeyyāla	AN10.237-746	
an10.369	A-x	1602	AN10.369	rāgapeyyāla	AN10.237-746	
an10.370	A-x	1602	AN10.370	rāgapeyyāla	AN10.237-746	
an10.371	A-x	1602	AN10.371	rāgapeyyāla	AN10.237-746	
an10.372	A-x	1602	AN10.372	rāgapeyyāla	AN10.237-746	
an10.373	A-x	1602	AN10.373	rāgapeyyāla	AN10.237-746	
an10.374	A-x	1602	AN10.374	rāgapeyyāla	AN10.237-746	
an10.375	A-x	1602	AN10.375	rāgapeyyāla	AN10.237-746	
an10.376	A-x	1602	AN10.376	rāgapeyyāla	AN10.237-746	
an10.377	A-x	1602	AN10.377	rāgapeyyāla	AN10.237-746	
an10.378	A-x	1602	AN10.378	rāgapeyyāla	AN10.237-746	
an10.379	A-x	1602	AN10.379	rāgapeyyāla	AN10.237-746	
an10.380	A-x	1602	AN10.380	rāgapeyyāla	AN10.237-746	
an10.381	A-x	1602	AN10.381	rāgapeyyāla	AN10.237-746	
an10.382	A-x	1602	AN10.382	rāgapeyyāla	AN10.237-746	
an10.383	A-x	1602	AN10.383	rāgapeyyāla	AN10.237-746	
an10.384	A-x	1602	AN10.384	rāgapeyyāla	AN10.237-746	
an10.385	A-x	1602	AN10.385	rāgapeyyāla	AN10.237-746	
an10.386	A-x	1602	AN10.386	rāgapeyyāla	AN10.237-746	
an10.387	A-x	1602	AN10.387	rāgapeyyāla	AN10.237-746	
an10.388	A-x	1602	AN10.388	rāgapeyyāla	AN10.237-746	
an10.389	A-x	1602	AN10.389	rāgapeyyāla	AN10.237-746	
an10.390	A-x	1602	AN10.390	rāgapeyyāla	AN10.237-746	
an10.391	A-x	1602	AN10.391	rāgapeyyāla	AN10.237-746	
an10.392	A-x	1602	AN10.392	rāgapeyyāla	AN10.237-746	
an10.393	A-x	1602	AN10.393	rāgapeyyāla	AN10.237-746	
an10.394	A-x	1602	AN10.394	rāgapeyyāla	AN10.237-746	
an10.395	A-x	1602	AN10.395	rāgapeyyāla	AN10.237-746	
an10.396	A-x	1602	AN10.396	rāgapeyyāla	AN10.237-746	
an10.397	A-x	1602	AN10.397	rāgapeyyāla	AN10.237-746	
an10.398	A-x	1602	AN10.398	rāgapeyyāla	AN10.237-746	
an10.399	A-x	1602	AN10.399	rāgapeyyāla	AN10.237-746	
an10.400	A-x	1602	AN10.400	rāgapeyyāla	AN10.237-746	
an10.401	A-x	1602	AN10.401	rāgapeyyāla	AN10.237-746	
an10.402	A-x	1602	AN10.402	rāgapeyyāla	AN10.237-746	
an10.403	A-x	1602	AN10.403	rāgapeyyāla	AN10.237-746	
an10.404	A-x	1602	AN10.404	rāgapeyyāla	AN10.237-746	
an10.405	A-x	1602	AN10.405	rāgapeyyāla	AN10.237-746	
an10.406	A-x	1602	AN10.406	rāgapeyyāla	AN10.237-746	
an10.407	A-x	1602	AN10.407	rāgapeyyāla	AN10.237-746	
an10.408	A-x	1602	AN10.408	rāgapeyyāla	AN10.237-746	
an10.409	A-x	1602	AN10.409	rāgapeyyāla	AN10.237-746	
an10.410	A-x	1602	AN10.410	rāgapeyyāla	AN10.237-746	
an10.411	A-x	1602	AN10.411	rāgapeyyāla	AN10.237-746	
an10.412	A-x	1602	AN10.412	rāgapeyyāla	AN10.237-746	
an10.413	A-x	1602	AN10.413	rāgapeyyāla	AN10.237-746	
an10.414	A-x	1602	AN10.414	rāgapeyyāla	AN10.237-746	
an10.415	A-x	1602	AN10.415	rāgapeyyāla	AN10.237-746	
an10.416	A-x	1602	AN10.416	rāgapeyyāla	AN10.237-746	
an10.417	A-x	1602	AN10.417	rāgapeyyāla	AN10.237-746	
an10.418	A-x	1602	AN10.418	rāgapeyyāla	AN10.237-746	
an10.419	A-x	1602	AN10.419	rāgapeyyāla	AN10.237-746	
an10.420	A-x	1602	AN10.420	rāgapeyyāla	AN10.237-746	
an10.421	A-x	1602	AN10.421	rāgapeyyāla	AN10.237-746	
an10.422	A-x	1602	AN10.422	rāgapeyyāla	AN10.237-746	
an10.423	A-x	1602	AN10.423	rāgapeyyāla	AN10.237-746	
an10.424	A-x	1602	AN10.424	rāgapeyyāla	AN10.237-746	
an10.425	A-x	1602	AN10.425	rāgapeyyāla	AN10.237-746	
an10.426	A-x	1602	AN10.426	rāgapeyyāla	AN10.237-746	
an10.427	A-x	1602	AN10.427	rāgapeyyāla	AN10.237-746	
an10.428	A-x	1602	AN10.428	rāgapeyyāla	AN10.237-746	
an10.429	A-x	1602	AN10.429	rāgapeyyāla	AN10.237-746	
an10.430	A-x	1602	AN10.430	rāgapeyyāla	AN10.237-746	
an10.431	A-x	1602	AN10.431	rāgapeyyāla	AN10.237-746	
an10.432	A-x	1602	AN10.432	rāgapeyyāla	AN10.237-746	
an10.433	A-x	1602	AN10.433	rāgapeyyāla	AN10.237-746	
an10.434	A-x	1602	AN10.434	rāgapeyyāla	AN10.237-746	
an10.435	A-x	1602	AN10.435	rāgapeyyāla	AN10.237-746	
an10.436	A-x	1602	AN10.436	rāgapeyyāla	AN10.237-746	
an10.437	A-x	1602	AN10.437	rāgapeyyāla	AN10.237-746	
an10.438	A-x	1602	AN10.438	rāgapeyyāla	AN10.237-746	
an10.439	A-x	1602	AN10.439	rāgapeyyāla	AN10.237-746	
an10.440	A-x	1602	AN10.440	rāgapeyyāla	AN10.237-746	
an10.441	A-x	1602	AN10.441	rāgapeyyāla	AN10.237-746	
an10.442	A-x	1602	AN10.442	rāgapeyyāla	AN10.237-746	
an10.443	A-x	1602	AN10.443	rāgapeyyāla	AN10.237-746	
an10.444	A-x	1602	AN10.444	rāgapeyyāla	AN10.237-746	
an10.445	A-x	1602	AN10.445	rāgapeyyāla	AN10.237-746	
an10.446	A-x	1602	AN10.446	rāgapeyyāla	AN10.237-746	
an10.447	A-x	1602	AN10.447	rāgapeyyāla	AN10.237-746	
an10.448	A-x	1602	AN10.448	rāgapeyyāla	AN10.237-746	
an10.449	A-x	1602	AN10.449	rāgapeyyāla	AN10.237-746	
an10.450	A-x	1602	AN10.450	rāgapeyyāla	AN10.237-746	
an10.451	A-x	1602	AN10.451	rāgapeyyāla	AN10.237-746	
an10.452	A-x	1602	AN10.452	rāgapeyyāla	AN10.237-746	
an10.453	A-x	1602	AN10.453	rāgapeyyāla	AN10.237-746	
an10.454	A-x	1602	AN10.454	rāgapeyyāla	AN10.237-746	
an10.455	A-x	1602	AN10.455	rāgapeyyāla	AN10.237-746	
an10.456	A-x	1602	AN10.456	rāgapeyyāla	AN10.237-746	
an10.457	A-x	1602	AN10.457	rāgapeyyāla	AN10.237-746	
an10.458	A-x	1602	AN10.458	rāgapeyyāla	AN10.237-746	
an10.459	A-x	1602	AN10.459	rāgapeyyāla	AN10.237-746	
an10.460	A-x	1602	AN10.460	rāgapeyyāla	AN10.237-746	
an10.461	A-x	1602	AN10.461	rāgapeyyāla	AN10.237-746	
an10.462	A-x	1602	AN10.462	rāgapeyyāla	AN10.237-746	
an10.463	A-x	1602	AN10.463	rāgapeyyāla	AN10.237-746	
an10.464	A-x	1602	AN10.464	rāgapeyyāla	AN10.237-746	
an10.465	A-x	1602	AN10.465	rāgapeyyāla	AN10.237-746	
an10.466	A-x	1602	AN10.466	rāgapeyyāla	AN10.237-746	
an10.467	A-x	1602	AN10.467	rāgapeyyāla	AN10.237-746	
an10.468	A-x	1602	AN10.468	rāgapeyyāla	AN10.237-746	
an10.469	A-x	1602	AN10.469	rāgapeyyāla	AN10.237-746	
an10.470	A-x	1602	AN10.470	rāgapeyyāla	AN10.237-746	
an10.471	A-x	1602	AN10.471	rāgapeyyāla	AN10.237-746	
an10.472	A-x	1602	AN10.472	rāgapeyyāla	AN10.237-746	
an10.473	A-x	1602	AN10.473	rāgapeyyāla	AN10.237-746	
an10.474	A-x	1602	AN10.474	rāgapeyyāla	AN10.237-746	
an10.475	A-x	1602	AN10.475	rāgapeyyāla	AN10.237-746	
an10.476	A-x	1602	AN10.476	rāgapeyyāla	AN10.237-746	
an10.477	A-x	1602	AN10.477	rāgapeyyāla	AN10.237-746	
an10.478	A-x	1602	AN10.478	rāgapeyyāla	AN10.237-746	
an10.479	A-x	1602	AN10.479	rāgapeyyāla	AN10.237-746	
an10.480	A-x	1602	AN10.480	rāgapeyyāla	AN10.237-746	
an10.481	A-x	1602	AN10.481	rāgapeyyāla	AN10.237-746	
an10.482	A-x	1602	AN10.482	rāgapeyyāla	AN10.237-746	
an10.483	A-x	1602	AN10.483	rāgapeyyāla	AN10.237-746	
an10.484	A-x	1602	AN10.484	rāgapeyyāla	AN10.237-746	
an10.485	A-x	1602	AN10.485	rāgapeyyāla	AN10.237-746	
an10.486	A-x	1602	AN10.486	rāgapeyyāla	AN10.237-746	
an10.487	A-x	1602	AN10.487	rāgapeyyāla	AN10.237-746	
an10.488	A-x	1602	AN10.488	rāgapeyyāla	AN10.237-746	
an10.489	A-x	1602	AN10.489	rāgapeyyāla	AN10.237-746	
an10.490	A-x	1602	AN10.490	rāgapeyyāla	AN10.237-746	
an10.491	A-x	1602	AN10.491	rāgapeyyāla	AN10.237-746	
an10.492	A-x	1602	AN10.492	rāgapeyyāla	AN10.237-746	
an10.493	A-x	1602	AN10.493	rāgapeyyāla	AN10.237-746	
an10.494	A-x	1602	AN10.494	rāgapeyyāla	AN10.237-746	
an10.495	A-x	1602	AN10.495	rāgapeyyāla	AN10.237-746	
an10.496	A-x	1602	AN10.496	rāgapeyyāla	AN10.237-746	
an10.497	A-x	1602	AN10.497	rāgapeyyāla	AN10.237-746	
an10.498	A-x	1602	AN10.498	rāgapeyyāla	AN10.237-746	
an10.499	A-x	1602	AN10.499	rāgapeyyāla	AN10.237-746	
an10.500	A-x	1602	AN10.500	rāgapeyyāla	AN10.237-746	
an10.501	A-x	1602	AN10.501	rāgapeyyāla	AN10.237-746	
an10.502	A-x	1602	AN10.502	rāgapeyyāla	AN10.237-746	
an10.503	A-x	1602	AN10.503	rāgapeyyāla	AN10.237-746	
an10.504	A-x	1602	AN10.504	rāgapeyyāla	AN10.237-746	
an10.505	A-x	1602	AN10.505	rāgapeyyāla	AN10.237-746	
an10.506	A-x	1602	AN10.506	rāgapeyyāla	AN10.237-746	
an10.507	A-x	1602	AN10.507	rāgapeyyāla	AN10.237-746	
an10.508	A-x	1602	AN10.508	rāgapeyyāla	AN10.237-746	
an10.509	A-x	1602	AN10.509	rāgapeyyāla	AN10.237-746	
an10.510	A-x	1602	AN10.510	rāgapeyyāla	AN10.237-746	
an10.511	A-x	1602	AN10.511	rāgapeyyāla	AN10.237-746	
an10.512	A-x	1602	AN10.512	rāgapeyyāla	AN10.237-746	
an10.513	A-x	1602	AN10.513	rāgapeyyāla	AN10.237-746	
an10.514	A-x	1602	AN10.514	rāgapeyyāla	AN10.237-746	
an10.515	A-x	1602	AN10.515	rāgapeyyāla	AN10.237-746	
an10.516	A-x	1602	AN10.516	rāgapeyyāla	AN10.237-746	
an10.517	A-x	1602	AN10.517	rāgapeyyāla	AN10.237-746	
an10.518	A-x	1602	AN10.518	rāgapeyyāla	AN10.237-746	
an10.519	A-x	1602	AN10.519	rāgapeyyāla	AN10.237-746	
an10.520	A-x	1602	AN10.520	rāgapeyyāla	AN10.237-746	
an10.521	A-x	1602	AN10.521	rāgapeyyāla	AN10.237-746	
an10.522	A-x	1602	AN10.522	rāgapeyyāla	AN10.237-746	
an10.523	A-x	1602	AN10.523	rāgapeyyāla	AN10.237-746	
an10.524	A-x	1602	AN10.524	rāgapeyyāla	AN10.237-746	
an10.525	A-x	1602	AN10.525	rāgapeyyāla	AN10.237-746	
an10.526	A-x	1602	AN10.526	rāgapeyyāla	AN10.237-746	
an10.527	A-x	1602	AN10.527	rāgapeyyāla	AN10.237-746	
an10.528	A-x	1602	AN10.528	rāgapeyyāla	AN10.237-746	
an10.529	A-x	1602	AN10.529	rāgapeyyāla	AN10.237-746	
an10.530	A-x	1602	AN10.530	rāgapeyyāla	AN10.237-746	
an10.531	A-x	1602	AN10.531	rāgapeyyāla	AN10.237-746	
an10.532	A-x	1602	AN10.532	rāgapeyyāla	AN10.237-746	
an10.533	A-x	1602	AN10.533	rāgapeyyāla	AN10.237-746	
an10.534	A-x	1602	AN10.534	rāgapeyyāla	AN10.237-746	
an10.535	A-x	1602	AN10.535	rāgapeyyāla	AN10.237-746	
an10.536	A-x	1602	AN10.536	rāgapeyyāla	AN10.237-746	
an10.537	A-x	1602	AN10.537	rāgapeyyāla	AN10.237-746	
an10.538	A-x	1602	AN10.538	rāgapeyyāla	AN10.237-746	
an10.539	A-x	1602	AN10.539	rāgapeyyāla	AN10.237-746	
an10.540	A-x	1602	AN10.540	rāgapeyyāla	AN10.237-746	
an10.541	A-x	1602	AN10.541	rāgapeyyāla	AN10.237-746	
an10.542	A-x	1602	AN10.542	rāgapeyyāla	AN10.237-746	
an10.543	A-x	1602	AN10.543	rāgapeyyāla	AN10.237-746	
an10.544	A-x	1602	AN10.544	rāgapeyyāla	AN10.237-746	
an10.545	A-x	1602	AN10.545	rāgapeyyāla	AN10.237-746	
an10.546	A-x	1602	AN10.546	rāgapeyyāla	AN10.237-746	
an10.547	A-x	1602	AN10.547	rāgapeyyāla	AN10.237-746	
an10.548	A-x	1602	AN10.548	rāgapeyyāla	AN10.237-746	
an10.549	A-x	1602	AN10.549	rāgapeyyāla	AN10.237-746	
an10.550	A-x	1602	AN10.550	rāgapeyyāla	AN10.237-746	
an10.551	A-x	1602	AN10.551	rāgapeyyāla	AN10.237-746	
an10.552	A-x	1602	AN10.552	rāgapeyyāla	AN10.237-746	
an10.553	A-x	1602	AN10.553	rāgapeyyāla	AN10.237-746	
an10.554	A-x	1602	AN10.554	rāgapeyyāla	AN10.237-746	
an10.555	A-x	1602	AN10.555	rāgapeyyāla	AN10.237-746	
an10.556	A-x	1602	AN10.556	rāgapeyyāla	AN10.237-746	
an10.557	A-x	1602	AN10.557	rāgapeyyāla	AN10.237-746	
an10.558	A-x	1602	AN10.558	rāgapeyyāla	AN10.237-746	
an10.559	A-x	1602	AN10.559	rāgapeyyāla	AN10.237-746	
an10.560	A-x	1602	AN10.560	rāgapeyyāla	AN10.237-746	
an10.561	A-x	1602	AN10.561	rāgapeyyāla	AN10.237-746	
an10.562	A-x	1602	AN10.562	rāgapeyyāla	AN10.237-746	
an10.563	A-x	1602	AN10.563	rāgapeyyāla	AN10.237-746	
an10.564	A-x	1602	AN10.564	rāgapeyyāla	AN10.237-746	
an10.565	A-x	1602	AN10.565	rāgapeyyāla	AN10.237-746	
an10.566	A-x	1602	AN10.566	rāgapeyyāla	AN10.237-746	
an10.567	A-x	1602	AN10.567	rāgapeyyāla	AN10.237-746	
an10.568	A-x	1602	AN10.568	rāgapeyyāla	AN10.237-746	
an10.569	A-x	1602	AN10.569	rāgapeyyāla	AN10.237-746	
an10.570	A-x	1602	AN10.570	rāgapeyyāla	AN10.237-746	
an10.571	A-x	1602	AN10.571	rāgapeyyāla	AN10.237-746	
an10.572	A-x	1602	AN10.572	rāgapeyyāla	AN10.237-746	
an10.573	A-x	1602	AN10.573	rāgapeyyāla	AN10.237-746	
an10.574	A-x	1602	AN10.574	rāgapeyyāla	AN10.237-746	
an10.575	A-x	1602	AN10.575	rāgapeyyāla	AN10.237-746	
an10.576	A-x	1602	AN10.576	rāgapeyyāla	AN10.237-746	
an10.577	A-x	1602	AN10.577	rāgapeyyāla	AN10.237-746	
an10.578	A-x	1602	AN10.578	rāgapeyyāla	AN10.237-746	
an10.579	A-x	1602	AN10.579	rāgapeyyāla	AN10.237-746	
an10.580	A-x	1602	AN10.580	rāgapeyyāla	AN10.237-746	
an10.581	A-x	1602	AN10.581	rāgapeyyāla	AN10.237-746	
an10.582	A-x	1602	AN10.582	rāgapeyyāla	AN10.237-746	
an10.583	A-x	1602	AN10.583	rāgapeyyāla	AN10.237-746	
an10.584	A-x	1602	AN10.584	rāgapeyyāla	AN10.237-746	
an10.585	A-x	1602	AN10.585	rāgapeyyāla	AN10.237-746	
an10.586	A-x	1602	AN10.586	rāgapeyyāla	AN10.237-746	
an10.587	A-x	1602	AN10.587	rāgapeyyāla	AN10.237-746	
an10.588	A-x	1602	AN10.588	rāgapeyyāla	AN10.237-746	
an10.589	A-x	1602	AN10.589	rāgapeyyāla	AN10.237-746	
an10.590	A-x	1602	AN10.590	rāgapeyyāla	AN10.237-746	
an10.591	A-x	1602	AN10.591	rāgapeyyāla	AN10.237-746	
an10.592	A-x	1602	AN10.592	rāgapeyyāla	AN10.237-746	
an10.593	A-x	1602	AN10.593	rāgapeyyāla	AN10.237-746	
an10.594	A-x	1602	AN10.594	rāgapeyyāla	AN10.237-746	
an10.595	A-x	1602	AN10.595	rāgapeyyāla	AN10.237-746	
an10.596	A-x	1602	AN10.596	rāgapeyyāla	AN10.237-746	
an10.597	A-x	1602	AN10.597	rāgapeyyāla	AN10.237-746	
an10.598	A-x	1602	AN10.598	rāgapeyyāla	AN10.237-746	
an10.599	A-x	1602	AN10.599	rāgapeyyāla	AN10.237-746	
an10.600	A-x	1602	AN10.600	rāgapeyyāla	AN10.237-746	
an10.601	A-x	1602	AN10.601	rāgapeyyāla	AN10.237-746	
an10.602	A-x	1602	AN10.602	rāgapeyyāla	AN10.237-746	
an10.603	A-x	1602	AN10.603	rāgapeyyāla	AN10.237-746	
an10.604	A-x	1602	AN10.604	rāgapeyyāla	AN10.237-746	
an10.605	A-x	1602	AN10.605	rāgapeyyāla	AN10.237-746	
an10.606	A-x	1602	AN10.606	rāgapeyyāla	AN10.237-746	
an10.607	A-x	1602	AN10.607	rāgapeyyāla	AN10.237-746	
an10.608	A-x	1602	AN10.608	rāgapeyyāla	AN10.237-746	
an10.609	A-x	1602	AN10.609	rāgapeyyāla	AN10.237-746	
an10.610	A-x	1602	AN10.610	rāgapeyyāla	AN10.237-746	
an10.611	A-x	1602	AN10.611	rāgapeyyāla	AN10.237-746	
an10.612	A-x	1602	AN10.612	rāgapeyyāla	AN10.237-746	
an10.613	A-x	1602	AN10.613	rāgapeyyāla	AN10.237-746	
an10.614	A-x	1602	AN10.614	rāgapeyyāla	AN10.237-746	
an10.615	A-x	1602	AN10.615	rāgapeyyāla	AN10.237-746	
an10.616	A-x	1602	AN10.616	rāgapeyyāla	AN10.237-746	
an10.617	A-x	1602	AN10.617	rāgapeyyāla	AN10.237-746	
an10.618	A-x	1602	AN10.618	rāgapeyyāla	AN10.237-746	
an10.619	A-x	1602	AN10.619	rāgapeyyāla	AN10.237-746	
an10.620	A-x	1602	AN10.620	rāgapeyyāla	AN10.237-746	
an10.621	A-x	1602	AN10.621	rāgapeyyāla	AN10.237-746	
an10.622	A-x	1602	AN10.622	rāgapeyyāla	AN10.237-746	
an10.623	A-x	1602	AN10.623	rāgapeyyāla	AN10.237-746	
an10.624	A-x	1602	AN10.624	rāgapeyyāla	AN10.237-746	
an10.625	A-x	1602	AN10.625	rāgapeyyāla	AN10.237-746	
an10.626	A-x	1602	AN10.626	rāgapeyyāla	AN10.237-746	
an10.627	A-x	1602	AN10.627	rāgapeyyāla	AN10.237-746	
an10.628	A-x	1602	AN10.628	rāgapeyyāla	AN10.237-746	
an10.629	A-x	1602	AN10.629	rāgapeyyāla	AN10.237-746	
an10.630	A-x	1602	AN10.630	rāgapeyyāla	AN10.237-746	
an10.631	A-x	1602	AN10.631	rāgapeyyāla	AN10.237-746	
an10.632	A-x	1602	AN10.632	rāgapeyyāla	AN10.237-746	
an10.633	A-x	1602	AN10.633	rāgapeyyāla	AN10.237-746	
an10.634	A-x	1602	AN10.634	rāgapeyyāla	AN10.237-746	
an10.635	A-x	1602	AN10.635	rāgapeyyāla	AN10.237-746	
an10.636	A-x	1602	AN10.636	rāgapeyyāla	AN10.237-746	
an10.637	A-x	1602	AN10.637	rāgapeyyāla	AN10.237-746	
an10.638	A-x	1602	AN10.638	rāgapeyyāla	AN10.237-746	
an10.639	A-x	1602	AN10.639	rāgapeyyāla	AN10.237-746	
an10.640	A-x	1602	AN10.640	rāgapeyyāla	AN10.237-746	
an10.641	A-x	1602	AN10.641	rāgapeyyāla	AN10.237-746	
an10.642	A-x	1602	AN10.642	rāgapeyyāla	AN10.237-746	
an10.643	A-x	1602	AN10.643	rāgapeyyāla	AN10.237-746	
an10.644	A-x	1602	AN10.644	rāgapeyyāla	AN10.237-746	
an10.645	A-x	1602	AN10.645	rāgapeyyāla	AN10.237-746	
an10.646	A-x	1602	AN10.646	rāgapeyyāla	AN10.237-746	
an10.647	A-x	1602	AN10.647	rāgapeyyāla	AN10.237-746	
an10.648	A-x	1602	AN10.648	rāgapeyyāla	AN10.237-746	
an10.649	A-x	1602	AN10.649	rāgapeyyāla	AN10.237-746	
an10.650	A-x	1602	AN10.650	rāgapeyyāla	AN10.237-746	
an10.651	A-x	1602	AN10.651	rāgapeyyāla	AN10.237-746	
an10.652	A-x	1602	AN10.652	rāgapeyyāla	AN10.237-746	
an10.653	A-x	1602	AN10.653	rāgapeyyāla	AN10.237-746	
an10.654	A-x	1602	AN10.654	rāgapeyyāla	AN10.237-746	
an10.655	A-x	1602	AN10.655	rāgapeyyāla	AN10.237-746	
an10.656	A-x	1602	AN10.656	rāgapeyyāla	AN10.237-746	
an10.657	A-x	1602	AN10.657	rāgapeyyāla	AN10.237-746	
an10.658	A-x	1602	AN10.658	rāgapeyyāla	AN10.237-746	
an10.659	A-x	1602	AN10.659	rāgapeyyāla	AN10.237-746	
an10.660	A-x	1602	AN10.660	rāgapeyyāla	AN10.237-746	
an10.661	A-x	1602	AN10.661	rāgapeyyāla	AN10.237-746	
an10.662	A-x	1602	AN10.662	rāgapeyyāla	AN10.237-746	
an10.663	A-x	1602	AN10.663	rāgapeyyāla	AN10.237-746	
an10.664	A-x	1602	AN10.664	rāgapeyyāla	AN10.237-746	
an10.665	A-x	1602	AN10.665	rāgapeyyāla	AN10.237-746	
an10.666	A-x	1602	AN10.666	rāgapeyyāla	AN10.237-746	
an10.667	A-x	1602	AN10.667	rāgapeyyāla	AN10.237-746	
an10.668	A-x	1602	AN10.668	rāgapeyyāla	AN10.237-746	
an10.669	A-x	1602	AN10.669	rāgapeyyāla	AN10.237-746	
an10.670	A-x	1602	AN10.670	rāgapeyyāla	AN10.237-746	
an10.671	A-x	1602	AN10.671	rāgapeyyāla	AN10.237-746	
an10.672	A-x	1602	AN10.672	rāgapeyyāla	AN10.237-746	
an10.673	A-x	1602	AN10.673	rāgapeyyāla	AN10.237-746	
an10.674	A-x	1602	AN10.674	rāgapeyyāla	AN10.237-746	
an10.675	A-x	1602	AN10.675	rāgapeyyāla	AN10.237-746	
an10.676	A-x	1602	AN10.676	rāgapeyyāla	AN10.237-746	
an10.677	A-x	1602	AN10.677	rāgapeyyāla	AN10.237-746	
an10.678	A-x	1602	AN10.678	rāgapeyyāla	AN10.237-746	
an10.679	A-x	1602	AN10.679	rāgapeyyāla	AN10.237-746	
an10.680	A-x	1602	AN10.680	rāgapeyyāla	AN10.237-746	
an10.681	A-x	1602	AN10.681	rāgapeyyāla	AN10.237-746	
an10.682	A-x	1602	AN10.682	rāgapeyyāla	AN10.237-746	
an10.683	A-x	1602	AN10.683	rāgapeyyāla	AN10.237-746	
an10.684	A-x	1602	AN10.684	rāgapeyyāla	AN10.237-746	
an10.685	A-x	1602	AN10.685	rāgapeyyāla	AN10.237-746	
an10.686	A-x	1602	AN10.686	rāgapeyyāla	AN10.237-746	
an10.687	A-x	1602	AN10.687	rāgapeyyāla	AN10.237-746	
an10.688	A-x	1602	AN10.688	rāgapeyyāla	AN10.237-746	
an10.689	A-x	1602	AN10.689	rāgapeyyāla	AN10.237-746	
an10.690	A-x	1602	AN10.690	rāgapeyyāla	AN10.237-746	
an10.691	A-x	1602	AN10.691	rāgapeyyāla	AN10.237-746	
an10.692	A-x	1602	AN10.692	rāgapeyyāla	AN10.237-746	
an10.693	A-x	1602	AN10.693	rāgapeyyāla	AN10.237-746	
an10.694	A-x	1602	AN10.694	rāgapeyyāla	AN10.237-746	
an10.695	A-x	1602	AN10.695	rāgapeyyāla	AN10.237-746	
an10.696	A-x	1602	AN10.696	rāgapeyyāla	AN10.237-746	
an10.697	A-x	1602	AN10.697	rāgapeyyāla	AN10.237-746	
an10.698	A-x	1602	AN10.698	rāgapeyyāla	AN10.237-746	
an10.699	A-x	1602	AN10.699	rāgapeyyāla	AN10.237-746	
an10.700	A-x	1602	AN10.700	rāgapeyyāla	AN10.237-746	
an10.701	A-x	1602	AN10.701	rāgapeyyāla	AN10.237-746	
an10.702	A-x	1602	AN10.702	rāgapeyyāla	AN10.237-746	
an10.703	A-x	1602	AN10.703	rāgapeyyāla	AN10.237-746	
an10.704	A-x	1602	AN10.704	rāgapeyyāla	AN10.237-746	
an10.705	A-x	1602	AN10.705	rāgapeyyāla	AN10.237-746	
an10.706	A-x	1602	AN10.706	rāgapeyyāla	AN10.237-746	
an10.707	A-x	1602	AN10.707	rāgapeyyāla	AN10.237-746	
an10.708	A-x	1602	AN10.708	rāgapeyyāla	AN10.237-746	
an10.709	A-x	1602	AN10.709	rāgapeyyāla	AN10.237-746	
an10.710	A-x	1602	AN10.710	rāgapeyyāla	AN10.237-746	
an10.711	A-x	1602	AN10.711	rāgapeyyāla	AN10.237-746	
an10.712	A-x	1602	AN10.712	rāgapeyyāla	AN10.237-746	
an10.713	A-x	1602	AN10.713	rāgapeyyāla	AN10.237-746	
an10.714	A-x	1602	AN10.714	rāgapeyyāla	AN10.237-746	
an10.715	A-x	1602	AN10.715	rāgapeyyāla	AN10.237-746	
an10.716	A-x	1602	AN10.716	rāgapeyyāla	AN10.237-746	
an10.717	A-x	1602	AN10.717	rāgapeyyāla	AN10.237-746	
an10.718	A-x	1602	AN10.718	rāgapeyyāla	AN10.237-746	
an10.719	A-x	1602	AN10.719	rāgapeyyāla	AN10.237-746	
an10.720	A-x	1602	AN10.720	rāgapeyyāla	AN10.237-746	
an10.721	A-x	1602	AN10.721	rāgapeyyāla	AN10.237-746	
an10.722	A-x	1602	AN10.722	rāgapeyyāla	AN10.237-746	
an10.723	A-x	1602	AN10.723	rāgapeyyāla	AN10.237-746	
an10.724	A-x	1602	AN10.724	rāgapeyyāla	AN10.237-746	
an10.725	A-x	1602	AN10.725	rāgapeyyāla	AN10.237-746	
an10.726	A-x	1602	AN10.726	rāgapeyyāla	AN10.237-746	
an10.727	A-x	1602	AN10.727	rāgapeyyāla	AN10.237-746	
an10.728	A-x	1602	AN10.728	rāgapeyyāla	AN10.237-746	
an10.729	A-x	1602	AN10.729	rāgapeyyāla	AN10.237-746	
an10.730	A-x	1602	AN10.730	rāgapeyyāla	AN10.237-746	
an10.731	A-x	1602	AN10.731	rāgapeyyāla	AN10.237-746	
an10.732	A-x	1602	AN10.732	rāgapeyyāla	AN10.237-746	
an10.733	A-x	1602	AN10.733	rāgapeyyāla	AN10.237-746	
an10.734	A-x	1602	AN10.734	rāgapeyyāla	AN10.237-746	
an10.735	A-x	1602	AN10.735	rāgapeyyāla	AN10.237-746	
an10.736	A-x	1602	AN10.736	rāgapeyyāla	AN10.237-746	
an10.737	A-x	1602	AN10.737	rāgapeyyāla	AN10.237-746	
an10.738	A-x	1602	AN10.738	rāgapeyyāla	AN10.237-746	
an10.739	A-x	1602	AN10.739	rāgapeyyāla	AN10.237-746	
an10.740	A-x	1602	AN10.740	rāgapeyyāla	AN10.237-746	
an10.741	A-x	1602	AN10.741	rāgapeyyāla	AN10.237-746	
an10.742	A-x	1602	AN10.742	rāgapeyyāla	AN10.237-746	
an10.743	A-x	1602	AN10.743	rāgapeyyāla	AN10.237-746	
an10.744	A-x	1602	AN10.744	rāgapeyyāla	AN10.237-746	
an10.745	A-x	1602	AN10.745	rāgapeyyāla	AN10.237-746	
an10.746	A-x	1602	AN10.746	rāgapeyyāla	AN10.237-746	
an11	A-xi	3	AN11	ekādasakanipātapāḷi		
an11.1	A-xi	3	AN11.1	kimatthiyasutta		
an11.1-10	A-xi	3	AN11.1-10	nissayavagga		
an11.2	A-xi	17	AN11.2	cetanākaraṇīyasutta		
an11.3	A-xi	29	AN11.3	paṭhamaupanisāsutta		
an11.4	A-xi	34	AN11.4	dutiyaupanisāsutta		
an11.5	A-xi	40	AN11.5	tatiyaupanisāsutta		
an11.6	A-xi	45	AN11.6	byasanasutta		
an11.7	A-xi	50	AN11.7	saññāsutta		
an11.8	A-xi	61	AN11.8	manasikārasutta		
an11.9	A-xi	67	AN11.9	saddhasutta		
an11.10	A-xi	79	AN11.10	moranivāpasutta		
an11.11	A-xi	94	AN11.11	paṭhamamahānāmasutta		
an11.11-21	A-xi	94	AN11.11-21	anussativagga		
an11.12	A-xi	104	AN11.12	dutiyamahānāmasutta		
an11.13	A-xi	110	AN11.13	nandiyasutta		
an11.14	A-xi	122	AN11.14	subhūtisutta		
an11.15	A-xi	150	AN11.15	mettāsutta		
an11.16	A-xi	153	AN11.16	aṭṭhakanāgarasutta		
an11.17	A-xi	165	AN11.17	gopālasutta		
an11.18	A-xi	194	AN11.18	paṭhamasamādhisutta		
an11.19	A-xi	200	AN11.19	dutiyasamādhisutta		
an11.20	A-xi	207	AN11.20	tatiyasamādhisutta		
an11.21	A-xi	212	AN11.21	catutthasamādhisutta		
an11.22	A-xi	223	AN11.22	sāmaññavagga	AN11.22-501	
an11.22-501	A-xi	223	AN11.22-501	sāmaññavagga		
an11.23	A-xi	223	AN11.23	sāmaññavagga	AN11.22-501	
an11.24	A-xi	223	AN11.24	sāmaññavagga	AN11.22-501	
an11.25	A-xi	223	AN11.25	sāmaññavagga	AN11.22-501	
an11.26	A-xi	223	AN11.26	sāmaññavagga	AN11.22-501	
an11.27	A-xi	223	AN11.27	sāmaññavagga	AN11.22-501	
an11.28	A-xi	223	AN11.28	sāmaññavagga	AN11.22-501	
an11.29	A-xi	223	AN11.29	sāmaññavagga	AN11.22-501	
an11.30	A-xi	226	AN11.30	sāmaññavagga	AN11.22-501	
an11.31	A-xi	226	AN11.31	sāmaññavagga	AN11.22-501	
an11.32	A-xi	226	AN11.32	sāmaññavagga	AN11.22-501	
an11.33	A-xi	226	AN11.33	sāmaññavagga	AN11.22-501	
an11.34	A-xi	226	AN11.34	sāmaññavagga	AN11.22-501	
an11.35	A-xi	226	AN11.35	sāmaññavagga	AN11.22-501	
an11.36	A-xi	226	AN11.36	sāmaññavagga	AN11.22-501	
an11.37	A-xi	226	AN11.37	sāmaññavagga	AN11.22-501	
an11.38	A-xi	226	AN11.38	sāmaññavagga	AN11.22-501	
an11.39	A-xi	226	AN11.39	sāmaññavagga	AN11.22-501	
an11.40	A-xi	226	AN11.40	sāmaññavagga	AN11.22-501	
an11.41	A-xi	226	AN11.41	sāmaññavagga	AN11.22-501	
an11.42	A-xi	226	AN11.42	sāmaññavagga	AN11.22-501	
an11.43	A-xi	226	AN11.43	sāmaññavagga	AN11.22-501	
an11.44	A-xi	226	AN11.44	sāmaññavagga	AN11.22-501	
an11.45	A-xi	226	AN11.45	sāmaññavagga	AN11.22-501	
an11.46	A-xi	226	AN11.46	sāmaññavagga	AN11.22-501	
an11.47	A-xi	226	AN11.47	sāmaññavagga	AN11.22-501	
an11.48	A-xi	226	AN11.48	sāmaññavagga	AN11.22-501	
an11.49	A-xi	226	AN11.49	sāmaññavagga	AN11.22-501	
an11.50	A-xi	226	AN11.50	sāmaññavagga	AN11.22-501	
an11.51	A-xi	226	AN11.51	sāmaññavagga	AN11.22-501	
an11.52	A-xi	226	AN11.52	sāmaññavagga	AN11.22-501	
an11.53	A-xi	226	AN11.53	sāmaññavagga	AN11.22-501	
an11.54	A-xi	226	AN11.54	sāmaññavagga	AN11.22-501	
an11.55	A-xi	226	AN11.55	sāmaññavagga	AN11.22-501	
an11.56	A-xi	226	AN11.56	sāmaññavagga	AN11.22-501	
an11.57	A-xi	226	AN11.57	sāmaññavagga	AN11.22-501	
an11.58	A-xi	226	AN11.58	sāmaññavagga	AN11.22-501	
an11.59	A-xi	226	AN11.59	sāmaññavagga	AN11.22-501	
an11.60	A-xi	226	AN11.60	sāmaññavagga	AN11.22-501	
an11.61	A-xi	226	AN11.61	sāmaññavagga	AN11.22-501	
an11.62	A-xi	226	AN11.62	sāmaññavagga	AN11.22-501	
an11.63	A-xi	226	AN11.63	sāmaññavagga	AN11.22-501	
an11.64	A-xi	226	AN11.64	sāmaññavagga	AN11.22-501	
an11.65	A-xi	226	AN11.65	sāmaññavagga	AN11.22-501	
an11.66	A-xi	226	AN11.66	sāmaññavagga	AN11.22-501	
an11.67	A-xi	226	AN11.67	sāmaññavagga	AN11.22-501	
an11.68	A-xi	226	AN11.68	sāmaññavagga	AN11.22-501	
an11.69	A-xi	226	AN11.69	sāmaññavagga	AN11.22-501	
an11.70	A-xi	227	AN11.70	sāmaññavagga	AN11.22-501	
an11.71	A-xi	227	AN11.71	sāmaññavagga	AN11.22-501	
an11.72	A-xi	227	AN11.72	sāmaññavagga	AN11.22-501	
an11.73	A-xi	227	AN11.73	sāmaññavagga	AN11.22-501	
an11.74	A-xi	227	AN11.74	sāmaññavagga	AN11.22-501	
an11.75	A-xi	227	AN11.75	sāmaññavagga	AN11.22-501	
an11.76	A-xi	227	AN11.76	sāmaññavagga	AN11.22-501	
an11.77	A-xi	227	AN11.77	sāmaññavagga	AN11.22-501	
an11.78	A-xi	227	AN11.78	sāmaññavagga	AN11.22-501	
an11.79	A-xi	227	AN11.79	sāmaññavagga	AN11.22-501	
an11.80	A-xi	227	AN11.80	sāmaññavagga	AN11.22-501	
an11.81	A-xi	227	AN11.81	sāmaññavagga	AN11.22-501	
an11.82	A-xi	227	AN11.82	sāmaññavagga	AN11.22-501	
an11.83	A-xi	227	AN11.83	sāmaññavagga	AN11.22-501	
an11.84	A-xi	227	AN11.84	sāmaññavagga	AN11.22-501	
an11.85	A-xi	227	AN11.85	sāmaññavagga	AN11.22-501	
an11.86	A-xi	227	AN11.86	sāmaññavagga	AN11.22-501	
an11.87	A-xi	227	AN11.87	sāmaññavagga	AN11.22-501	
an11.88	A-xi	227	AN11.88	sāmaññavagga	AN11.22-501	
an11.89	A-xi	227	AN11.89	sāmaññavagga	AN11.22-501	
an11.90	A-xi	227	AN11.90	sāmaññavagga	AN11.22-501	
an11.91	A-xi	227	AN11.91	sāmaññavagga	AN11.22-501	
an11.92	A-xi	227	AN11.92	sāmaññavagga	AN11.22-501	
an11.93	A-xi	227	AN11.93	sāmaññavagga	AN11.22-501	
an11.94	A-xi	227	AN11.94	sāmaññavagga	AN11.22-501	
an11.95	A-xi	227	AN11.95	sāmaññavagga	AN11.22-501	
an11.96	A-xi	227	AN11.96	sāmaññavagga	AN11.22-501	
an11.97	A-xi	227	AN11.97	sāmaññavagga	AN11.22-501	
an11.98	A-xi	227	AN11.98	sāmaññavagga	AN11.22-501	
an11.99	A-xi	227	AN11.99	sāmaññavagga	AN11.22-501	
an11.100	A-xi	227	AN11.100	sāmaññavagga	AN11.22-501	
an11.101	A-xi	227	AN11.101	sāmaññavagga	AN11.22-501	
an11.102	A-xi	227	AN11.102	sāmaññavagga	AN11.22-501	
an11.103	A-xi	227	AN11.103	sāmaññavagga	AN11.22-501	
an11.104	A-xi	227	AN11.104	sāmaññavagga	AN11.22-501	
an11.105	A-xi	227	AN11.105	sāmaññavagga	AN11.22-501	
an11.106	A-xi	227	AN11.106	sāmaññavagga	AN11.22-501	
an11.107	A-xi	227	AN11.107	sāmaññavagga	AN11.22-501	
an11.108	A-xi	227	AN11.108	sāmaññavagga	AN11.22-501	
an11.109	A-xi	227	AN11.109	sāmaññavagga	AN11.22-501	
an11.110	A-xi	227	AN11.110	sāmaññavagga	AN11.22-501	
an11.111	A-xi	227	AN11.111	sāmaññavagga	AN11.22-501	
an11.112	A-xi	227	AN11.112	sāmaññavagga	AN11.22-501	
an11.113	A-xi	227	AN11.113	sāmaññavagga	AN11.22-501	
an11.114	A-xi	227	AN11.114	sāmaññavagga	AN11.22-501	
an11.115	A-xi	227	AN11.115	sāmaññavagga	AN11.22-501	
an11.116	A-xi	227	AN11.116	sāmaññavagga	AN11.22-501	
an11.117	A-xi	227	AN11.117	sāmaññavagga	AN11.22-501	
an11.118	A-xi	228	AN11.118	sāmaññavagga	AN11.22-501	
an11.119	A-xi	228	AN11.119	sāmaññavagga	AN11.22-501	
an11.120	A-xi	228	AN11.120	sāmaññavagga	AN11.22-501	
an11.121	A-xi	228	AN11.121	sāmaññavagga	AN11.22-501	
an11.122	A-xi	228	AN11.122	sāmaññavagga	AN11.22-501	
an11.123	A-xi	228	AN11.123	sāmaññavagga	AN11.22-501	
an11.124	A-xi	228	AN11.124	sāmaññavagga	AN11.22-501	
an11.125	A-xi	228	AN11.125	sāmaññavagga	AN11.22-501	
an11.126	A-xi	228	AN11.126	sāmaññavagga	AN11.22-501	
an11.127	A-xi	228	AN11.127	sāmaññavagga	AN11.22-501	
an11.128	A-xi	228	AN11.128	sāmaññavagga	AN11.22-501	
an11.129	A-xi	228	AN11.129	sāmaññavagga	AN11.22-501	
an11.130	A-xi	228	AN11.130	sāmaññavagga	AN11.22-501	
an11.131	A-xi	228	AN11.131	sāmaññavagga	AN11.22-501	
an11.132	A-xi	228	AN11.132	sāmaññavagga	AN11.22-501	
an11.133	A-xi	228	AN11.133	sāmaññavagga	AN11.22-501	
an11.134	A-xi	228	AN11.134	sāmaññavagga	AN11.22-501	
an11.135	A-xi	228	AN11.135	sāmaññavagga	AN11.22-501	
an11.136	A-xi	228	AN11.136	sāmaññavagga	AN11.22-501	
an11.137	A-xi	228	AN11.137	sāmaññavagga	AN11.22-501	
an11.138	A-xi	228	AN11.138	sāmaññavagga	AN11.22-501	
an11.139	A-xi	228	AN11.139	sāmaññavagga	AN11.22-501	
an11.140	A-xi	228	AN11.140	sāmaññavagga	AN11.22-501	
an11.141	A-xi	228	AN11.141	sāmaññavagga	AN11.22-501	
an11.142	A-xi	228	AN11.142	sāmaññavagga	AN11.22-501	
an11.143	A-xi	228	AN11.143	sāmaññavagga	AN11.22-501	
an11.144	A-xi	228	AN11.144	sāmaññavagga	AN11.22-501	
an11.145	A-xi	228	AN11.145	sāmaññavagga	AN11.22-501	
an11.146	A-xi	228	AN11.146	sāmaññavagga	AN11.22-501	
an11.147	A-xi	228	AN11.147	sāmaññavagga	AN11.22-501	
an11.148	A-xi	228	AN11.148	sāmaññavagga	AN11.22-501	
an11.149	A-xi	228	AN11.149	sāmaññavagga	AN11.22-501	
an11.150	A-xi	228	AN11.150	sāmaññavagga	AN11.22-501	
an11.151	A-xi	228	AN11.151	sāmaññavagga	AN11.22-501	
an11.152	A-xi	228	AN11.152	sāmaññavagga	AN11.22-501	
an11.153	A-xi	228	AN11.153	sāmaññavagga	AN11.22-501	
an11.154	A-xi	228	AN11.154	sāmaññavagga	AN11.22-501	
an11.155	A-xi	228	AN11.155	sāmaññavagga	AN11.22-501	
an11.156	A-xi	228	AN11.156	sāmaññavagga	AN11.22-501	
an11.157	A-xi	228	AN11.157	sāmaññavagga	AN11.22-501	
an11.158	A-xi	228	AN11.158	sāmaññavagga	AN11.22-501	
an11.159	A-xi	228	AN11.159	sāmaññavagga	AN11.22-501	
an11.160	A-xi	228	AN11.160	sāmaññavagga	AN11.22-501	
an11.161	A-xi	228	AN11.161	sāmaññavagga	AN11.22-501	
an11.162	A-xi	228	AN11.162	sāmaññavagga	AN11.22-501	
an11.163	A-xi	228	AN11.163	sāmaññavagga	AN11.22-501	
an11.164	A-xi	228	AN11.164	sāmaññavagga	AN11.22-501	
an11.165	A-xi	228	AN11.165	sāmaññavagga	AN11.22-501	
an11.166	A-xi	229	AN11.166	sāmaññavagga	AN11.22-501	
an11.167	A-xi	229	AN11.167	sāmaññavagga	AN11.22-501	
an11.168	A-xi	229	AN11.168	sāmaññavagga	AN11.22-501	
an11.169	A-xi	229	AN11.169	sāmaññavagga	AN11.22-501	
an11.170	A-xi	229	AN11.170	sāmaññavagga	AN11.22-501	
an11.171	A-xi	229	AN11.171	sāmaññavagga	AN11.22-501	
an11.172	A-xi	229	AN11.172	sāmaññavagga	AN11.22-501	
an11.173	A-xi	229	AN11.173	sāmaññavagga	AN11.22-501	
an11.174	A-xi	229	AN11.174	sāmaññavagga	AN11.22-501	
an11.175	A-xi	229	AN11.175	sāmaññavagga	AN11.22-501	
an11.176	A-xi	229	AN11.176	sāmaññavagga	AN11.22-501	
an11.177	A-xi	229	AN11.177	sāmaññavagga	AN11.22-501	
an11.178	A-xi	229	AN11.178	sāmaññavagga	AN11.22-501	
an11.179	A-xi	229	AN11.179	sāmaññavagga	AN11.22-501	
an11.180	A-xi	229	AN11.180	sāmaññavagga	AN11.22-501	
an11.181	A-xi	229	AN11.181	sāmaññavagga	AN11.22-501	
an11.182	A-xi	229	AN11.182	sāmaññavagga	AN11.22-501	
an11.183	A-xi	229	AN11.183	sāmaññavagga	AN11.22-501	
an11.184	A-xi	229	AN11.184	sāmaññavagga	AN11.22-501	
an11.185	A-xi	229	AN11.185	sāmaññavagga	AN11.22-501	
an11.186	A-xi	229	AN11.186	sāmaññavagga	AN11.22-501	
an11.187	A-xi	229	AN11.187	sāmaññavagga	AN11.22-501	
an11.188	A-xi	229	AN11.188	sāmaññavagga	AN11.22-501	
an11.189	A-xi	229	AN11.189	sāmaññavagga	AN11.22-501	
an11.190	A-xi	229	AN11.190	sāmaññavagga	AN11.22-501	
an11.191	A-xi	229	AN11.191	sāmaññavagga	AN11.22-501	
an11.192	A-xi	229	AN11.192	sāmaññavagga	AN11.22-501	
an11.193	A-xi	229	AN11.193	sāmaññavagga	AN11.22-501	
an11.194	A-xi	229	AN11.194	sāmaññavagga	AN11.22-501	
an11.195	A-xi	229	AN11.195	sāmaññavagga	AN11.22-501	
an11.196	A-xi	229	AN11.196	sāmaññavagga	AN11.22-501	
an11.197	A-xi	229	AN11.197	sāmaññavagga	AN11.22-501	
an11.198	A-xi	229	AN11.198	sāmaññavagga	AN11.22-501	
an11.199	A-xi	229	AN11.199	sāmaññavagga	AN11.22-501	
an11.200	A-xi	229	AN11.200	sāmaññavagga	AN11.22-501	
an11.201	A-xi	229	AN11.201	sāmaññavagga	AN11.22-501	
an11.202	A-xi	229	AN11.202	sāmaññavagga	AN11.22-501	
an11.203	A-xi	229	AN11.203	sāmaññavagga	AN11.22-501	
an11.204	A-xi	229	AN11.204	sāmaññavagga	AN11.22-501	
an11.205	A-xi	229	AN11.205	sāmaññavagga	AN11.22-501	
an11.206	A-xi	229	AN11.206	sāmaññavagga	AN11.22-501	
an11.207	A-xi	229	AN11.207	sāmaññavagga	AN11.22-501	
an11.208	A-xi	229	AN11.208	sāmaññavagga	AN11.22-501	
an11.209	A-xi	229	AN11.209	sāmaññavagga	AN11.22-501	
an11.210	A-xi	229	AN11.210	sāmaññavagga	AN11.22-501	
an11.211	A-xi	229	AN11.211	sāmaññavagga	AN11.22-501	
an11.212	A-xi	229	AN11.212	sāmaññavagga	AN11.22-501	
an11.213	A-xi	229	AN11.213	sāmaññavagga	AN11.22-501	
an11.214	A-xi	230	AN11.214	sāmaññavagga	AN11.22-501	
an11.215	A-xi	230	AN11.215	sāmaññavagga	AN11.22-501	
an11.216	A-xi	230	AN11.216	sāmaññavagga	AN11.22-501	
an11.217	A-xi	230	AN11.217	sāmaññavagga	AN11.22-501	
an11.218	A-xi	230	AN11.218	sāmaññavagga	AN11.22-501	
an11.219	A-xi	230	AN11.219	sāmaññavagga	AN11.22-501	
an11.220	A-xi	230	AN11.220	sāmaññavagga	AN11.22-501	
an11.221	A-xi	230	AN11.221	sāmaññavagga	AN11.22-501	
an11.222	A-xi	230	AN11.222	sāmaññavagga	AN11.22-501	
an11.223	A-xi	230	AN11.223	sāmaññavagga	AN11.22-501	
an11.224	A-xi	230	AN11.224	sāmaññavagga	AN11.22-501	
an11.225	A-xi	230	AN11.225	sāmaññavagga	AN11.22-501	
an11.226	A-xi	230	AN11.226	sāmaññavagga	AN11.22-501	
an11.227	A-xi	230	AN11.227	sāmaññavagga	AN11.22-501	
an11.228	A-xi	230	AN11.228	sāmaññavagga	AN11.22-501	
an11.229	A-xi	230	AN11.229	sāmaññavagga	AN11.22-501	
an11.230	A-xi	230	AN11.230	sāmaññavagga	AN11.22-501	
an11.231	A-xi	230	AN11.231	sāmaññavagga	AN11.22-501	
an11.232	A-xi	230	AN11.232	sāmaññavagga	AN11.22-501	
an11.233	A-xi	230	AN11.233	sāmaññavagga	AN11.22-501	
an11.234	A-xi	230	AN11.234	sāmaññavagga	AN11.22-501	
an11.235	A-xi	230	AN11.235	sāmaññavagga	AN11.22-501	
an11.236	A-xi	230	AN11.236	sāmaññavagga	AN11.22-501	
an11.237	A-xi	230	AN11.237	sāmaññavagga	AN11.22-501	
an11.238	A-xi	230	AN11.238	sāmaññavagga	AN11.22-501	
an11.239	A-xi	230	AN11.239	sāmaññavagga	AN11.22-501	
an11.240	A-xi	230	AN11.240	sāmaññavagga	AN11.22-501	
an11.241	A-xi	230	AN11.241	sāmaññavagga	AN11.22-501	
an11.242	A-xi	230	AN11.242	sāmaññavagga	AN11.22-501	
an11.243	A-xi	230	AN11.243	sāmaññavagga	AN11.22-501	
an11.244	A-xi	230	AN11.244	sāmaññavagga	AN11.22-501	
an11.245	A-xi	230	AN11.245	sāmaññavagga	AN11.22-501	
an11.246	A-xi	230	AN11.246	sāmaññavagga	AN11.22-501	
an11.247	A-xi	230	AN11.247	sāmaññavagga	AN11.22-501	
an11.248	A-xi	230	AN11.248	sāmaññavagga	AN11.22-501	
an11.249	A-xi	230	AN11.249	sāmaññavagga	AN11.22-501	
an11.250	A-xi	230	AN11.250	sāmaññavagga	AN11.22-501	
an11.251	A-xi	230	AN11.251	sāmaññavagga	AN11.22-501	
an11.252	A-xi	230	AN11.252	sāmaññavagga	AN11.22-501	
an11.253	A-xi	230	AN11.253	sāmaññavagga	AN11.22-501	
an11.254	A-xi	230	AN11.254	sāmaññavagga	AN11.22-501	
an11.255	A-xi	230	AN11.255	sāmaññavagga	AN11.22-501	
an11.256	A-xi	230	AN11.256	sāmaññavagga	AN11.22-501	
an11.257	A-xi	230	AN11.257	sāmaññavagga	AN11.22-501	
an11.258	A-xi	230	AN11.258	sāmaññavagga	AN11.22-501	
an11.259	A-xi	230	AN11.259	sāmaññavagga	AN11.22-501	
an11.260	A-xi	230	AN11.260	sāmaññavagga	AN11.22-501	
an11.261	A-xi	230	AN11.261	sāmaññavagga	AN11.22-501	
an11.262	A-xi	231	AN11.262	sāmaññavagga	AN11.22-501	
an11.263	A-xi	231	AN11.263	sāmaññavagga	AN11.22-501	
an11.264	A-xi	231	AN11.264	sāmaññavagga	AN11.22-501	
an11.265	A-xi	231	AN11.265	sāmaññavagga	AN11.22-501	
an11.266	A-xi	231	AN11.266	sāmaññavagga	AN11.22-501	
an11.267	A-xi	231	AN11.267	sāmaññavagga	AN11.22-501	
an11.268	A-xi	231	AN11.268	sāmaññavagga	AN11.22-501	
an11.269	A-xi	231	AN11.269	sāmaññavagga	AN11.22-501	
an11.270	A-xi	231	AN11.270	sāmaññavagga	AN11.22-501	
an11.271	A-xi	231	AN11.271	sāmaññavagga	AN11.22-501	
an11.272	A-xi	231	AN11.272	sāmaññavagga	AN11.22-501	
an11.273	A-xi	231	AN11.273	sāmaññavagga	AN11.22-501	
an11.274	A-xi	231	AN11.274	sāmaññavagga	AN11.22-501	
an11.275	A-xi	231	AN11.275	sāmaññavagga	AN11.22-501	
an11.276	A-xi	231	AN11.276	sāmaññavagga	AN11.22-501	
an11.277	A-xi	231	AN11.277	sāmaññavagga	AN11.22-501	
an11.278	A-xi	231	AN11.278	sāmaññavagga	AN11.22-501	
an11.279	A-xi	231	AN11.279	sāmaññavagga	AN11.22-501	
an11.280	A-xi	231	AN11.280	sāmaññavagga	AN11.22-501	
an11.281	A-xi	231	AN11.281	sāmaññavagga	AN11.22-501	
an11.282	A-xi	231	AN11.282	sāmaññavagga	AN11.22-501	
an11.283	A-xi	231	AN11.283	sāmaññavagga	AN11.22-501	
an11.284	A-xi	231	AN11.284	sāmaññavagga	AN11.22-501	
an11.285	A-xi	231	AN11.285	sāmaññavagga	AN11.22-501	
an11.286	A-xi	231	AN11.286	sāmaññavagga	AN11.22-501	
an11.287	A-xi	231	AN11.287	sāmaññavagga	AN11.22-501	
an11.288	A-xi	231	AN11.288	sāmaññavagga	AN11.22-501	
an11.289	A-xi	231	AN11.289	sāmaññavagga	AN11.22-501	
an11.290	A-xi	231	AN11.290	sāmaññavagga	AN11.22-501	
an11.291	A-xi	231	AN11.291	sāmaññavagga	AN11.22-501	
an11.292	A-xi	231	AN11.292	sāmaññavagga	AN11.22-501	
an11.293	A-xi	231	AN11.293	sāmaññavagga	AN11.22-501	
an11.294	A-xi	231	AN11.294	sāmaññavagga	AN11.22-501	
an11.295	A-xi	231	AN11.295	sāmaññavagga	AN11.22-501	
an11.296	A-xi	231	AN11.296	sāmaññavagga	AN11.22-501	
an11.297	A-xi	231	AN11.297	sāmaññavagga	AN11.22-501	
an11.298	A-xi	231	AN11.298	sāmaññavagga	AN11.22-501	
an11.299	A-xi	231	AN11.299	sāmaññavagga	AN11.22-501	
an11.300	A-xi	231	AN11.300	sāmaññavagga	AN11.22-501	
an11.301	A-xi	231	AN11.301	sāmaññavagga	AN11.22-501	
an11.302	A-xi	231	AN11.302	sāmaññavagga	AN11.22-501	
an11.303	A-xi	231	AN11.303	sāmaññavagga	AN11.22-501	
an11.304	A-xi	231	AN11.304	sāmaññavagga	AN11.22-501	
an11.305	A-xi	231	AN11.305	sāmaññavagga	AN11.22-501	
an11.306	A-xi	231	AN11.306	sāmaññavagga	AN11.22-501	
an11.307	A-xi	231	AN11.307	sāmaññavagga	AN11.22-501	
an11.308	A-xi	231	AN11.308	sāmaññavagga	AN11.22-501	
an11.309	A-xi	231	AN11.309	sāmaññavagga	AN11.22-501	
an11.310	A-xi	232	AN11.310	sāmaññavagga	AN11.22-501	
an11.311	A-xi	232	AN11.311	sāmaññavagga	AN11.22-501	
an11.312	A-xi	232	AN11.312	sāmaññavagga	AN11.22-501	
an11.313	A-xi	232	AN11.313	sāmaññavagga	AN11.22-501	
an11.314	A-xi	232	AN11.314	sāmaññavagga	AN11.22-501	
an11.315	A-xi	232	AN11.315	sāmaññavagga	AN11.22-501	
an11.316	A-xi	232	AN11.316	sāmaññavagga	AN11.22-501	
an11.317	A-xi	232	AN11.317	sāmaññavagga	AN11.22-501	
an11.318	A-xi	232	AN11.318	sāmaññavagga	AN11.22-501	
an11.319	A-xi	232	AN11.319	sāmaññavagga	AN11.22-501	
an11.320	A-xi	232	AN11.320	sāmaññavagga	AN11.22-501	
an11.321	A-xi	232	AN11.321	sāmaññavagga	AN11.22-501	
an11.322	A-xi	232	AN11.322	sāmaññavagga	AN11.22-501	
an11.323	A-xi	232	AN11.323	sāmaññavagga	AN11.22-501	
an11.324	A-xi	232	AN11.324	sāmaññavagga	AN11.22-501	
an11.325	A-xi	232	AN11.325	sāmaññavagga	AN11.22-501	
an11.326	A-xi	232	AN11.326	sāmaññavagga	AN11.22-501	
an11.327	A-xi	232	AN11.327	sāmaññavagga	AN11.22-501	
an11.328	A-xi	232	AN11.328	sāmaññavagga	AN11.22-501	
an11.329	A-xi	232	AN11.329	sāmaññavagga	AN11.22-501	
an11.330	A-xi	232	AN11.330	sāmaññavagga	AN11.22-501	
an11.331	A-xi	232	AN11.331	sāmaññavagga	AN11.22-501	
an11.332	A-xi	232	AN11.332	sāmaññavagga	AN11.22-501	
an11.333	A-xi	232	AN11.333	sāmaññavagga	AN11.22-501	
an11.334	A-xi	232	AN11.334	sāmaññavagga	AN11.22-501	
an11.335	A-xi	232	AN11.335	sāmaññavagga	AN11.22-501	
an11.336	A-xi	232	AN11.336	sāmaññavagga	AN11.22-501	
an11.337	A-xi	232	AN11.337	sāmaññavagga	AN11.22-501	
an11.338	A-xi	232	AN11.338	sāmaññavagga	AN11.22-501	
an11.339	A-xi	232	AN11.339	sāmaññavagga	AN11.22-501	
an11.340	A-xi	232	AN11.340	sāmaññavagga	AN11.22-501	
an11.341	A-xi	232	AN11.341	sāmaññavagga	AN11.22-501	
an11.342	A-xi	232	AN11.342	sāmaññavagga	AN11.22-501	
an11.343	A-xi	232	AN11.343	sāmaññavagga	AN11.22-501	
an11.344	A-xi	232	AN11.344	sāmaññavagga	AN11.22-501	
an11.345	A-xi	232	AN11.345	sāmaññavagga	AN11.22-501	
an11.346	A-xi	232	AN11.346	sāmaññavagga	AN11.22-501	
an11.347	A-xi	232	AN11.347	sāmaññavagga	AN11.22-501	
an11.348	A-xi	232	AN11.348	sāmaññavagga	AN11.22-501	
an11.349	A-xi	232	AN11.349	sāmaññavagga	AN11.22-501	
an11.350	A-xi	232	AN11.350	sāmaññavagga	AN11.22-501	
an11.351	A-xi	232	AN11.351	sāmaññavagga	AN11.22-501	
an11.352	A-xi	232	AN11.352	sāmaññavagga	AN11.22-501	
an11.353	A-xi	232	AN11.353	sāmaññavagga	AN11.22-501	
an11.354	A-xi	232	AN11.354	sāmaññavagga	AN11.22-501	
an11.355	A-xi	232	AN11.355	sāmaññavagga	AN11.22-501	
an11.356	A-xi	232	AN11.356	sāmaññavagga	AN11.22-501	
an11.357	A-xi	232	AN11.357	sāmaññavagga	AN11.22-501	
an11.358	A-xi	233	AN11.358	sāmaññavagga	AN11.22-501	
an11.359	A-xi	233	AN11.359	sāmaññavagga	AN11.22-501	
an11.360	A-xi	233	AN11.360	sāmaññavagga	AN11.22-501	
an11.361	A-xi	233	AN11.361	sāmaññavagga	AN11.22-501	
an11.362	A-xi	233	AN11.362	sāmaññavagga	AN11.22-501	
an11.363	A-xi	233	AN11.363	sāmaññavagga	AN11.22-501	
an11.364	A-xi	233	AN11.364	sāmaññavagga	AN11.22-501	
an11.365	A-xi	233	AN11.365	sāmaññavagga	AN11.22-501	
an11.366	A-xi	233	AN11.366	sāmaññavagga	AN11.22-501	
an11.367	A-xi	233	AN11.367	sāmaññavagga	AN11.22-501	
an11.368	A-xi	233	AN11.368	sāmaññavagga	AN11.22-501	
an11.369	A-xi	233	AN11.369	sāmaññavagga	AN11.22-501	
an11.370	A-xi	233	AN11.370	sāmaññavagga	AN11.22-501	
an11.371	A-xi	233	AN11.371	sāmaññavagga	AN11.22-501	
an11.372	A-xi	233	AN11.372	sāmaññavagga	AN11.22-501	
an11.373	A-xi	233	AN11.373	sāmaññavagga	AN11.22-501	
an11.374	A-xi	233	AN11.374	sāmaññavagga	AN11.22-501	
an11.375	A-xi	233	AN11.375	sāmaññavagga	AN11.22-501	
an11.376	A-xi	233	AN11.376	sāmaññavagga	AN11.22-501	
an11.377	A-xi	233	AN11.377	sāmaññavagga	AN11.22-501	
an11.378	A-xi	233	AN11.378	sāmaññavagga	AN11.22-501	
an11.379	A-xi	233	AN11.379	sāmaññavagga	AN11.22-501	
an11.380	A-xi	233	AN11.380	sāmaññavagga	AN11.22-501	
an11.381	A-xi	233	AN11.381	sāmaññavagga	AN11.22-501	
an11.382	A-xi	233	AN11.382	sāmaññavagga	AN11.22-501	
an11.383	A-xi	233	AN11.383	sāmaññavagga	AN11.22-501	
an11.384	A-xi	233	AN11.384	sāmaññavagga	AN11.22-501	
an11.385	A-xi	233	AN11.385	sāmaññavagga	AN11.22-501	
an11.386	A-xi	233	AN11.386	sāmaññavagga	AN11.22-501	
an11.387	A-xi	233	AN11.387	sāmaññavagga	AN11.22-501	
an11.388	A-xi	233	AN11.388	sāmaññavagga	AN11.22-501	
an11.389	A-xi	233	AN11.389	sāmaññavagga	AN11.22-501	
an11.390	A-xi	233	AN11.390	sāmaññavagga	AN11.22-501	
an11.391	A-xi	233	AN11.391	sāmaññavagga	AN11.22-501	
an11.392	A-xi	233	AN11.392	sāmaññavagga	AN11.22-501	
an11.393	A-xi	233	AN11.393	sāmaññavagga	AN11.22-501	
an11.394	A-xi	233	AN11.394	sāmaññavagga	AN11.22-501	
an11.395	A-xi	233	AN11.395	sāmaññavagga	AN11.22-501	
an11.396	A-xi	233	AN11.396	sāmaññavagga	AN11.22-501	
an11.397	A-xi	233	AN11.397	sāmaññavagga	AN11.22-501	
an11.398	A-xi	233	AN11.398	sāmaññavagga	AN11.22-501	
an11.399	A-xi	233	AN11.399	sāmaññavagga	AN11.22-501	
an11.400	A-xi	233	AN11.400	sāmaññavagga	AN11.22-501	
an11.401	A-xi	233	AN11.401	sāmaññavagga	AN11.22-501	
an11.402	A-xi	233	AN11.402	sāmaññavagga	AN11.22-501	
an11.403	A-xi	233	AN11.403	sāmaññavagga	AN11.22-501	
an11.404	A-xi	233	AN11.404	sāmaññavagga	AN11.22-501	
an11.405	A-xi	233	AN11.405	sāmaññavagga	AN11.22-501	
an11.406	A-xi	234	AN11.406	sāmaññavagga	AN11.22-501	
an11.407	A-xi	234	AN11.407	sāmaññavagga	AN11.22-501	
an11.408	A-xi	234	AN11.408	sāmaññavagga	AN11.22-501	
an11.409	A-xi	234	AN11.409	sāmaññavagga	AN11.22-501	
an11.410	A-xi	234	AN11.410	sāmaññavagga	AN11.22-501	
an11.411	A-xi	234	AN11.411	sāmaññavagga	AN11.22-501	
an11.412	A-xi	234	AN11.412	sāmaññavagga	AN11.22-501	
an11.413	A-xi	234	AN11.413	sāmaññavagga	AN11.22-501	
an11.414	A-xi	234	AN11.414	sāmaññavagga	AN11.22-501	
an11.415	A-xi	234	AN11.415	sāmaññavagga	AN11.22-501	
an11.416	A-xi	234	AN11.416	sāmaññavagga	AN11.22-501	
an11.417	A-xi	234	AN11.417	sāmaññavagga	AN11.22-501	
an11.418	A-xi	234	AN11.418	sāmaññavagga	AN11.22-501	
an11.419	A-xi	234	AN11.419	sāmaññavagga	AN11.22-501	
an11.420	A-xi	234	AN11.420	sāmaññavagga	AN11.22-501	
an11.421	A-xi	234	AN11.421	sāmaññavagga	AN11.22-501	
an11.422	A-xi	234	AN11.422	sāmaññavagga	AN11.22-501	
an11.423	A-xi	234	AN11.423	sāmaññavagga	AN11.22-501	
an11.424	A-xi	234	AN11.424	sāmaññavagga	AN11.22-501	
an11.425	A-xi	234	AN11.425	sāmaññavagga	AN11.22-501	
an11.426	A-xi	234	AN11.426	sāmaññavagga	AN11.22-501	
an11.427	A-xi	234	AN11.427	sāmaññavagga	AN11.22-501	
an11.428	A-xi	234	AN11.428	sāmaññavagga	AN11.22-501	
an11.429	A-xi	234	AN11.429	sāmaññavagga	AN11.22-501	
an11.430	A-xi	234	AN11.430	sāmaññavagga	AN11.22-501	
an11.431	A-xi	234	AN11.431	sāmaññavagga	AN11.22-501	
an11.432	A-xi	234	AN11.432	sāmaññavagga	AN11.22-501	
an11.433	A-xi	234	AN11.433	sāmaññavagga	AN11.22-501	
an11.434	A-xi	234	AN11.434	sāmaññavagga	AN11.22-501	
an11.435	A-xi	234	AN11.435	sāmaññavagga	AN11.22-501	
an11.436	A-xi	234	AN11.436	sāmaññavagga	AN11.22-501	
an11.437	A-xi	234	AN11.437	sāmaññavagga	AN11.22-501	
an11.438	A-xi	234	AN11.438	sāmaññavagga	AN11.22-501	
an11.439	A-xi	234	AN11.439	sāmaññavagga	AN11.22-501	
an11.440	A-xi	234	AN11.440	sāmaññavagga	AN11.22-501	
an11.441	A-xi	234	AN11.441	sāmaññavagga	AN11.22-501	
an11.442	A-xi	234	AN11.442	sāmaññavagga	AN11.22-501	
an11.443	A-xi	234	AN11.443	sāmaññavagga	AN11.22-501	
an11.444	A-xi	234	AN11.444	sāmaññavagga	AN11.22-501	
an11.445	A-xi	234	AN11.445	sāmaññavagga	AN11.22-501	
an11.446	A-xi	234	AN11.446	sāmaññavagga	AN11.22-501	
an11.447	A-xi	234	AN11.447	sāmaññavagga	AN11.22-501	
an11.448	A-xi	234	AN11.448	sāmaññavagga	AN11.22-501	
an11.449	A-xi	234	AN11.449	sāmaññavagga	AN11.22-501	
an11.450	A-xi	234	AN11.450	sāmaññavagga	AN11.22-501	
an11.451	A-xi	234	AN11.451	sāmaññavagga	AN11.22-501	
an11.452	A-xi	234	AN11.452	sāmaññavagga	AN11.22-501	
an11.453	A-xi	234	AN11.453	sāmaññavagga	AN11.22-501	
an11.454	A-xi	235	AN11.454	sāmaññavagga	AN11.22-501	
an11.455	A-xi	235	AN11.455	sāmaññavagga	AN11.22-501	
an11.456	A-xi	235	AN11.456	sāmaññavagga	AN11.22-501	
an11.457	A-xi	235	AN11.457	sāmaññavagga	AN11.22-501	
an11.458	A-xi	235	AN11.458	sāmaññavagga	AN11.22-501	
an11.459	A-xi	235	AN11.459	sāmaññavagga	AN11.22-501	
an11.460	A-xi	235	AN11.460	sāmaññavagga	AN11.22-501	
an11.461	A-xi	235	AN11.461	sāmaññavagga	AN11.22-501	
an11.462	A-xi	235	AN11.462	sāmaññavagga	AN11.22-501	
an11.463	A-xi	235	AN11.463	sāmaññavagga	AN11.22-501	
an11.464	A-xi	235	AN11.464	sāmaññavagga	AN11.22-501	
an11.465	A-xi	235	AN11.465	sāmaññavagga	AN11.22-501	
an11.466	A-xi	235	AN11.466	sāmaññavagga	AN11.22-501	
an11.467	A-xi	235	AN11.467	sāmaññavagga	AN11.22-501	
an11.468	A-xi	235	AN11.468	sāmaññavagga	AN11.22-501	
an11.469	A-xi	235	AN11.469	sāmaññavagga	AN11.22-501	
an11.470	A-xi	235	AN11.470	sāmaññavagga	AN11.22-501	
an11.471	A-xi	235	AN11.471	sāmaññavagga	AN11.22-501	
an11.472	A-xi	235	AN11.472	sāmaññavagga	AN11.22-501	
an11.473	A-xi	235	AN11.473	sāmaññavagga	AN11.22-501	
an11.474	A-xi	235	AN11.474	sāmaññavagga	AN11.22-501	
an11.475	A-xi	235	AN11.475	sāmaññavagga	AN11.22-501	
an11.476	A-xi	235	AN11.476	sāmaññavagga	AN11.22-501	
an11.477	A-xi	235	AN11.477	sāmaññavagga	AN11.22-501	
an11.478	A-xi	235	AN11.478	sāmaññavagga	AN11.22-501	
an11.479	A-xi	235	AN11.479	sāmaññavagga	AN11.22-501	
an11.480	A-xi	235	AN11.480	sāmaññavagga	AN11.22-501	
an11.481	A-xi	235	AN11.481	sāmaññavagga	AN11.22-501	
an11.482	A-xi	235	AN11.482	sāmaññavagga	AN11.22-501	
an11.483	A-xi	235	AN11.483	sāmaññavagga	AN11.22-501	
an11.484	A-xi	235	AN11.484	sāmaññavagga	AN11.22-501	
an11.485	A-xi	235	AN11.485	sāmaññavagga	AN11.22-501	
an11.486	A-xi	235	AN11.486	sāmaññavagga	AN11.22-501	
an11.487	A-xi	235	AN11.487	sāmaññavagga	AN11.22-501	
an11.488	A-xi	235	AN11.488	sāmaññavagga	AN11.22-501	
an11.489	A-xi	235	AN11.489	sāmaññavagga	AN11.22-501	
an11.490	A-xi	235	AN11.490	sāmaññavagga	AN11.22-501	
an11.491	A-xi	235	AN11.491	sāmaññavagga	AN11.22-501	
an11.492	A-xi	235	AN11.492	sāmaññavagga	AN11.22-501	
an11.493	A-xi	235	AN11.493	sāmaññavagga	AN11.22-501	
an11.494	A-xi	235	AN11.494	sāmaññavagga	AN11.22-501	
an11.495	A-xi	235	AN11.495	sāmaññavagga	AN11.22-501	
an11.496	A-xi	235	AN11.496	sāmaññavagga	AN11.22-501	
an11.497	A-xi	235	AN11.497	sāmaññavagga	AN11.22-501	
an11.498	A-xi	235	AN11.498	sāmaññavagga	AN11.22-501	
an11.499	A-xi	235	AN11.499	sāmaññavagga	AN11.22-501	
an11.500	A-xi	235	AN11.500	sāmaññavagga	AN11.22-501	
an11.501	A-xi	235	AN11.501	sāmaññavagga	AN11.22-501	
an11.502	A-xi	236	AN11.502	rāgapeyyāla	AN11.502-671	
an11.502-671	A-xi	236	AN11.502-671	rāgapeyyāla		
an11.503	A-xi	238	AN11.503	rāgapeyyāla	AN11.502-671	
an11.504	A-xi	238	AN11.504	rāgapeyyāla	AN11.502-671	
an11.505	A-xi	238	AN11.505	rāgapeyyāla	AN11.502-671	
an11.506	A-xi	238	AN11.506	rāgapeyyāla	AN11.502-671	
an11.507	A-xi	238	AN11.507	rāgapeyyāla	AN11.502-671	
an11.508	A-xi	238	AN11.508	rāgapeyyāla	AN11.502-671	
an11.509	A-xi	238	AN11.509	rāgapeyyāla	AN11.502-671	
an11.510	A-xi	238	AN11.510	rāgapeyyāla	AN11.502-671	
an11.511	A-xi	238	AN11.511	rāgapeyyāla	AN11.502-671	
an11.512	A-xi	239	AN11.512	rāgapeyyāla	AN11.502-671	
an11.513	A-xi	239	AN11.513	rāgapeyyāla	AN11.502-671	
an11.514	A-xi	239	AN11.514	rāgapeyyāla	AN11.502-671	
an11.515	A-xi	239	AN11.515	rāgapeyyāla	AN11.502-671	
an11.516	A-xi	239	AN11.516	rāgapeyyāla	AN11.502-671	
an11.517	A-xi	239	AN11.517	rāgapeyyāla	AN11.502-671	
an11.518	A-xi	239	AN11.518	rāgapeyyāla	AN11.502-671	
an11.519	A-xi	239	AN11.519	rāgapeyyāla	AN11.502-671	
an11.520	A-xi	239	AN11.520	rāgapeyyāla	AN11.502-671	
an11.521	A-xi	239	AN11.521	rāgapeyyāla	AN11.502-671	
an11.522	A-xi	239	AN11.522	rāgapeyyāla	AN11.502-671	
an11.523	A-xi	239	AN11.523	rāgapeyyāla	AN11.502-671	
an11.524	A-xi	239	AN11.524	rāgapeyyāla	AN11.502-671	
an11.525	A-xi	239	AN11.525	rāgapeyyāla	AN11.502-671	
an11.526	A-xi	239	AN11.526	rāgapeyyāla	AN11.502-671	
an11.527	A-xi	239	AN11.527	rāgapeyyāla	AN11.502-671	
an11.528	A-xi	239	AN11.528	rāgapeyyāla	AN11.502-671	
an11.529	A-xi	239	AN11.529	rāgapeyyāla	AN11.502-671	
an11.530	A-xi	239	AN11.530	rāgapeyyāla	AN11.502-671	
an11.531	A-xi	239	AN11.531	rāgapeyyāla	AN11.502-671	
an11.532	A-xi	239	AN11.532	rāgapeyyāla	AN11.502-671	
an11.533	A-xi	239	AN11.533	rāgapeyyāla	AN11.502-671	
an11.534	A-xi	239	AN11.534	rāgapeyyāla	AN11.502-671	
an11.535	A-xi	239	AN11.535	rāgapeyyāla	AN11.502-671	
an11.536	A-xi	239	AN11.536	rāgapeyyāla	AN11.502-671	
an11.537	A-xi	239	AN11.537	rāgapeyyāla	AN11.502-671	
an11.538	A-xi	239	AN11.538	rāgapeyyāla	AN11.502-671	
an11.539	A-xi	239	AN11.539	rāgapeyyāla	AN11.502-671	
an11.540	A-xi	239	AN11.540	rāgapeyyāla	AN11.502-671	
an11.541	A-xi	239	AN11.541	rāgapeyyāla	AN11.502-671	
an11.542	A-xi	239	AN11.542	rāgapeyyāla	AN11.502-671	
an11.543	A-xi	239	AN11.543	rāgapeyyāla	AN11.502-671	
an11.544	A-xi	239	AN11.544	rāgapeyyāla	AN11.502-671	
an11.545	A-xi	239	AN11.545	rāgapeyyāla	AN11.502-671	
an11.546	A-xi	239	AN11.546	rāgapeyyāla	AN11.502-671	
an11.547	A-xi	239	AN11.547	rāgapeyyāla	AN11.502-671	
an11.548	A-xi	239	AN11.548	rāgapeyyāla	AN11.502-671	
an11.549	A-xi	239	AN11.549	rāgapeyyāla	AN11.502-671	
an11.550	A-xi	239	AN11.550	rāgapeyyāla	AN11.502-671	
an11.551	A-xi	239	AN11.551	rāgapeyyāla	AN11.502-671	
an11.552	A-xi	239	AN11.552	rāgapeyyāla	AN11.502-671	
an11.553	A-xi	239	AN11.553	rāgapeyyāla	AN11.502-671	
an11.554	A-xi	239	AN11.554	rāgapeyyāla	AN11.502-671	
an11.555	A-xi	239	AN11.555	rāgapeyyāla	AN11.502-671	
an11.556	A-xi	239	AN11.556	rāgapeyyāla	AN11.502-671	
an11.557	A-xi	239	AN11.557	rāgapeyyāla	AN11.502-671	
an11.558	A-xi	239	AN11.558	rāgapeyyāla	AN11.502-671	
an11.559	A-xi	239	AN11.559	rāgapeyyāla	AN11.502-671	
an11.560	A-xi	239	AN11.560	rāgapeyyāla	AN11.502-671	
an11.561	A-xi	239	AN11.561	rāgapeyyāla	AN11.502-671	
an11.562	A-xi	239	AN11.562	rāgapeyyāla	AN11.502-671	
an11.563	A-xi	239	AN11.563	rāgapeyyāla	AN11.502-671	
an11.564	A-xi	239	AN11.564	rāgapeyyāla	AN11.502-671	
an11.565	A-xi	239	AN11.565	rāgapeyyāla	AN11.502-671	
an11.566	A-xi	239	AN11.566	rāgapeyyāla	AN11.502-671	
an11.567	A-xi	239	AN11.567	rāgapeyyāla	AN11.502-671	
an11.568	A-xi	239	AN11.568	rāgapeyyāla	AN11.502-671	
an11.569	A-xi	239	AN11.569	rāgapeyyāla	AN11.502-671	
an11.570	A-xi	239	AN11.570	rāgapeyyāla	AN11.502-671	
an11.571	A-xi	239	AN11.571	rāgapeyyāla	AN11.502-671	
an11.572	A-xi	239	AN11.572	rāgapeyyāla	AN11.502-671	
an11.573	A-xi	239	AN11.573	rāgapeyyāla	AN11.502-671	
an11.574	A-xi	239	AN11.574	rāgapeyyāla	AN11.502-671	
an11.575	A-xi	239	AN11.575	rāgapeyyāla	AN11.502-671	
an11.576	A-xi	239	AN11.576	rāgapeyyāla	AN11.502-671	
an11.577	A-xi	239	AN11.577	rāgapeyyāla	AN11.502-671	
an11.578	A-xi	239	AN11.578	rāgapeyyāla	AN11.502-671	
an11.579	A-xi	239	AN11.579	rāgapeyyāla	AN11.502-671	
an11.580	A-xi	239	AN11.580	rāgapeyyāla	AN11.502-671	
an11.581	A-xi	239	AN11.581	rāgapeyyāla	AN11.502-671	
an11.582	A-xi	239	AN11.582	rāgapeyyāla	AN11.502-671	
an11.583	A-xi	239	AN11.583	rāgapeyyāla	AN11.502-671	
an11.584	A-xi	239	AN11.584	rāgapeyyāla	AN11.502-671	
an11.585	A-xi	239	AN11.585	rāgapeyyāla	AN11.502-671	
an11.586	A-xi	239	AN11.586	rāgapeyyāla	AN11.502-671	
an11.587	A-xi	239	AN11.587	rāgapeyyāla	AN11.502-671	
an11.588	A-xi	239	AN11.588	rāgapeyyāla	AN11.502-671	
an11.589	A-xi	239	AN11.589	rāgapeyyāla	AN11.502-671	
an11.590	A-xi	239	AN11.590	rāgapeyyāla	AN11.502-671	
an11.591	A-xi	239	AN11.591	rāgapeyyāla	AN11.502-671	
an11.592	A-xi	239	AN11.592	rāgapeyyāla	AN11.502-671	
an11.593	A-xi	239	AN11.593	rāgapeyyāla	AN11.502-671	
an11.594	A-xi	239	AN11.594	rāgapeyyāla	AN11.502-671	
an11.595	A-xi	239	AN11.595	rāgapeyyāla	AN11.502-671	
an11.596	A-xi	239	AN11.596	rāgapeyyāla	AN11.502-671	
an11.597	A-xi	239	AN11.597	rāgapeyyāla	AN11.502-671	
an11.598	A-xi	239	AN11.598	rāgapeyyāla	AN11.502-671	
an11.599	A-xi	239	AN11.599	rāgapeyyāla	AN11.502-671	
an11.600	A-xi	239	AN11.600	rāgapeyyāla	AN11.502-671	
an11.601	A-xi	239	AN11.601	rāgapeyyāla	AN11.502-671	
an11.602	A-xi	239	AN11.602	rāgapeyyāla	AN11.502-671	
an11.603	A-xi	239	AN11.603	rāgapeyyāla	AN11.502-671	
an11.604	A-xi	239	AN11.604	rāgapeyyāla	AN11.502-671	
an11.605	A-xi	239	AN11.605	rāgapeyyāla	AN11.502-671	
an11.606	A-xi	239	AN11.606	rāgapeyyāla	AN11.502-671	
an11.607	A-xi	239	AN11.607	rāgapeyyāla	AN11.502-671	
an11.608	A-xi	239	AN11.608	rāgapeyyāla	AN11.502-671	
an11.609	A-xi	239	AN11.609	rāgapeyyāla	AN11.502-671	
an11.610	A-xi	239	AN11.610	rāgapeyyāla	AN11.502-671	
an11.611	A-xi	239	AN11.611	rāgapeyyāla	AN11.502-671	
an11.612	A-xi	239	AN11.612	rāgapeyyāla	AN11.502-671	
an11.613	A-xi	239	AN11.613	rāgapeyyāla	AN11.502-671	
an11.614	A-xi	239	AN11.614	rāgapeyyāla	AN11.502-671	
an11.615	A-xi	239	AN11.615	rāgapeyyāla	AN11.502-671	
an11.616	A-xi	239	AN11.616	rāgapeyyāla	AN11.502-671	
an11.617	A-xi	239	AN11.617	rāgapeyyāla	AN11.502-671	
an11.618	A-xi	239	AN11.618	rāgapeyyāla	AN11.502-671	
an11.619	A-xi	239	AN11.619	rāgapeyyāla	AN11.502-671	
an11.620	A-xi	239	AN11.620	rāgapeyyāla	AN11.502-671	
an11.621	A-xi	239	AN11.621	rāgapeyyāla	AN11.502-671	
an11.622	A-xi	239	AN11.622	rāgapeyyāla	AN11.502-671	
an11.623	A-xi	239	AN11.623	rāgapeyyāla	AN11.502-671	
an11.624	A-xi	239	AN11.624	rāgapeyyāla	AN11.502-671	
an11.625	A-xi	239	AN11.625	rāgapeyyāla	AN11.502-671	
an11.626	A-xi	239	AN11.626	rāgapeyyāla	AN11.502-671	
an11.627	A-xi	239	AN11.627	rāgapeyyāla	AN11.502-671	
an11.628	A-xi	239	AN11.628	rāgapeyyāla	AN11.502-671	
an11.629	A-xi	239	AN11.629	rāgapeyyāla	AN11.502-671	
an11.630	A-xi	239	AN11.630	rāgapeyyāla	AN11.502-671	
an11.631	A-xi	239	AN11.631	rāgapeyyāla	AN11.502-671	
an11.632	A-xi	239	AN11.632	rāgapeyyāla	AN11.502-671	
an11.633	A-xi	239	AN11.633	rāgapeyyāla	AN11.502-671	
an11.634	A-xi	239	AN11.634	rāgapeyyāla	AN11.502-671	
an11.635	A-xi	239	AN11.635	rāgapeyyāla	AN11.502-671	
an11.636	A-xi	239	AN11.636	rāgapeyyāla	AN11.502-671	
an11.637	A-xi	239	AN11.637	rāgapeyyāla	AN11.502-671	
an11.638	A-xi	239	AN11.638	rāgapeyyāla	AN11.502-671	
an11.639	A-xi	239	AN11.639	rāgapeyyāla	AN11.502-671	
an11.640	A-xi	239	AN11.640	rāgapeyyāla	AN11.502-671	
an11.641	A-xi	239	AN11.641	rāgapeyyāla	AN11.502-671	
an11.642	A-xi	239	AN11.642	rāgapeyyāla	AN11.502-671	
an11.643	A-xi	239	AN11.643	rāgapeyyāla	AN11.502-671	
an11.644	A-xi	239	AN11.644	rāgapeyyāla	AN11.502-671	
an11.645	A-xi	239	AN11.645	rāgapeyyāla	AN11.502-671	
an11.646	A-xi	239	AN11.646	rāgapeyyāla	AN11.502-671	
an11.647	A-xi	239	AN11.647	rāgapeyyāla	AN11.502-671	
an11.648	A-xi	239	AN11.648	rāgapeyyāla	AN11.502-671	
an11.649	A-xi	239	AN11.649	rāgapeyyāla	AN11.502-671	
an11.650	A-xi	239	AN11.650	rāgapeyyāla	AN11.502-671	
an11.651	A-xi	239	AN11.651	rāgapeyyāla	AN11.502-671	
an11.652	A-xi	239	AN11.652	rāgapeyyāla	AN11.502-671	
an11.653	A-xi	239	AN11.653	rāgapeyyāla	AN11.502-671	
an11.654	A-xi	239	AN11.654	rāgapeyyāla	AN11.502-671	
an11.655	A-xi	239	AN11.655	rāgapeyyāla	AN11.502-671	
an11.656	A-xi	239	AN11.656	rāgapeyyāla	AN11.502-671	
an11.657	A-xi	239	AN11.657	rāgapeyyāla	AN11.502-671	
an11.658	A-xi	239	AN11.658	rāgapeyyāla	AN11.502-671	
an11.659	A-xi	239	AN11.659	rāgapeyyāla	AN11.502-671	
an11.660	A-xi	239	AN11.660	rāgapeyyāla	AN11.502-671	
an11.661	A-xi	239	AN11.661	rāgapeyyāla	AN11.502-671	
an11.662	A-xi	239	AN11.662	rāgapeyyāla	AN11.502-671	
an11.663	A-xi	239	AN11.663	rāgapeyyāla	AN11.502-671	
an11.664	A-xi	239	AN11.664	rāgapeyyāla	AN11.502-671	
an11.665	A-xi	239	AN11.665	rāgapeyyāla	AN11.502-671	
an11.666	A-xi	239	AN11.666	rāgapeyyāla	AN11.502-671	
an11.667	A-xi	239	AN11.667	rāgapeyyāla	AN11.502-671	
an11.668	A-xi	239	AN11.668	rāgapeyyāla	AN11.502-671	
an11.669	A-xi	239	AN11.669	rāgapeyyāla	AN11.502-671	
an11.670	A-xi	239	AN11.670	rāgapeyyāla	AN11.502-671	
an11.671	A-xi	239	AN11.671	rāgapeyyāla	AN11.502-671	
dhp1-20	Dhp	3	DHP1-20	yamakavagga		
dhp21-32	Dhp	71	DHP21-32	appamādavagga		
dhp33-43	Dhp	110	DHP33-43	cittavagga		
dhp44-59	Dhp	145	DHP44-59	pupphavagga		
dhp60-75	Dhp	195	DHP60-75	bālavagga		
dhp76-89	Dhp	247	DHP76-89	paṇḍitavagga		
dhp90-00	Dhp	293	DHP90-00	arahantavagga		
dhp100-115	Dhp	327	DHP100-115	sahassavagga		
dhp116-128	Dhp	379	DHP116-128	pāpavagga		
dhp129-145	Dhp	422	DHP129-145	daṇḍavagga		
dhp146-156	Dhp	476	DHP146-156	jarāvagga		
dhp157-166	Dhp	512	DHP157-166	attavagga		
dhp167-178	Dhp	546	DHP167-178	lokavagga		
dhp179-196	Dhp	584	DHP179-196	buddhavagga		
dhp197-208	Dhp	641	DHP197-208	sukhavagga		
dhp209-220	Dhp	681	DHP209-220	piyavagga		
dhp221-234	Dhp	719	DHP221-234	kodhavagga		
dhp235-255	Dhp	764	DHP235-255	malavagga		
dhp256-272	Dhp	831	DHP256-272	dhammaṭṭhavagga		
dhp273-289	Dhp	885	DHP273-289	maggavagga		
dhp290-305	Dhp	939	DHP290-305	pakiṇṇakavagga		
dhp306-319	Dhp	991	DHP306-319	nirayavagga		
dhp320-333	Dhp	1036	DHP320-333	nāgavagga		
dhp334-359	Dhp	1080	DHP334-359	taṇhāvagga		
dhp360-382	Dhp	1164	DHP360-382	bhikkhuvagga		
dhp383-423	Dhp	1238	DHP383-423	brāhmaṇavagga		
dn1	D-i	3	DN1	brahmajālasutta		
dn1-13	D-i	3	DN1-13	sīlakkhandhavaggapāḷi		
dn2	D-i	217	DN2	sāmaññaphalasutta		
dn3	D-i	369	DN3	ambaṭṭhasutta		
dn4	D-i	469	DN4	soṇadaṇḍasutta		
dn5	D-i	544	DN5	kūṭadantasutta		
dn6	D-i	661	DN6	mahālisutta		
dn7	D-i	692	DN7	jāliyasutta		
dn8	D-i	698	DN8	mahāsīhanādasutta		
dn9	D-i	762	DN9	poṭṭhapādasutta		
dn10	D-i	852	DN10	subhasutta		
dn11	D-i	915	DN11	kevaṭṭasutta		
dn12	D-i	965	DN12	lohiccasutta		
dn13	D-i	992	DN13	tevijjasutta		
dn14	D-ii	3	DN14	mahāpadānasutta		
dn14-23	D-ii	3	DN14-23	mahāvaggapāḷi		
dn15	D-ii	229	DN15	mahānidānasutta		
dn16	D-ii	287	DN16	mahāparinibbānasutta		
dn17	D-ii	663	DN17	mahāsudassanasutta		
dn18	D-ii	737	DN18	janavasabhasutta		
dn19	D-ii	807	DN19	mahāgovindasutta		
dn20	D-ii	965	DN20	mahāsamayasutta		
dn21	D-ii	1130	DN21	sakkapañhasutta		
dn22	D-ii	1341	DN22	mahāsatipaṭṭhānasutta		
dn23	D-ii	1476	DN23	pāyāsisutta		
dn24	D-iii	3	DN24	pāthikasutta		
dn24-34	D-iii	3	DN24-34	pāthikavaggapāḷi		
dn25	D-iii	117	DN25	udumbarikasutta		
dn26	D-iii	191	DN26	cakkavattisutta		
dn27	D-iii	259	DN27	aggaññasutta		
dn28	D-iii	326	DN28	sampasādanīyasutta		
dn29	D-iii	390	DN29	pāsādikasutta		
dn30	D-iii	469	DN30	lakkhaṇasutta		
dn31	D-iii	901	DN31	siṅgālasutta		
dn32	D-iii	1022	DN32	āṭānāṭiyasutta		
dn33	D-iii	1292	DN33	saṅgītisutta		
dn34	D-iii	1662	DN34	dasuttarasutta		
iti1	It	3	ITI1	lobhasutta		
iti2	It	13	ITI2	dosasutta		
iti3	It	20	ITI3	mohasutta		
iti4	It	27	ITI4	kodhasutta		
iti5	It	34	ITI5	makkhasutta		
iti6	It	41	ITI6	mānasutta		
iti7	It	48	ITI7	sabbapariññāsutta		
iti8	It	54	ITI8	mānapariññāsutta		
iti9	It	62	ITI9	lobhapariññāsutta		
iti10	It	69	ITI10	dosapariññāsutta		
iti11	It	80	ITI11	mohapariññāsutta		
iti12	It	88	ITI12	kodhapariññāsutta		
iti13	It	95	ITI13	makkhapariññāsutta		
iti14	It	102	ITI14	avijjānīvaraṇasutta		
iti15	It	110	ITI15	taṇhāsaṃyojanasutta		
iti16	It	118	ITI16	paṭhamasekhasutta		
iti17	It	125	ITI17	dutiyasekhasutta		
iti18	It	132	ITI18	saṅghabhedasutta		
iti19	It	139	ITI19	saṅghasāmaggīsutta		
iti20	It	146	ITI20	paduṭṭhacittasutta		
iti21	It	160	ITI21	pasannacittasutta		
iti22	It	171	ITI22	mettasutta		
iti23	It	181	ITI23	ubhayatthasutta		
iti24	It	189	ITI24	aṭṭhipuñjasutta		
iti25	It	202	ITI25	musāvādasutta		
iti26	It	208	ITI26	dānasutta		
iti27	It	220	ITI27	mettābhāvanāsutta		
iti28	It	244	ITI28	dukkhavihārasutta		
iti29	It	256	ITI29	sukhavihārasutta		
iti30	It	266	ITI30	tapanīyasutta		
iti31	It	274	ITI31	atapanīyasutta		
iti32	It	282	ITI32	paṭhamasīlasutta		
iti33	It	289	ITI33	dutiyasīlasutta		
iti34	It	296	ITI34	ātāpīsutta		
iti35	It	305	ITI35	paṭhamanakuhanasutta		
iti36	It	314	ITI36	dutiyanakuhanasutta		
iti37	It	323	ITI37	somanassasutta		
iti38	It	335	ITI38	vitakkasutta		
iti39	It	351	ITI39	desanāsutta		
iti40	It	359	ITI40	vijjāsutta		
iti41	It	369	ITI41	paññāparihīnasutta		
iti42	It	379	ITI42	sukkadhammasutta		
iti43	It	387	ITI43	ajātasutta		
iti44	It	397	ITI44	nibbānadhātusutta		
iti45	It	408	ITI45	paṭisallānasutta		
iti46	It	416	ITI46	sikkhānisaṃsasutta		
iti47	It	424	ITI47	jāgariyasutta		
iti48	It	434	ITI48	āpāyikasutta		
iti49	It	444	ITI49	diṭṭhigatasutta		
iti50	It	463	ITI50	mūlasutta		
iti51	It	471	ITI51	dhātusutta		
iti52	It	480	ITI52	paṭhamavedanāsutta		
iti53	It	489	ITI53	dutiyavedanāsutta		
iti54	It	497	ITI54	paṭhamaesanāsutta		
iti55	It	505	ITI55	dutiyaesanāsutta		
iti56	It	514	ITI56	paṭhamaāsavasutta		
iti57	It	522	ITI57	dutiyaāsavasutta		
iti58	It	529	ITI58	taṇhāsutta		
iti59	It	538	ITI59	māradheyyasutta		
iti60	It	548	ITI60	puññakiriyavatthusutta		
iti61	It	557	ITI61	cakkhusutta		
iti62	It	566	ITI62	indriyasutta		
iti63	It	576	ITI63	addhāsutta		
iti64	It	586	ITI64	duccaritasutta		
iti65	It	594	ITI65	sucaritasutta		
iti66	It	602	ITI66	soceyyasutta		
iti67	It	608	ITI67	moneyyasutta		
iti68	It	614	ITI68	paṭhamarāgasutta		
iti69	It	621	ITI69	dutiyarāgasutta		
iti70	It	633	ITI70	micchādiṭṭhikasutta		
iti71	It	644	ITI71	sammādiṭṭhikasutta		
iti72	It	654	ITI72	nissaraṇiyasutta		
iti73	It	662	ITI73	santatarasutta		
iti74	It	673	ITI74	puttasutta		
iti75	It	685	ITI75	avuṭṭhikasutta		
iti76	It	704	ITI76	sukhapatthanāsutta		
iti77	It	724	ITI77	bhidurasutta		
iti78	It	731	ITI78	dhātusosaṃsandanasutta		
iti79	It	744	ITI79	parihānasutta		
iti80	It	757	ITI80	vitakkasutta		
iti81	It	766	ITI81	sakkārasutta		
iti82	It	780	ITI82	devasaddasutta		
iti83	It	792	ITI83	pañcapubbanimittasutta		
iti84	It	812	ITI84	bahujanahitasutta		
iti85	It	824	ITI85	asubhānupassīsutta		
iti86	It	832	ITI86	dhammānudhammapaṭipannasutta		
iti87	It	840	ITI87	andhakaraṇasutta		
iti88	It	848	ITI88	antarāmalasutta		
iti89	It	870	ITI89	devadattasutta		
iti90	It	892	ITI90	aggappasādasutta		
iti91	It	907	ITI91	jīvikasutta		
iti92	It	917	ITI92	saṅghāṭikaṇṇasutta		
iti93	It	929	ITI93	aggisutta		
iti94	It	947	ITI94	upaparikkhasutta		
iti95	It	953	ITI95	kāmūpapattisutta		
iti96	It	966	ITI96	kāmayogasutta		
iti97	It	976	ITI97	kalyāṇasīlasutta		
iti98	It	992	ITI98	dānasutta		
iti99	It	1002	ITI99	tevijjasutta		
iti100	It	1018	ITI100	brāhmaṇadhammayāgasutta		
iti101	It	1029	ITI101	sulabhasutta		
iti102	It	1038	ITI102	āsavakkhayasutta		
iti103	It	1048	ITI103	samaṇabrāhmaṇasutta		
iti104	It	1063	ITI104	sīlasampannasutta		
iti105	It	1073	ITI105	taṇhuppādasutta		
iti106	It	1081	ITI106	sabrahmakasutta		
iti107	It	1093	ITI107	bahukārasutta		
iti108	It	1105	ITI108	kuhasutta		
iti109	It	1113	ITI109	nadīsotasutta		
iti110	It	1129	ITI110	carasutta		
iti111	It	1147	ITI111	sampannasīlasutta		
iti112	It	1163	ITI112	lokasutta		
ja1	Ja-i	5	JA1	apaṇṇakajātaka		
ja2	Ja-i	12	JA2	vaṇṇupathajātaka		
ja3	Ja-i	17	JA3	serivavāṇijajātaka		
ja4	Ja-i	22	JA4	cūḷaseṭṭhijātaka		
ja5	Ja-i	27	JA5	taṇḍulanāḷijātaka		
ja6	Ja-i	32	JA6	devadhammajātaka		
ja7	Ja-i	37	JA7	kaṭṭhahārijātaka		
ja8	Ja-i	42	JA8	gāmaṇijātaka		
ja9	Ja-i	47	JA9	maghadevajātaka		
ja10	Ja-i	52	JA10	sukhavihārijātaka		
ja11	Ja-i	61	JA11	lakkhaṇamigajātaka		
ja12	Ja-i	68	JA12	nigrodhamigajātaka		
ja13	Ja-i	73	JA13	kaṇḍijātaka		
ja14	Ja-i	79	JA14	vātamigajātaka		
ja15	Ja-i	84	JA15	kharādiyajātaka		
ja16	Ja-i	89	JA16	tipallatthamigajātaka		
ja17	Ja-i	94	JA17	mālutajātaka		
ja18	Ja-i	99	JA18	matakabhattajātaka		
ja19	Ja-i	104	JA19	āyācitabhattajātaka		
ja20	Ja-i	109	JA20	naḷapānajātaka		
ja21	Ja-i	118	JA21	kuruṅgamigajātaka		
ja22	Ja-i	124	JA22	kukkurajātaka		
ja23	Ja-i	129	JA23	gojānīyajātaka		
ja24	Ja-i	134	JA24	ājaññajātaka		
ja25	Ja-i	139	JA25	titthajātaka		
ja26	Ja-i	144	JA26	mahiḷāmukhajātaka		
ja27	Ja-i	149	JA27	abhiṇhajātaka		
ja28	Ja-i	154	JA28	nandivisālajātaka		
ja29	Ja-i	160	JA29	kaṇhajātaka		
ja30	Ja-i	165	JA30	munikajātaka		
ja31	Ja-i	174	JA31	kulāvakajātaka		
ja32	Ja-i	180	JA32	naccajātaka		
ja33	Ja-i	185	JA33	sammodamānajātaka		
ja34	Ja-i	190	JA34	macchajātaka		
ja35	Ja-i	195	JA35	vaṭṭakajātaka		
ja36	Ja-i	200	JA36	sakuṇajātaka		
ja37	Ja-i	205	JA37	tittirajātaka		
ja38	Ja-i	210	JA38	bakajātaka		
ja39	Ja-i	215	JA39	nandajātaka		
ja40	Ja-i	220	JA40	khadiraṅgārajātaka		
ja41	Ja-i	229	JA41	losakajātaka		
ja42	Ja-i	235	JA42	kapotajātaka		
ja43	Ja-i	240	JA43	veḷukajātaka		
ja44	Ja-i	245	JA44	makasajātaka		
ja45	Ja-i	250	JA45	rohiṇijātaka		
ja46	Ja-i	255	JA46	ārāmadūsakajātaka		
ja47	Ja-i	260	JA47	vāruṇidūsakajātaka		
ja48	Ja-i	265	JA48	vedabbajātaka		
ja49	Ja-i	270	JA49	nakkhattajātaka		
ja50	Ja-i	275	JA50	dummedhajātaka		
ja51	Ja-i	285	JA51	mahāsīlavajātaka		
ja52	Ja-i	291	JA52	cūḷajanakajātaka		
ja53	Ja-i	296	JA53	puṇṇapātijātaka		
ja54	Ja-i	301	JA54	kiṃphalajātaka		
ja55	Ja-i	306	JA55	pañcāvudhajātaka		
ja56	Ja-i	312	JA56	kañcanakkhandhajātaka		
ja57	Ja-i	318	JA57	vānarindajātaka		
ja58	Ja-i	323	JA58	tayodhammajātaka		
ja59	Ja-i	328	JA59	bherivādakajātaka		
ja60	Ja-i	333	JA60	saṅkhadhamajātaka		
ja61	Ja-i	342	JA61	asātamantajātaka		
ja62	Ja-i	349	JA62	aṇḍabhūtajātaka		
ja63	Ja-i	354	JA63	takkapaṇḍitajātaka		
ja64	Ja-i	359	JA64	durājānajātaka		
ja65	Ja-i	364	JA65	anabhiratijātaka		
ja66	Ja-i	369	JA66	mudulakkhaṇajātaka		
ja67	Ja-i	374	JA67	ucchaṅgajātaka		
ja68	Ja-i	379	JA68	sāketajātaka		
ja69	Ja-i	384	JA69	visavantajātaka		
ja70	Ja-i	389	JA70	kuddālajātaka		
ja71	Ja-i	398	JA71	varuṇajātaka		
ja72	Ja-i	404	JA72	sīlavahatthijātaka		
ja73	Ja-i	409	JA73	saccaṃkirajātaka		
ja74	Ja-i	414	JA74	rukkhadhammajātaka		
ja75	Ja-i	419	JA75	macchajātaka		
ja76	Ja-i	424	JA76	asaṅkiyajātaka		
ja77	Ja-i	429	JA77	mahāsupinajātaka		
ja78	Ja-i	436	JA78	illisajātaka		
ja79	Ja-i	441	JA79	kharassarajātaka		
ja80	Ja-i	446	JA80	bhīmasenajātaka		
ja81	Ja-i	455	JA81	surāpānajātaka		
ja82	Ja-i	461	JA82	mittavindakajātaka		
ja83	Ja-i	466	JA83	kālakaṇṇijātaka		
ja84	Ja-i	472	JA84	atthassadvārajātaka		
ja85	Ja-i	477	JA85	kiṃpakkajātaka		
ja86	Ja-i	482	JA86	sīlavīmaṃsakajātaka		
ja87	Ja-i	487	JA87	maṅgalajātaka		
ja88	Ja-i	492	JA88	sārambhajātaka		
ja89	Ja-i	497	JA89	kuhakajātaka		
ja90	Ja-i	502	JA90	akataññujātaka		
ja91	Ja-i	511	JA91	littajātaka		
ja92	Ja-i	517	JA92	mahāsārajātaka		
ja93	Ja-i	522	JA93	visāsabhojanajātaka		
ja94	Ja-i	527	JA94	lomahaṃsajātaka		
ja95	Ja-i	532	JA95	mahāsudassanajātaka		
ja96	Ja-i	537	JA96	telapattajātaka		
ja97	Ja-i	542	JA97	nāmasiddhijātaka		
ja98	Ja-i	547	JA98	kūṭavāṇijajātaka		
ja99	Ja-i	552	JA99	parosahassajātaka		
ja100	Ja-i	557	JA100	asātarūpajātaka		
ja101	Ja-i	567	JA101	parosatajātaka		
ja102	Ja-i	573	JA102	paṇṇikajātaka		
ja103	Ja-i	578	JA103	verijātaka		
ja104	Ja-i	583	JA104	mittavindakajātaka		
ja105	Ja-i	589	JA105	dubbalakaṭṭhajātaka		
ja106	Ja-i	594	JA106	udañcanījātaka		
ja107	Ja-i	599	JA107	sālittakajātaka		
ja108	Ja-i	604	JA108	bāhiyajātaka		
ja109	Ja-i	609	JA109	kuṇḍapūvajātaka		
ja110	Ja-i	614	JA110	sabbasaṃhārakapañhajātaka		
ja111	Ja-i	623	JA111	gadrabhapañhajātaka		
ja112	Ja-i	629	JA112	amarādevīpañhajātaka		
ja113	Ja-i	635	JA113	siṅgālajātaka		
ja114	Ja-i	640	JA114	mitacintijātaka		
ja115	Ja-i	645	JA115	anusāsikajātaka		
ja116	Ja-i	650	JA116	dubbacajātaka		
ja117	Ja-i	655	JA117	tittirajātaka		
ja118	Ja-i	660	JA118	vaṭṭakajātaka		
ja119	Ja-i	665	JA119	akālarāvijātaka		
ja120	Ja-i	670	JA120	bandhanamokkhajātaka		
ja121	Ja-i	679	JA121	kusanāḷijātaka		
ja122	Ja-i	685	JA122	dummedhajātaka		
ja123	Ja-i	690	JA123	naṅgalīsajātaka		
ja124	Ja-i	695	JA124	ambajātaka		
ja125	Ja-i	700	JA125	kaṭāhakajātaka		
ja126	Ja-i	705	JA126	asilakkhaṇajātaka		
ja127	Ja-i	710	JA127	kalaṇḍukajātaka		
ja128	Ja-i	715	JA128	biḷāravatajātaka		
ja129	Ja-i	720	JA129	aggikabhāradvājajātaka		
ja130	Ja-i	725	JA130	kosiyajātaka		
ja131	Ja-i	734	JA131	asampadānajātaka		
ja132	Ja-i	740	JA132	bhīrukajātaka		
ja133	Ja-i	745	JA133	ghatāsanajātaka		
ja134	Ja-i	750	JA134	jhānasodhanajātaka		
ja135	Ja-i	755	JA135	candābhajātaka		
ja136	Ja-i	760	JA136	suvaṇṇahaṃsajātaka		
ja137	Ja-i	765	JA137	babbujātaka		
ja138	Ja-i	770	JA138	godhajātaka		
ja139	Ja-i	775	JA139	ubhatobhaṭṭhajātaka		
ja140	Ja-i	780	JA140	kākajātaka		
ja141	Ja-i	789	JA141	godhajātaka		
ja142	Ja-i	795	JA142	siṅgālajātaka		
ja143	Ja-i	800	JA143	virocajātaka		
ja144	Ja-i	805	JA144	naṅguṭṭhajātaka		
ja145	Ja-i	810	JA145	rādhajātaka		
ja146	Ja-i	815	JA146	samuddakākajātaka		
ja147	Ja-i	820	JA147	puppharattajātaka		
ja148	Ja-i	825	JA148	siṅgālajātaka		
ja149	Ja-i	830	JA149	ekapaṇṇajātaka		
ja150	Ja-i	835	JA150	sañjīvajātaka		
ja151	Ja-i	851	JA151	rājovādajātaka		
ja152	Ja-i	863	JA152	siṅgālajātaka		
ja153	Ja-i	870	JA153	sūkarajātaka		
ja154	Ja-i	878	JA154	uragajātaka		
ja155	Ja-i	886	JA155	bhaggajātaka		
ja156	Ja-i	894	JA156	alīnacittajātaka		
ja157	Ja-i	903	JA157	guṇajātaka		
ja158	Ja-i	912	JA158	suhanujātaka		
ja159	Ja-i	920	JA159	morajātaka		
ja160	Ja-i	934	JA160	vinīlajātaka		
ja161	Ja-i	946	JA161	indasamānagottajātaka		
ja162	Ja-i	955	JA162	santhavajātaka		
ja163	Ja-i	963	JA163	susīmajātaka		
ja164	Ja-i	971	JA164	gijjhajātaka		
ja165	Ja-i	979	JA165	nakulajātaka		
ja166	Ja-i	987	JA166	upasāḷakajātaka		
ja167	Ja-i	995	JA167	samiddhijātaka		
ja168	Ja-i	1003	JA168	sakuṇagghijātaka		
ja169	Ja-i	1011	JA169	arakajātaka		
ja170	Ja-i	1019	JA170	kakaṇṭakajātaka		
ja171	Ja-i	1031	JA171	kalyāṇadhammajātaka		
ja172	Ja-i	1040	JA172	daddarajātaka		
ja173	Ja-i	1048	JA173	makkaṭajātaka		
ja174	Ja-i	1056	JA174	dubbhiyamakkaṭajātaka		
ja175	Ja-i	1064	JA175	ādiccupaṭṭhānajātaka		
ja176	Ja-i	1072	JA176	kaḷāyamuṭṭhijātaka		
ja177	Ja-i	1080	JA177	tindukajātaka		
ja178	Ja-i	1088	JA178	kacchapajātaka		
ja179	Ja-i	1098	JA179	satadhammajātaka		
ja180	Ja-i	1106	JA180	duddadajātaka		
ja181	Ja-i	1118	JA181	asadisajātaka		
ja182	Ja-i	1127	JA182	saṅgāmāvacarajātaka		
ja183	Ja-i	1135	JA183	vālodakajātaka		
ja184	Ja-i	1143	JA184	giridattajātaka		
ja185	Ja-i	1152	JA185	anabhiratijātaka		
ja186	Ja-i	1162	JA186	dadhivāhanajātaka		
ja187	Ja-i	1171	JA187	catumaṭṭhajātaka		
ja188	Ja-i	1179	JA188	sīhakotthujātaka		
ja189	Ja-i	1187	JA189	sīhacammajātaka		
ja190	Ja-i	1195	JA190	sīlānisaṃsajātaka		
ja191	Ja-i	1207	JA191	ruhakajātaka		
ja192	Ja-i	1216	JA192	sirikāḷakaṇṇijātaka		
ja193	Ja-i	1224	JA193	cūḷapadumajātaka		
ja194	Ja-i	1232	JA194	maṇicorajātaka		
ja195	Ja-i	1240	JA195	pabbatūpattharajātaka		
ja196	Ja-i	1248	JA196	valāhakassajātaka		
ja197	Ja-i	1256	JA197	mittāmittajātaka		
ja198	Ja-i	1264	JA198	rādhajātaka		
ja199	Ja-i	1272	JA199	gahapatijātaka		
ja200	Ja-i	1281	JA200	sādhusīlajātaka		
ja201	Ja-i	1293	JA201	bandhanāgārajātaka		
ja202	Ja-i	1302	JA202	keḷisīlajātaka		
ja203	Ja-i	1310	JA203	khaṇḍajātaka		
ja204	Ja-i	1327	JA204	vīrakajātaka		
ja205	Ja-i	1335	JA205	gaṅgeyyajātaka		
ja206	Ja-i	1344	JA206	kuruṅgamigajātaka		
ja207	Ja-i	1352	JA207	assakajātaka		
ja208	Ja-i	1360	JA208	susumārajātaka		
ja209	Ja-i	1368	JA209	kukkuṭajātaka		
ja210	Ja-i	1376	JA210	kandagalakajātaka		
ja211	Ja-i	1388	JA211	somadattajātaka		
ja212	Ja-i	1397	JA212	ucchiṭṭhabhattajātaka		
ja213	Ja-i	1405	JA213	bharujātaka		
ja214	Ja-i	1413	JA214	puṇṇanadījātaka		
ja215	Ja-i	1421	JA215	kacchapajātaka		
ja216	Ja-i	1429	JA216	macchajātaka		
ja217	Ja-i	1437	JA217	seggujātaka		
ja218	Ja-i	1445	JA218	kūṭavāṇijajātaka		
ja219	Ja-i	1453	JA219	garahitajātaka		
ja220	Ja-i	1462	JA220	dhammadhajajātaka		
ja221	Ja-i	1475	JA221	kāsāvajātaka		
ja222	Ja-i	1484	JA222	cūḷanandiyajātaka		
ja223	Ja-i	1493	JA223	puṭabhattajātaka		
ja224	Ja-i	1501	JA224	kumbhilajātaka		
ja225	Ja-i	1509	JA225	khantivaṇṇajātaka		
ja226	Ja-i	1517	JA226	kosiyajātaka		
ja227	Ja-i	1526	JA227	gūthapāṇajātaka		
ja228	Ja-i	1535	JA228	kāmanītajātaka		
ja229	Ja-i	1543	JA229	palāyitajātaka		
ja230	Ja-i	1551	JA230	dutiyapalāyitajātaka		
ja231	Ja-i	1563	JA231	upāhanajātaka		
ja232	Ja-i	1572	JA232	vīṇāguṇajātaka		
ja233	Ja-i	1580	JA233	vikaṇṇajātaka		
ja234	Ja-i	1588	JA234	asitābhūjātaka		
ja235	Ja-i	1596	JA235	vacchanakhajātaka		
ja236	Ja-i	1605	JA236	bakajātaka		
ja237	Ja-i	1613	JA237	sāketajātaka		
ja238	Ja-i	1621	JA238	ekapadajātaka		
ja239	Ja-i	1630	JA239	haritamaṇḍūkajātaka		
ja240	Ja-i	1638	JA240	mahāpiṅgalajātaka		
ja241	Ja-i	1653	JA241	sabbadāṭhijātaka		
ja242	Ja-i	1662	JA242	sunakhajātaka		
ja243	Ja-i	1670	JA243	guttilajātaka		
ja244	Ja-i	1678	JA244	vigaticchajātaka		
ja245	Ja-i	1686	JA245	mūlapariyāyajātaka		
ja246	Ja-i	1694	JA246	bālovādajātaka		
ja247	Ja-i	1702	JA247	pādañjalījātaka		
ja248	Ja-i	1710	JA248	kiṃsukopamajātaka		
ja249	Ja-i	1718	JA249	sālakajātaka		
ja250	Ja-i	1726	JA250	kapijātaka		
ja251	Ja-i	1742	JA251	saṅkapparāgajātaka		
ja252	Ja-i	1755	JA252	tilamuṭṭhijātaka		
ja253	Ja-i	1766	JA253	maṇikaṇṭhajātaka		
ja254	Ja-i	1777	JA254	kuṇḍakakucchisindhavajātaka		
ja255	Ja-i	1788	JA255	sukajātaka		
ja256	Ja-i	1799	JA256	jarūdapānajātaka		
ja257	Ja-i	1811	JA257	gāmaṇicandajātaka		
ja258	Ja-i	1822	JA258	mandhātujātaka		
ja259	Ja-i	1833	JA259	tirīṭavacchajātaka		
ja260	Ja-i	1844	JA260	dūtajātaka		
ja261	Ja-i	1859	JA261	padumajātaka		
ja262	Ja-i	1872	JA262	mudupāṇijātaka		
ja263	Ja-i	1883	JA263	cūḷapalobhanajātaka		
ja264	Ja-i	1894	JA264	mahāpanādajātaka		
ja265	Ja-i	1905	JA265	khurappajātaka		
ja266	Ja-i	1916	JA266	vātaggasindhavajātaka		
ja267	Ja-i	1927	JA267	kakkaṭakajātaka		
ja268	Ja-i	1938	JA268	ārāmadūsakajātaka		
ja269	Ja-i	1949	JA269	sujātajātaka		
ja270	Ja-i	1960	JA270	ulūkajātaka		
ja271	Ja-i	1975	JA271	udapānadūsakajātaka		
ja272	Ja-i	1987	JA272	byagghajātaka		
ja273	Ja-i	1998	JA273	kacchapajātaka		
ja274	Ja-i	2009	JA274	lolajātaka		
ja275	Ja-i	2020	JA275	rucirajātaka		
ja276	Ja-i	2031	JA276	kurudhammajātaka		
ja277	Ja-i	2042	JA277	romakajātaka		
ja278	Ja-i	2053	JA278	mahiṃsarājajātaka		
ja279	Ja-i	2064	JA279	satapattajātaka		
ja280	Ja-i	2076	JA280	puṭadūsakajātaka		
ja281	Ja-i	2091	JA281	abbhantarajātaka		
ja282	Ja-i	2103	JA282	seyyajātaka		
ja283	Ja-i	2114	JA283	vaḍḍhakīsūkarajātaka		
ja284	Ja-i	2125	JA284	sirijātaka		
ja285	Ja-i	2136	JA285	maṇisūkarajātaka		
ja286	Ja-i	2147	JA286	sālūkajātaka		
ja287	Ja-i	2158	JA287	lābhagarahajātaka		
ja288	Ja-i	2169	JA288	macchuddānajātaka		
ja289	Ja-i	2180	JA289	nānāchandajātaka		
ja290	Ja-i	2192	JA290	sīlavīmaṃsakajātaka		
ja291	Ja-i	2207	JA291	surāghaṭajātaka		
ja292	Ja-i	2219	JA292	supattajātaka		
ja293	Ja-i	2230	JA293	kāyanibbindajātaka		
ja294	Ja-i	2241	JA294	jambukhādakajātaka		
ja295	Ja-i	2252	JA295	antajātaka		
ja296	Ja-i	2263	JA296	samuddajātaka		
ja297	Ja-i	2274	JA297	kāmavilāpajātaka		
ja298	Ja-i	2285	JA298	udumbarajātaka		
ja299	Ja-i	2296	JA299	komāraputtajātaka		
ja300	Ja-i	2307	JA300	vakajātaka		
ja301	Ja-i	2326	JA301	cūḷakāliṅgajātaka		
ja302	Ja-i	2343	JA302	mahāassārohajātaka		
ja303	Ja-i	2357	JA303	ekarājajātaka		
ja304	Ja-i	2371	JA304	daddarajātaka		
ja305	Ja-i	2385	JA305	sīlavīmaṃsanajātaka		
ja306	Ja-i	2399	JA306	sujātajātaka		
ja307	Ja-i	2413	JA307	palāsajātaka		
ja308	Ja-i	2427	JA308	sakuṇajātaka		
ja309	Ja-i	2441	JA309	chavakajātaka		
ja310	Ja-i	2456	JA310	seyyajātaka		
ja311	Ja-i	2474	JA311	pucimandajātaka		
ja312	Ja-i	2490	JA312	kassapamandiyajātaka		
ja313	Ja-i	2504	JA313	khantīvādījātaka		
ja314	Ja-i	2518	JA314	lohakumbhijātaka		
ja315	Ja-i	2532	JA315	sabbamaṃsalābhajātaka		
ja316	Ja-i	2546	JA316	sasapaṇḍitajātaka		
ja317	Ja-i	2561	JA317	matarodanajātaka		
ja318	Ja-i	2575	JA318	kaṇaverajātaka		
ja319	Ja-i	2590	JA319	tittirajātaka		
ja320	Ja-i	2604	JA320	succajajātaka		
ja321	Ja-i	2622	JA321	kuṭidūsakajātaka		
ja322	Ja-i	2637	JA322	duddubhajātaka		
ja323	Ja-i	2651	JA323	brahmadattajātaka		
ja324	Ja-i	2665	JA324	cammasāṭakajātaka		
ja325	Ja-i	2679	JA325	godharājajātaka		
ja326	Ja-i	2693	JA326	kakkārujātaka		
ja327	Ja-i	2707	JA327	kākavatījātaka		
ja328	Ja-i	2721	JA328	ananusociyajātaka		
ja329	Ja-i	2735	JA329	kāḷabāhujātaka		
ja330	Ja-i	2749	JA330	sīlavīmaṃsajātaka		
ja331	Ja-i	2767	JA331	kokilajātaka		
ja332	Ja-i	2782	JA332	rathalaṭṭhijātaka		
ja333	Ja-i	2796	JA333	pakkagodhajātaka		
ja334	Ja-i	2811	JA334	rājovādajātaka		
ja335	Ja-i	2827	JA335	jambukajātaka		
ja336	Ja-i	2841	JA336	brahāchattajātaka		
ja337	Ja-i	2855	JA337	pīṭhajātaka		
ja338	Ja-i	2869	JA338	thusajātaka		
ja339	Ja-i	2883	JA339	bāverujātaka		
ja340	Ja-i	2897	JA340	visayhajātaka		
ja341	Ja-i	2915	JA341	kaṇḍarījātaka		
ja342	Ja-i	2930	JA342	vānarajātaka		
ja343	Ja-i	2944	JA343	kuntinījātaka		
ja344	Ja-i	2958	JA344	ambajātaka		
ja345	Ja-i	2972	JA345	gajakumbhajātaka		
ja346	Ja-i	2986	JA346	kesavajātaka		
ja347	Ja-i	3000	JA347	ayakūṭajātaka		
ja348	Ja-i	3014	JA348	araññajātaka		
ja349	Ja-i	3028	JA349	sandhibhedajātaka		
ja350	Ja-i	3042	JA350	devatāpañhajātaka		
ja351	Ja-i	3065	JA351	maṇikuṇḍalajātaka		
ja352	Ja-i	3084	JA352	sujātajātaka		
ja353	Ja-i	3110	JA353	venasākhajātaka		
ja354	Ja-i	3128	JA354	uragajātaka		
ja355	Ja-i	3160	JA355	ghaṭajātaka		
ja356	Ja-i	3177	JA356	koraṇḍiyajātaka		
ja357	Ja-i	3194	JA357	laṭukikajātaka		
ja358	Ja-i	3212	JA358	cūḷadhammapālajātaka		
ja359	Ja-i	3232	JA359	suvaṇṇamigajātaka		
ja360	Ja-i	3249	JA360	suyonandījātaka		
ja361	Ja-i	3270	JA361	vaṇṇārohajātaka		
ja362	Ja-i	3288	JA362	sīlavīmaṃsajātaka		
ja363	Ja-i	3305	JA363	hirijātaka		
ja364	Ja-i	3322	JA364	khajjopanakajātaka		
ja365	Ja-i	3339	JA365	ahituṇḍikajātaka		
ja366	Ja-i	3356	JA366	gumbiyajātaka		
ja367	Ja-i	3373	JA367	sāḷiyajātaka		
ja368	Ja-i	3390	JA368	tacasārajātaka		
ja369	Ja-i	3407	JA369	mittavindakajātaka		
ja370	Ja-i	3425	JA370	palāsajātaka		
ja371	Ja-i	3443	JA371	dīghītikosalajātaka		
ja372	Ja-i	3464	JA372	migapotakajātaka		
ja373	Ja-i	3487	JA373	mūsikajātaka		
ja374	Ja-i	3505	JA374	cūḷadhanuggahajātaka		
ja375	Ja-i	3529	JA375	kapotajātaka		
ja376	Ja-i	3557	JA376	avāriyajātaka		
ja377	Ja-i	3583	JA377	setaketujātaka		
ja378	Ja-i	3603	JA378	darīmukhajātaka		
ja379	Ja-i	3623	JA379	nerujātaka		
ja380	Ja-i	3643	JA380	āsaṅkajātaka		
ja381	Ja-i	3670	JA381	migālopajātaka		
ja382	Ja-i	3691	JA382	sirikāḷakaṇṇijātaka		
ja383	Ja-i	3750	JA383	kukkuṭajātaka		
ja384	Ja-i	3773	JA384	dhammadhajajātaka		
ja385	Ja-i	3793	JA385	nandiyamigarājajātaka		
ja386	Ja-i	3818	JA386	kharaputtajātaka		
ja387	Ja-i	3839	JA387	sūcijātaka		
ja388	Ja-i	3859	JA388	tuṇḍilajātaka		
ja389	Ja-i	3879	JA389	suvaṇṇakakkaṭajātaka		
ja390	Ja-i	3905	JA390	mayhakajātaka		
ja391	Ja-i	3926	JA391	vijjādharajātaka		
ja392	Ja-i	3949	JA392	siṅghapupphajātaka		
ja393	Ja-i	3972	JA393	vighāsādajātaka		
ja394	Ja-i	3993	JA394	vaṭṭakajātaka		
ja395	Ja-i	4013	JA395	pārāvatajātaka		
ja396	Ja-i	4041	JA396	kukkujātaka		
ja397	Ja-i	4066	JA397	manojajātaka		
ja398	Ja-i	4089	JA398	sutanujātaka		
ja399	Ja-i	4112	JA399	mātuposakagijjhajātaka		
ja400	Ja-i	4135	JA400	dabbhapupphajātaka		
ja401	Ja-i	4168	JA401	paṇṇakajātaka		
ja402	Ja-i	4197	JA402	sattubhastajātaka		
ja403	Ja-i	4223	JA403	aṭṭhisenakajātaka		
ja404	Ja-i	4246	JA404	kapijātaka		
ja405	Ja-i	4269	JA405	bakajātaka		
ja406	Ja-i	4300	JA406	gandhārajātaka		
ja407	Ja-i	4324	JA407	mahākapijātaka		
ja408	Ja-i	4348	JA408	kumbhakārajātaka		
ja409	Ja-i	4375	JA409	daḷhadhammajātaka		
ja410	Ja-i	4398	JA410	somadattajātaka		
ja411	Ja-i	4427	JA411	susīmajātaka		
ja412	Ja-i	4450	JA412	koṭasimbalijātaka		
ja413	Ja-i	4474	JA413	dhūmakārijātaka		
ja414	Ja-i	4497	JA414	jāgarajātaka		
ja415	Ja-i	4520	JA415	kummāsapiṇḍijātaka		
ja416	Ja-i	4558	JA416	parantapajātaka		
ja417	Ja-i	4589	JA417	kaccānijātaka		
ja418	Ja-i	4619	JA418	aṭṭhasaddajātaka		
ja419	Ja-i	4646	JA419	sulasājātaka		
ja420	Ja-i	4675	JA420	sumaṅgalajātaka		
ja421	Ja-i	4704	JA421	gaṅgamālajātaka		
ja422	Ja-i	4733	JA422	cetiyajātaka		
ja423	Ja-i	4781	JA423	indriyajātaka		
ja424	Ja-i	4811	JA424	ādittajātaka		
ja425	Ja-i	4837	JA425	aṭṭhānajātaka		
ja426	Ja-i	4872	JA426	dīpijātaka		
ja427	Ja-i	4902	JA427	gijjhajātaka		
ja428	Ja-i	4935	JA428	kosambiyajātaka		
ja429	Ja-i	4968	JA429	mahāsuvajātaka		
ja430	Ja-i	5000	JA430	cūḷasuvajātaka		
ja431	Ja-i	5032	JA431	haritacajātaka		
ja432	Ja-i	5061	JA432	padakusalamāṇavajātaka		
ja433	Ja-i	5096	JA433	lomasakassapajātaka		
ja434	Ja-i	5125	JA434	cakkavākajātaka		
ja435	Ja-i	5155	JA435	haliddirāgajātaka		
ja436	Ja-i	5184	JA436	samuggajātaka		
ja437	Ja-i	5213	JA437	pūtimaṃsajātaka		
ja438	Ja-i	5242	JA438	daddarajātaka		
ja439	Ja-i	5275	JA439	catudvārajātaka		
ja440	Ja-i	5308	JA440	kaṇhajātaka		
ja441	Ja-i	5353	JA441	catuposathiyajātaka		
ja442	Ja-i	5403	JA442	saṅkhajātaka		
ja443	Ja-i	5435	JA443	cūḷabodhijātaka		
ja444	Ja-i	5476	JA444	kaṇhadīpāyanajātaka		
ja445	Ja-i	5518	JA445	nigrodhajātaka		
ja446	Ja-i	5551	JA446	takkalajātaka		
ja447	Ja-i	5584	JA447	mahādhammapālajātaka		
ja448	Ja-i	5622	JA448	kukkuṭajātaka		
ja449	Ja-i	5657	JA449	maṭṭhakuṇḍalījātaka		
ja450	Ja-i	5689	JA450	bilārakosiyajātaka		
ja451	Ja-i	5723	JA451	cakkavākajātaka		
ja452	Ja-i	5755	JA452	bhūripaññajātaka		
ja453	Ja-i	5787	JA453	mahāmaṅgalajātaka		
ja454	Ja-i	5819	JA454	ghaṭapaṇḍitajātaka		
ja455	Ja-i	5871	JA455	mātuposakajātaka		
ja456	Ja-i	5910	JA456	juṇhajātaka		
ja457	Ja-i	5951	JA457	dhammadevaputtajātaka		
ja458	Ja-i	5988	JA458	udayajātaka		
ja459	Ja-i	6058	JA459	pānīyajātaka		
ja460	Ja-i	6105	JA460	yudhañcayajātaka		
ja461	Ja-i	6140	JA461	dasarathajātaka		
ja462	Ja-i	6182	JA462	saṃvarajātaka		
ja463	Ja-i	6217	JA463	suppārakajātaka		
ja464	Ja-i	6264	JA464	cūḷakuṇālajātaka		
ja465	Ja-i	6303	JA465	bhaddasālajātaka		
ja466	Ja-i	6342	JA466	samuddavāṇijajātaka		
ja467	Ja-i	6381	JA467	kāmajātaka		
ja468	Ja-i	6421	JA468	janasandhajātaka		
ja469	Ja-i	6459	JA469	mahākaṇhajātaka		
ja470	Ja-i	6497	JA470	kosiyajātaka		
ja471	Ja-i	6562	JA471	meṇḍakapañhajātaka		
ja472	Ja-i	6600	JA472	mahāpadumajātaka		
ja473	Ja-i	6648	JA473	mittāmittajātaka		
ja474	Ja-i	6692	JA474	ambajātaka		
ja475	Ja-i	6735	JA475	phandanajātaka		
ja476	Ja-i	6776	JA476	javanahaṃsajātaka		
ja477	Ja-i	6819	JA477	cūḷanāradajātaka		
ja478	Ja-i	6865	JA478	dūtajātaka		
ja479	Ja-i	6907	JA479	kāliṅgabodhijātaka		
ja480	Ja-i	6959	JA480	akittijātaka		
ja481	Ja-i	7031	JA481	takkāriyajātaka		
ja482	Ja-i	7073	JA482	rurumigarājajātaka		
ja483	Ja-i	7128	JA483	sarabhamigajātaka		
ja484	Ja-i	7188	JA484	sālikedārajātaka		
ja485	Ja-i	7243	JA485	candakinnarījātaka		
ja486	Ja-i	7323	JA486	mahāukkusajātaka		
ja487	Ja-i	7379	JA487	uddālakajātaka		
ja488	Ja-i	7431	JA488	bhisajātaka		
ja489	Ja-i	7505	JA489	surucijātaka		
ja490	Ja-i	7584	JA490	pañcuposathikajātaka		
ja491	Ja-i	7634	JA491	mahāmorajātaka		
ja492	Ja-i	7688	JA492	tacchasūkarajātaka		
ja493	Ja-i	7750	JA493	mahāvāṇijajātaka		
ja494	Ja-i	7821	JA494	sādhinajātaka		
ja495	Ja-i	7889	JA495	dasabrāhmaṇajātaka		
ja496	Ja-i	8057	JA496	bhikkhāparamparajātaka		
ja497	Ja-i	8123	JA497	mātaṅgajātaka		
ja498	Ja-i	8195	JA498	cittasambhūtajātaka		
ja499	Ja-i	8281	JA499	sivijātaka		
ja500	Ja-i	8378	JA500	sirīmantajātaka		
ja501	Ja-i	8459	JA501	rohaṇamigajātaka		
ja502	Ja-i	8548	JA502	cūḷahaṃsajātaka		
ja503	Ja-i	8628	JA503	sattigumbajātaka		
ja504	Ja-i	8714	JA504	bhallātiyajātaka		
ja505	Ja-i	8791	JA505	somanassajātaka		
ja506	Ja-i	8880	JA506	campeyyajātaka		
ja507	Ja-i	9017	JA507	mahāpalobhanajātaka		
ja508	Ja-i	9112	JA508	pañcapaṇḍitajātaka		
ja509	Ja-i	9181	JA509	hatthipālajātaka		
ja510	Ja-i	9261	JA510	ayogharajātaka		
ja511	Ja-i	9339	JA511	kiṃchandajātaka		
ja512	Ja-i	9442	JA512	kumbhajātaka		
ja513	Ja-i	9537	JA513	jayaddisajātaka		
ja514	Ja-i	9641	JA514	chaddantajātaka		
ja515	Ja-i	9769	JA515	sambhavajātaka		
ja516	Ja-i	9903	JA516	mahākapijātaka		
ja517	Ja-i	10043	JA517	dakarakkhasajātaka		
ja518	Ja-i	10152	JA518	paṇḍaranāgarājajātaka		
ja519	Ja-i	10272	JA519	sambulājātaka		
ja520	Ja-i	10384	JA520	gandhatindukajātaka		
ja521	Ja-ii	5	JA521	tesakuṇajātaka		
ja522	Ja-ii	154	JA522	sarabhaṅgajātaka		
ja523	Ja-ii	297	JA523	alambusājātaka		
ja524	Ja-ii	446	JA524	saṅkhapālajātaka		
ja525	Ja-ii	606	JA525	cūḷasutasomajātaka		
ja526	Ja-ii	765	JA526	niḷinikājātaka		
ja527	Ja-ii	937	JA527	ummādantījātaka		
ja528	Ja-ii	1136	JA528	mahābodhijātaka		
ja529	Ja-ii	1333	JA529	soṇakajātaka		
ja530	Ja-ii	1546	JA530	saṃkiccajātaka		
ja531	Ja-ii	1754	JA531	kusajātaka		
ja532	Ja-ii	2034	JA532	soṇanandajātaka		
ja533	Ja-ii	2326	JA533	cūḷahaṃsajātaka		
ja534	Ja-ii	2594	JA534	mahāhaṃsajātaka		
ja535	Ja-ii	2913	JA535	sudhābhojanajātaka		
ja536	Ja-ii	3215	JA536	kuṇālajātaka		
ja537	Ja-ii	3511	JA537	mahāsutasomajātaka		
ja538	Ja-ii	3894	JA538	mūgapakkhajātaka		
ja539	Ja-ii	4266	JA539	mahājanakajātaka		
ja540	Ja-ii	4813	JA540	suvaṇṇasāmajātaka		
ja541	Ja-ii	5193	JA541	nimijātaka		
ja542	Ja-ii	5751	JA542	umaṅgajātaka		
ja543	Ja-ii	6357	JA543	bhūridattajātaka		
ja544	Ja-ii	6959	JA544	candakumārajātaka		
ja545	Ja-ii	7482	JA545	mahānāradakassapajātaka		
ja546	Ja-ii	8075	JA546	vidhurajātaka		
ja547	Ja-ii	9034	JA547	vessantarajātaka		
khp1	Khp	3	KHP1	saraṇattaya		KP1
khp2	Khp	15	KHP2	dasasikkhāpada		KP2
khp3	Khp	27	KHP3	dvattiṃsākāra		KP3
khp4	Khp	36	KHP4	kumārapañhā		KP4
khp5	Khp	48	KHP5	maṅgalasutta		KP5
khp6	Khp	87	KHP6	ratanasutta		KP6
khp7	Khp	153	KHP7	tirokuṭṭasutta		KP7
khp8	Khp	193	KHP8	nidhikaṇḍasutta		KP8
khp9	Khp	244	KHP9	mettasutta		KP9
kp1	Khp	3	KHP1	saraṇattaya		KP1
kp2	Khp	15	KHP2	dasasikkhāpada		KP2
kp3	Khp	27	KHP3	dvattiṃsākāra		KP3
kp4	Khp	36	KHP4	kumārapañhā		KP4
kp5	Khp	48	KHP5	maṅgalasutta		KP5
kp6	Khp	87	KHP6	ratanasutta		KP6
kp7	Khp	153	KHP7	tirokuṭṭasutta		KP7
kp8	Khp	193	KHP8	nidhikaṇḍasutta		KP8
kp9	Khp	244	KHP9	mettasutta		KP9
mn1	M-i	3	MN1	mūlapariyāyasutta		
mn1-10	M-i	3	MN1-10	mūlapariyāyavagga		
mn1-50	M-i	3	MN1-50	mūlapaṇṇāsapāḷi		
mn2	M-i	55	MN2	sabbāsavasutta		
mn3	M-i	95	MN3	dhammadāyādasutta		
mn4	M-i	108	MN4	bhayabheravasutta		
mn5	M-i	134	MN5	anaṅgaṇasutta		
mn6	M-i	165	MN6	ākaṅkheyyasutta		
mn7	M-i	188	MN7	vatthasutta		
mn8	M-i	213	MN8	sallekhasutta		
mn9	M-i	237	MN9	sammādiṭṭhisutta		
mn10	M-i	280	MN10	mahāsatipaṭṭhānasutta		
mn11	M-i	415	MN11	cūḷasīhanādasutta		
mn11-20	M-i	415	MN11-20	sīhanādavagga		
mn12	M-i	440	MN12	mahāsīhanādasutta		
mn13	M-i	505	MN13	mahādukkhakkhandhasutta		
mn14	M-i	536	MN14	cūḷadukkhakkhandhasutta		
mn15	M-i	559	MN15	anumānasutta		
mn16	M-i	631	MN16	cetokhilasutta		
mn17	M-i	658	MN17	vanapatthasutta		
mn18	M-i	670	MN18	madhupiṇḍikasutta		
mn19	M-i	688	MN19	dvedhāvitakkasutta		
mn20	M-i	706	MN20	vitakkasaṇṭhānasutta		
mn21	M-i	720	MN21	kakacūpamasutta		
mn21-30	M-i	720	MN21-30	opammavagga		
mn22	M-i	747	MN22	alagaddūpamasutta		
mn23	M-i	799	MN23	vammikasutta		
mn24	M-i	818	MN24	rathavinītasutta		
mn25	M-i	869	MN25	nivāpasutta		
mn26	M-i	899	MN26	pāsarāsisutta		
mn27	M-i	989	MN27	cūḷahatthipadopamasutta		
mn28	M-i	1032	MN28	mahāhatthipadopamasutta		
mn29	M-i	1056	MN29	mahāsāropamasutta		
mn30	M-i	1074	MN30	cūḷasāropamasutta		
mn31	M-i	1103	MN31	cūḷagosiṅgasutta		
mn31-40	M-i	1103	MN31-40	mahāyamakavagga		
mn32	M-i	1123	MN32	mahāgosiṅgasutta		
mn33	M-i	1140	MN33	mahāgopālakasutta		
mn34	M-i	1170	MN34	cūḷagopālakasutta		
mn35	M-i	1188	MN35	cūḷasaccakasutta		
mn36	M-i	1217	MN36	mahāsaccakasutta		
mn37	M-i	1259	MN37	cūḷataṇhāsaṅkhayasutta		
mn38	M-i	1273	MN38	mahātaṇhāsaṅkhayasutta		
mn39	M-i	1373	MN39	mahāassapurasutta		
mn40	M-i	1409	MN40	cūḷaassapurasutta		
mn41	M-i	1424	MN41	sāleyyakasutta		
mn41-50	M-i	1424	MN41-50	cūḷayamakavagga		
mn42	M-i	1463	MN42	verañjakasutta		
mn43	M-i	1487	MN43	mahāvedallasutta		
mn44	M-i	1568	MN44	cūḷavedallasutta		
mn45	M-i	1630	MN45	cūḷadhammasamādānasutta		
mn46	M-i	1638	MN46	mahādhammasamādānasutta		
mn47	M-i	1662	MN47	vīmaṃsakasutta		
mn48	M-i	1677	MN48	kosambiyasutta		
mn49	M-i	1697	MN49	brahmanimantanikasutta		
mn50	M-i	1723	MN50	māratajjanīyasutta		
mn51	M-ii	3	MN51	kandarakasutta		
mn51-60	M-ii	3	MN51-60	gahapativagga		
mn51-100	M-ii	3	MN51-100	majjhimapaṇṇāsapāḷi		
mn52	M-ii	29	MN52	aṭṭhakanāgarasutta		
mn53	M-ii	45	MN53	sekhasutta		
mn54	M-ii	68	MN54	potaliyasutta		
mn55	M-ii	109	MN55	jīvakasutta		
mn56	M-ii	123	MN56	upālisutta		
mn57	M-ii	234	MN57	kukkuravatikasutta		
mn58	M-ii	248	MN58	abhayarājakumārasutta		
mn59	M-ii	261	MN59	bahuvedanīyasutta		
mn60	M-ii	277	MN60	apaṇṇakasutta		
mn61	M-ii	309	MN61	ambalaṭṭhikarāhulovādasutta		
mn61-70	M-ii	309	MN61-70	bhikkhuvagga		
mn62	M-ii	325	MN62	mahārāhulovādasutta		
mn63	M-ii	346	MN63	cūḷamālukyasutta		
mn64	M-ii	356	MN64	mahāmālukyasutta		
mn65	M-ii	372	MN65	bhaddālisutta		
mn66	M-ii	408	MN66	laṭukikopamasutta		
mn67	M-ii	425	MN67	cātumasutta		
mn68	M-ii	437	MN68	naḷakapānasutta		
mn69	M-ii	460	MN69	goliyānisutta		
mn70	M-ii	482	MN70	kīṭāgirisutta		
mn71	M-ii	508	MN71	tevijjavacchasutta		
mn71-80	M-ii	508	MN71-80	paribbājakavagga		
mn72	M-ii	520	MN72	aggivacchasutta		
mn73	M-ii	550	MN73	mahāvacchasutta		
mn74	M-ii	579	MN74	dīghanakhasutta		
mn75	M-ii	588	MN75	māgaṇḍiyasutta		
mn76	M-ii	615	MN76	sandakasutta		
mn77	M-ii	645	MN77	mahāsakuludāyisutta		
mn78	M-ii	702	MN78	samaṇamuṇḍikasutta		
mn79	M-ii	733	MN79	cūḷasakuludāyisutta		
mn80	M-ii	780	MN80	vekhanasasutta		
mn81	M-ii	801	MN81	ghaṭikārasutta		
mn81-90	M-ii	801	MN81-90	rājavagga		
mn82	M-ii	818	MN82	raṭṭhapālasutta		
mn83	M-ii	906	MN83	maghadevasutta		
mn84	M-ii	920	MN84	madhurasutta		
mn85	M-ii	941	MN85	bodhirājakumārasutta		
mn86	M-ii	1018	MN86	aṅgulimālasutta		
mn87	M-ii	1087	MN87	piyajātikasutta		
mn88	M-ii	1103	MN88	bāhitikasutta		
mn89	M-ii	1137	MN89	dhammacetiyasutta		
mn90	M-ii	1151	MN90	kaṇṇakatthalasutta		
mn91	M-ii	1170	MN91	brahmāyusutta		
mn91-100	M-ii	1170	MN91-100	brāhmaṇavagga		
mn92	M-ii	1254	MN92	selasutta		
mn93	M-ii	1323	MN93	assalāyanasutta		
mn94	M-ii	1352	MN94	ghoṭamukhasutta		
mn95	M-ii	1386	MN95	caṅkīsutta		
mn96	M-ii	1415	MN96	esukārīsutta		
mn97	M-ii	1436	MN97	dhanañjānisutta		
mn98	M-ii	1466	MN98	vāseṭṭhasutta		
mn99	M-ii	1608	MN99	subhasutta		
mn100	M-ii	1653	MN100	saṅgāravasutta		
mn101	M-iii	3	MN101	devadahasutta		
mn101-110	M-iii	3	MN101-110	devadahavagga		
mn101-152	M-iii	3	MN101-152	uparipaṇṇāsapāḷi		
mn102	M-iii	49	MN102	pañcattayasutta		
mn103	M-iii	66	MN103	kintisutta		
mn104	M-iii	83	MN104	sāmagāmasutta		
mn105	M-iii	111	MN105	sunakkhattasutta		
mn106	M-iii	130	MN106	āneñjasappāyasutta		
mn107	M-iii	143	MN107	gaṇakamoggallānasutta		
mn108	M-iii	163	MN108	gopakamoggallānasutta		
mn109	M-iii	191	MN109	mahāpuṇṇamasutta		
mn110	M-iii	208	MN110	cūḷapuṇṇamasutta		
mn111	M-iii	235	MN111	anupadasutta		
mn111-120	M-iii	235	MN111-120	anupadavagga		
mn112	M-iii	251	MN112	chabbisodhanasutta		
mn113	M-iii	269	MN113	sappurisasutta		
mn114	M-iii	292	MN114	sevitabbāsevitabbasutta		
mn115	M-iii	340	MN115	bahudhātukasutta		
mn116	M-iii	361	MN116	isigilisutta		
mn117	M-iii	420	MN117	mahācattārīsakasutta		
mn118	M-iii	439	MN118	ānāpānassatisutta		
mn119	M-iii	473	MN119	kāyagatāsatisutta		
mn120	M-iii	507	MN120	saṅkhārupapattisutta		
mn121	M-iii	530	MN121	cūḷasuññatasutta		
mn121-130	M-iii	530	MN121-130	suññatavagga		
mn122	M-iii	543	MN122	mahāsuññatasutta		
mn123	M-iii	569	MN123	acchariyaabbhutasutta		
mn124	M-iii	595	MN124	bākulasutta		
mn125	M-iii	611	MN125	dantabhūmisutta		
mn126	M-iii	638	MN126	bhūmijasutta		
mn127	M-iii	653	MN127	anuruddhasutta		
mn128	M-iii	675	MN128	upakkilesasutta		
mn129	M-iii	730	MN129	bālapaṇḍitasutta		
mn130	M-iii	778	MN130	devadūtasutta		
mn131	M-iii	833	MN131	bhaddekarattasutta		
mn131-142	M-iii	833	MN131-142	vibhaṅgavagga		
mn132	M-iii	861	MN132	ānandabhaddekarattasutta		
mn133	M-iii	896	MN133	mahākaccānabhaddekarattasutta		
mn134	M-iii	960	MN134	lomasakaṅgiyabhaddekarattasutta		
mn135	M-iii	996	MN135	cūḷakammavibhaṅgasutta		
mn136	M-iii	1018	MN136	mahākammavibhaṅgasutta		
mn137	M-iii	1044	MN137	saḷāyatanavibhaṅgasutta		
mn138	M-iii	1072	MN138	uddesavibhaṅgasutta		
mn139	M-iii	1100	MN139	araṇavibhaṅgasutta		
mn140	M-iii	1134	MN140	dhātuvibhaṅgasutta		
mn141	M-iii	1172	MN141	saccavibhaṅgasutta		
mn142	M-iii	1203	MN142	dakkhiṇāvibhaṅgasutta		
mn143	M-iii	1247	MN143	anāthapiṇḍikovādasutta		
mn143-152	M-iii	1247	MN143-152	saḷāyatanavagga		
mn144	M-iii	1287	MN144	channovādasutta		
mn145	M-iii	1301	MN145	puṇṇovādasutta		
mn146	M-iii	1318	MN146	nandakovādasutta		
mn147	M-iii	1343	MN147	cūḷarāhulovādasutta		
mn148	M-iii	1351	MN148	chachakkasutta		
mn149	M-iii	1385	MN149	mahāsaḷāyatanikasutta		
mn150	M-iii	1411	MN150	nagaravindeyyasutta		
mn151	M-iii	1419	MN151	piṇḍapātapārisuddhisutta		
mn152	M-iii	1438	MN152	indriyabhāvanāsutta		
pv1	Pv	3	PV1	khettūpamapetavatthu		
pv2	Pv	16	PV2	sūkaramukhapetavatthu		
pv3	Pv	27	PV3	pūtimukhapetavatthu		
pv4	Pv	40	PV4	piṭṭhadhītalikapetavatthu		
pv5	Pv	56	PV5	tirokuṭṭapetavatthu		
pv6	Pv	96	PV6	pañcaputtakhādapetivatthu		
pv7	Pv	126	PV7	sattaputtakhādapetivatthu		
pv8	Pv	161	PV8	goṇapetavatthu		
pv9	Pv	187	PV9	mahāpesakārapetivatthu		
pv10	Pv	202	PV10	khallāṭiyapetivatthu		
pv11	Pv	250	PV11	nāgapetavatthu		
pv12	Pv	289	PV12	uragapetavatthu		
pv13	Pv	326	PV13	saṃsāramocakapetivatthu		
pv14	Pv	393	PV14	sāriputtattheramātupetivatthu		
pv15	Pv	449	PV15	mattāpetivatthu		
pv16	Pv	557	PV16	nandāpetivatthu		
pv17	Pv	615	PV17	maṭṭhakuṇḍalīpetavatthu		
pv18	Pv	680	PV18	kaṇhapetavatthu		
pv19	Pv	743	PV19	dhanapālaseṭṭhipetavatthu		
pv20	Pv	804	PV20	cūḷaseṭṭhipetavatthu		
pv21	Pv	844	PV21	aṅkurapetavatthu		
pv22	Pv	1071	PV22	uttaramātupetivatthu		
pv23	Pv	1104	PV23	suttapetavatthu		
pv24	Pv	1129	PV24	kaṇṇamuṇḍapetivatthu		
pv25	Pv	1194	PV25	ubbaripetavatthu		
pv26	Pv	1259	PV26	abhijjamānapetavatthu		
pv27	Pv	1327	PV27	sāṇavāsītherapetavatthu		
pv28	Pv	1427	PV28	rathakārapetivatthu		
pv29	Pv	1454	PV29	bhusapetavatthu		
pv30	Pv	1474	PV30	kumārapetavatthu		
pv31	Pv	1509	PV31	seriṇīpetavatthu		
pv32	Pv	1559	PV32	migaluddakapetavatthu		
pv33	Pv	1591	PV33	dutiyamigaluddakapetavatthu		
pv34	Pv	1627	PV34	kūṭavinicchayikapetavatthu		
pv35	Pv	1655	PV35	dhātuvivaṇṇapetavatthu		
pv36	Pv	1693	PV36	ambasakkarapetavatthu		
pv37	Pv	1965	PV37	serīsakapetavatthu		
pv38	Pv	2135	PV38	nandakapetavatthu		
pv39	Pv	2312	PV39	revatīpetavatthu		
pv40	Pv	2386	PV40	ucchupetavatthu		
pv41	Pv	2415	PV41	kumārapetavatthu		
pv42	Pv	2439	PV42	rājaputtapetavatthu		
pv43	Pv	2480	PV43	gūthakhādakapetavatthu		
pv44	Pv	2506	PV44	gūthakhādakapetivatthu		
pv45	Pv	2532	PV45	gaṇapetavatthu		
pv46	Pv	2567	PV46	pāṭaliputtapetavatthu		
pv47	Pv	2579	PV47	ambavanapetavatthu		
pv48	Pv	2593	PV48	akkharukkhapetavatthu		
pv49	Pv	2598	PV49	bhogasaṃharapetavatthu		
pv50	Pv	2603	PV50	seṭṭhiputtapetavatthu		
pv51	Pv	2617	PV51	saṭṭhikūṭapetavatthu		
sn1	S-i	3	SN1	devatāsaṃyutta		
sn1-11	S-i	3	SN1-11	sagāthāvaggasaṃyuttapāḷi		
sn1.1	S-i	3	SN1.1	oghataraṇasutta		
sn1.1-10	S-i	3	SN1.1-10	naḷavagga		
sn1.2	S-i	11	SN1.2	nimokkhasutta		
sn1.3	S-i	17	SN1.3	upanīyasutta		
sn1.4	S-i	27	SN1.4	accentisutta		
sn1.5	S-i	37	SN1.5	katichindasutta		
sn1.6	S-i	43	SN1.6	jāgarasutta		
sn1.7	S-i	49	SN1.7	appaṭividitasutta		
sn1.8	S-i	55	SN1.8	susammuṭṭhasutta		
sn1.9	S-i	61	SN1.9	mānakāmasutta		
sn1.10	S-i	71	SN1.10	araññasutta		
sn1.11	S-i	84	SN1.11	nandanasutta		
sn1.11-20	S-i	84	SN1.11-20	nandanavagga		
sn1.12	S-i	94	SN1.12	nandatisutta		
sn1.13	S-i	104	SN1.13	natthiputtasamasutta		
sn1.14	S-i	110	SN1.14	khattiyasutta		
sn1.15	S-i	115	SN1.15	saṇamānasutta		
sn1.16	S-i	120	SN1.16	niddātandīsutta		
sn1.17	S-i	125	SN1.17	dukkarasutta		
sn1.18	S-i	134	SN1.18	hirīsutta		
sn1.19	S-i	139	SN1.19	kuṭikāsutta		
sn1.20	S-i	151	SN1.20	samiddhisutta		
sn1.21	S-i	200	SN1.21	sattisutta		
sn1.21-30	S-i	200	SN1.21-30	sattivagga		
sn1.22	S-i	207	SN1.22	phusatisutta		
sn1.23	S-i	215	SN1.23	jaṭāsutta		
sn1.24	S-i	225	SN1.24	manonivāraṇasutta		
sn1.25	S-i	234	SN1.25	arahantasutta		
sn1.26	S-i	258	SN1.26	pajjotasutta		
sn1.27	S-i	266	SN1.27	sarasutta		
sn1.28	S-i	273	SN1.28	mahaddhanasutta		
sn1.29	S-i	282	SN1.29	catucakkasutta		
sn1.30	S-i	288	SN1.30	eṇijaṅghasutta		
sn1.31	S-i	300	SN1.31	sabbhisutta		
sn1.31-40	S-i	300	SN1.31-40	satullapakāyikavagga		
sn1.32	S-i	324	SN1.32	maccharisutta		
sn1.33	S-i	361	SN1.33	sādhusutta		
sn1.34	S-i	407	SN1.34	nasantisutta		
sn1.35	S-i	438	SN1.35	ujjhānasaññisutta		
sn1.36	S-i	462	SN1.36	saddhāsutta		
sn1.37	S-i	477	SN1.37	samayasutta		
sn1.38	S-i	491	SN1.38	sakalikasutta		
sn1.39	S-i	508	SN1.39	paṭhamapajjunnadhītusutta		
sn1.40	S-i	518	SN1.40	dutiyapajjunnadhītusutta		
sn1.41	S-i	532	SN1.41	ādittasutta		
sn1.41-50	S-i	532	SN1.41-50	ādittavagga		
sn1.42	S-i	545	SN1.42	kiṃdadasutta		
sn1.43	S-i	554	SN1.43	annasutta		
sn1.44	S-i	562	SN1.44	ekamūlasutta		
sn1.45	S-i	566	SN1.45	anomasutta		
sn1.46	S-i	570	SN1.46	accharāsutta		
sn1.47	S-i	580	SN1.47	vanaropasutta		
sn1.48	S-i	588	SN1.48	jetavanasutta		
sn1.49	S-i	598	SN1.49	maccharisutta		
sn1.50	S-i	623	SN1.50	ghaṭīkārasutta		
sn1.51	S-i	657	SN1.51	jarāsutta		
sn1.51-60	S-i	657	SN1.51-60	jarāvagga		
sn1.52	S-i	664	SN1.52	ajarasāsutta		
sn1.53	S-i	670	SN1.53	mittasutta		
sn1.54	S-i	677	SN1.54	vatthusutta		
sn1.55	S-i	683	SN1.55	paṭhamajanasutta		
sn1.56	S-i	689	SN1.56	dutiyajanasutta		
sn1.57	S-i	695	SN1.57	tatiyajanasutta		
sn1.58	S-i	701	SN1.58	uppathasutta		
sn1.59	S-i	708	SN1.59	dutiyasutta		
sn1.60	S-i	714	SN1.60	kavisutta		
sn1.61	S-i	724	SN1.61	nāmasutta		
sn1.61-70	S-i	724	SN1.61-70	addhavagga		
sn1.62	S-i	731	SN1.62	cittasutta		
sn1.63	S-i	737	SN1.63	taṇhāsutta		
sn1.64	S-i	743	SN1.64	saṃyojanasutta		
sn1.65	S-i	749	SN1.65	bandhanasutta		
sn1.66	S-i	755	SN1.66	attahatasutta		
sn1.67	S-i	761	SN1.67	uḍḍitasutta		
sn1.68	S-i	767	SN1.68	pihitasutta		
sn1.69	S-i	773	SN1.69	icchāsutta		
sn1.70	S-i	779	SN1.70	lokasutta		
sn1.71	S-i	789	SN1.71	chetvāsutta		
sn1.71-81	S-i	789	SN1.71-81	chetvāvagga		
sn1.72	S-i	797	SN1.72	rathasutta		
sn1.73	S-i	803	SN1.73	vittasutta		
sn1.74	S-i	809	SN1.74	vuṭṭhisutta		
sn1.75	S-i	817	SN1.75	bhītāsutta		
sn1.76	S-i	829	SN1.76	najīratisutta		
sn1.77	S-i	844	SN1.77	issariyasutta		
sn1.78	S-i	854	SN1.78	kāmasutta		
sn1.79	S-i	860	SN1.79	pātheyyasutta		
sn1.80	S-i	868	SN1.80	pajjotasutta		
sn1.81	S-i	878	SN1.81	araṇasutta		
sn2	S-i	893	SN2	devaputtasaṃyutta		
sn2.1	S-i	893	SN2.1	paṭhamakassapasutta		
sn2.1-10	S-i	893	SN2.1-10	paṭhamavagga		
sn2.2	S-i	900	SN2.2	dutiyakassapasutta		
sn2.3	S-i	906	SN2.3	māghasutta		
sn2.4	S-i	913	SN2.4	māgadhasutta		
sn2.5	S-i	921	SN2.5	dāmalisutta		
sn2.6	S-i	935	SN2.6	kāmadasutta		
sn2.7	S-i	955	SN2.7	pañcālacaṇḍasutta		
sn2.8	S-i	963	SN2.8	tāyanasutta		
sn2.9	S-i	988	SN2.9	candimasutta		
sn2.10	S-i	1000	SN2.10	sūriyasutta		
sn2.11	S-i	1020	SN2.11	candimasasutta		
sn2.11-20	S-i	1020	SN2.11-20	anāthapiṇḍikavagga		
sn2.12	S-i	1027	SN2.12	veṇḍusutta		
sn2.13	S-i	1035	SN2.13	dīghalaṭṭhisutta		
sn2.14	S-i	1041	SN2.14	nandanasutta		
sn2.15	S-i	1057	SN2.15	candanasutta		
sn2.16	S-i	1065	SN2.16	vāsudattasutta		
sn2.17	S-i	1071	SN2.17	subrahmasutta		
sn2.18	S-i	1079	SN2.18	kakudhasutta		
sn2.19	S-i	1091	SN2.19	uttarasutta		
sn2.20	S-i	1101	SN2.20	anāthapiṇḍikasutta		
sn2.21	S-i	1128	SN2.21	sivasutta		
sn2.21-30	S-i	1128	SN2.21-30	nānātitthiyavagga		
sn2.22	S-i	1146	SN2.22	khemasutta		
sn2.23	S-i	1160	SN2.23	serīsutta		
sn2.24	S-i	1182	SN2.24	ghaṭīkārasutta		
sn2.25	S-i	1212	SN2.25	jantusutta		
sn2.26	S-i	1224	SN2.26	rohitassasutta		
sn2.27	S-i	1236	SN2.27	nandasutta		
sn2.28	S-i	1246	SN2.28	nandivisālasutta		
sn2.29	S-i	1252	SN2.29	susimasutta		
sn2.30	S-i	1270	SN2.30	nānātitthiyasāvakasutta		
sn3	S-i	1312	SN3	kosalasaṃyutta		
sn3.1	S-i	1312	SN3.1	daharasutta		
sn3.1-10	S-i	1312	SN3.1-10	paṭhamavagga		
sn3.2	S-i	1343	SN3.2	purisasutta		
sn3.3	S-i	1348	SN3.3	jarāmaraṇasutta		
sn3.4	S-i	1354	SN3.4	piyasutta		
sn3.5	S-i	1367	SN3.5	attarakkhitasutta		
sn3.6	S-i	1373	SN3.6	appakasutta		
sn3.7	S-i	1379	SN3.7	aḍḍakaraṇasutta		
sn3.8	S-i	1385	SN3.8	mallikāsutta		
sn3.9	S-i	1393	SN3.9	yaññasutta		
sn3.10	S-i	1407	SN3.10	bandhanasutta		
sn3.11	S-i	1423	SN3.11	sattajaṭilasutta		
sn3.11-20	S-i	1423	SN3.11-20	dutiyavagga		
sn3.12	S-i	1441	SN3.12	pañcarājasutta		
sn3.13	S-i	1457	SN3.13	doṇapākasutta		
sn3.14	S-i	1470	SN3.14	paṭhamasaṅgāmasutta		
sn3.15	S-i	1477	SN3.15	dutiyasaṅgāmasutta		
sn3.16	S-i	1490	SN3.16	mallikāsutta		
sn3.17	S-i	1497	SN3.17	appamādasutta		
sn3.18	S-i	1508	SN3.18	kalyāṇamittasutta		
sn3.19	S-i	1527	SN3.19	paṭhamaaputtakasutta		
sn3.20	S-i	1542	SN3.20	dutiyaaputtakasutta		
sn3.21	S-i	1560	SN3.21	puggalasutta		
sn3.21-25	S-i	1560	SN3.21-25	tatiyavagga		
sn3.22	S-i	1599	SN3.22	ayyikāsutta		
sn3.23	S-i	1608	SN3.23	lokasutta		
sn3.24	S-i	1612	SN3.24	issattasutta		
sn3.25	S-i	1631	SN3.25	pabbatūpamasutta		
sn4	S-i	1653	SN4	mārasaṃyutta		
sn4.1	S-i	1653	SN4.1	tapokammasutta		
sn4.1-10	S-i	1653	SN4.1-10	paṭhamavagga		
sn4.2	S-i	1666	SN4.2	hatthirājavaṇṇasutta		
sn4.3	S-i	1671	SN4.3	subhasutta		
sn4.4	S-i	1678	SN4.4	paṭhamamārapāsasutta		
sn4.5	S-i	1686	SN4.5	dutiyamārapāsasutta		
sn4.6	S-i	1694	SN4.6	sappasutta		
sn4.7	S-i	1711	SN4.7	supatisutta		
sn4.8	S-i	1722	SN4.8	nandatisutta		
sn4.9	S-i	1729	SN4.9	paṭhamaāyusutta		
sn4.10	S-i	1738	SN4.10	dutiyaāyusutta		
sn4.11	S-i	1751	SN4.11	pāsāṇasutta		
sn4.11-20	S-i	1751	SN4.11-20	dutiyavagga		
sn4.12	S-i	1758	SN4.12	kinnusīhasutta		
sn4.13	S-i	1766	SN4.13	sakalikasutta		
sn4.14	S-i	1785	SN4.14	patirūpasutta		
sn4.15	S-i	1793	SN4.15	mānasasutta		
sn4.16	S-i	1800	SN4.16	pattasutta		
sn4.17	S-i	1809	SN4.17	chaphassāyatanasutta		
sn4.18	S-i	1817	SN4.18	piṇḍasutta		
sn4.19	S-i	1825	SN4.19	kassakasutta		
sn4.20	S-i	1834	SN4.20	rajjasutta		
sn4.21	S-i	1848	SN4.21	sambahulasutta		
sn4.21-25	S-i	1848	SN4.21-25	tatiyavagga		
sn4.22	S-i	1857	SN4.22	samiddhisutta		
sn4.23	S-i	1865	SN4.23	godhikasutta		
sn4.24	S-i	1888	SN4.24	sattavassānubandhasutta		
sn4.25	S-i	1912	SN4.25	māradhītusutta		
sn5	S-i	1971	SN5	bhikkhunīsaṃyutta		
sn5.1	S-i	1971	SN5.1	āḷavikāsutta		
sn5.1-10	S-i	1971	SN5.1-10	bhikkhunīvagga		
sn5.2	S-i	1982	SN5.2	somāsutta		
sn5.3	S-i	1992	SN5.3	kisāgotamīsutta		
sn5.4	S-i	2003	SN5.4	vijayāsutta		
sn5.5	S-i	2015	SN5.5	uppalavaṇṇāsutta		
sn5.6	S-i	2031	SN5.6	cālāsutta		
sn5.7	S-i	2042	SN5.7	upacālāsutta		
sn5.8	S-i	2055	SN5.8	sīsupacālāsutta		
sn5.9	S-i	2067	SN5.9	selāsutta		
sn5.10	S-i	2079	SN5.10	vajirāsutta		
sn6	S-i	2096	SN6	brahmasaṃyutta		
sn6.1	S-i	2096	SN6.1	brahmāyācanasutta		
sn6.1-10	S-i	2096	SN6.1-10	paṭhamavagga		
sn6.2	S-i	2126	SN6.2	gāravasutta		
sn6.3	S-i	2140	SN6.3	brahmadevasutta		
sn6.4	S-i	2172	SN6.4	bakabrahmasutta		
sn6.5	S-i	2209	SN6.5	aññatarabrahmasutta		
sn6.6	S-i	2228	SN6.6	brahmalokasutta		
sn6.7	S-i	2242	SN6.7	kokālikasutta		
sn6.8	S-i	2246	SN6.8	katamodakatissasutta		
sn6.9	S-i	2250	SN6.9	turūbrahmasutta		
sn6.10	S-i	2267	SN6.10	kokālikasutta		
sn6.11	S-i	2297	SN6.11	sanaṅkumārasutta		
sn6.11-15	S-i	2297	SN6.11-15	dutiyavagga		
sn6.12	S-i	2303	SN6.12	devadattasutta		
sn6.13	S-i	2307	SN6.13	andhakavindasutta		
sn6.14	S-i	2327	SN6.14	aruṇavatīsutta		
sn6.15	S-i	2344	SN6.15	parinibbānasutta		
sn7	S-i	2367	SN7	brāhmaṇasaṃyutta		
sn7.1	S-i	2367	SN7.1	dhanañjānīsutta		
sn7.1-10	S-i	2367	SN7.1-10	arahantavagga		
sn7.2	S-i	2383	SN7.2	akkosasutta		
sn7.3	S-i	2397	SN7.3	asurindakasutta		
sn7.4	S-i	2408	SN7.4	bilaṅgikasutta		
sn7.5	S-i	2415	SN7.5	ahiṃsakasutta		
sn7.6	S-i	2421	SN7.6	jaṭāsutta		
sn7.7	S-i	2432	SN7.7	suddhikasutta		
sn7.8	S-i	2442	SN7.8	aggikasutta		
sn7.9	S-i	2463	SN7.9	sundarikasutta		
sn7.10	S-i	2511	SN7.10	bahudhītarasutta		
sn7.11	S-i	2548	SN7.11	kasibhāradvājasutta		
sn7.11-22	S-i	2548	SN7.11-22	upāsakavagga		
sn7.12	S-i	2572	SN7.12	udayasutta		
sn7.13	S-i	2583	SN7.13	devahitasutta		
sn7.14	S-i	2600	SN7.14	mahāsālasutta		
sn7.15	S-i	2624	SN7.15	mānatthaddhasutta		
sn7.16	S-i	2640	SN7.16	paccanīkasutta		
sn7.17	S-i	2647	SN7.17	navakammikasutta		
sn7.18	S-i	2656	SN7.18	kaṭṭhahārasutta		
sn7.19	S-i	2679	SN7.19	mātuposakasutta		
sn7.20	S-i	2685	SN7.20	bhikkhakasutta		
sn7.21	S-i	2692	SN7.21	saṅgāravasutta		
sn7.22	S-i	2700	SN7.22	khomadussasutta		
sn8	S-i	2713	SN8	vaṅgīsasaṃyutta		
sn8.1	S-i	2713	SN8.1	nikkhantasutta		
sn8.1-12	S-i	2713	SN8.1-12	vaṅgīsavagga		
sn8.2	S-i	2726	SN8.2	aratisutta		
sn8.3	S-i	2738	SN8.3	pesalasutta		
sn8.4	S-i	2748	SN8.4	ānandasutta		
sn8.5	S-i	2760	SN8.5	subhāsitasutta		
sn8.6	S-i	2776	SN8.6	sāriputtasutta		
sn8.7	S-i	2786	SN8.7	pavāraṇāsutta		
sn8.8	S-i	2800	SN8.8	parosahassasutta		
sn8.9	S-i	2822	SN8.9	koṇḍaññasutta		
sn8.10	S-i	2831	SN8.10	moggallānasutta		
sn8.11	S-i	2840	SN8.11	gaggarāsutta		
sn8.12	S-i	2847	SN8.12	vaṅgīsasutta		
sn9	S-i	2865	SN9	vanasaṃyutta		
sn9.1	S-i	2865	SN9.1	vivekasutta		
sn9.1-14	S-i	2865	SN9.1-14	vanavagga		
sn9.2	S-i	2877	SN9.2	upaṭṭhānasutta		
sn9.3	S-i	2891	SN9.3	kassapagottasutta		
sn9.4	S-i	2900	SN9.4	sambahulasutta		
sn9.5	S-i	2909	SN9.5	ānandasutta		
sn9.6	S-i	2914	SN9.6	anuruddhasutta		
sn9.7	S-i	2928	SN9.7	nāgadattasutta		
sn9.8	S-i	2935	SN9.8	kulagharaṇīsutta		
sn9.9	S-i	2943	SN9.9	vajjiputtasutta		
sn9.10	S-i	2953	SN9.10	sajjhāyasutta		
sn9.11	S-i	2960	SN9.11	akusalavitakkasutta		
sn9.12	S-i	2968	SN9.12	majjhanhikasutta		
sn9.13	S-i	2974	SN9.13	pākatindriyasutta		
sn9.14	S-i	2986	SN9.14	gandhatthenasutta		
sn10	S-i	3009	SN10	yakkhasaṃyutta		
sn10.1	S-i	3009	SN10.1	indakasutta		
sn10.1-12	S-i	3009	SN10.1-12	indakavagga		
sn10.2	S-i	3019	SN10.2	sakkanāmasutta		
sn10.3	S-i	3027	SN10.3	sūcilomasutta		
sn10.4	S-i	3044	SN10.4	maṇibhaddasutta		
sn10.5	S-i	3052	SN10.5	sānusutta		
sn10.6	S-i	3076	SN10.6	piyaṅkarasutta		
sn10.7	S-i	3082	SN10.7	punabbasusutta		
sn10.8	S-i	3104	SN10.8	sudattasutta		
sn10.9	S-i	3127	SN10.9	paṭhamasukkāsutta		
sn10.10	S-i	3133	SN10.10	dutiyasukkāsutta		
sn10.11	S-i	3137	SN10.11	cīrāsutta		
sn10.12	S-i	3141	SN10.12	āḷavakasutta		
sn11	S-i	3173	SN11	sakkasaṃyutta		
sn11.1	S-i	3173	SN11.1	suvīrasutta		
sn11.1-10	S-i	3173	SN11.1-10	paṭhamavagga		
sn11.2	S-i	3190	SN11.2	susīmasutta		
sn11.3	S-i	3205	SN11.3	dhajaggasutta		
sn11.4	S-i	3226	SN11.4	vepacittisutta		
sn11.5	S-i	3252	SN11.5	subhāsitajayasutta		
sn11.6	S-i	3277	SN11.6	kulāvakasutta		
sn11.7	S-i	3284	SN11.7	nadubbhiyasutta		
sn11.8	S-i	3291	SN11.8	verocanaasurindasutta		
sn11.9	S-i	3303	SN11.9	araññāyatanaisisutta		
sn11.10	S-i	3314	SN11.10	samuddakasutta		
sn11.11	S-i	3332	SN11.11	vatapadasutta		
sn11.11-20	S-i	3332	SN11.11-20	dutiyavagga		
sn11.12	S-i	3339	SN11.12	sakkanāmasutta		
sn11.13	S-i	3352	SN11.13	mahālisutta		
sn11.14	S-i	3370	SN11.14	daliddasutta		
sn11.15	S-i	3380	SN11.15	rāmaṇeyyakasutta		
sn11.16	S-i	3386	SN11.16	yajamānasutta		
sn11.17	S-i	3394	SN11.17	buddhavandanāsutta		
sn11.18	S-i	3405	SN11.18	gahaṭṭhavandanāsutta		
sn11.19	S-i	3420	SN11.19	satthāravandanāsutta		
sn11.20	S-i	3435	SN11.20	saṅghavandanāsutta		
sn11.21	S-i	3457	SN11.21	chetvāsutta		
sn11.21-25	S-i	3457	SN11.21-25	tatiyavagga		
sn11.22	S-i	3465	SN11.22	dubbaṇṇiyasutta		
sn11.23	S-i	3473	SN11.23	sambarimāyāsutta		
sn11.24	S-i	3477	SN11.24	accayasutta		
sn11.25	S-i	3484	SN11.25	akkodhasutta		
sn12	S-ii	3	SN12	nidānasaṃyutta		
sn12-21	S-ii	3	SN12-21	nidānavaggasaṃyuttapāḷi		
sn12.1	S-ii	3	SN12.1	paṭiccasamuppādasutta		
sn12.1-10	S-ii	3	SN12.1-10	buddhavagga		
sn12.2	S-ii	10	SN12.2	vibhaṅgasutta		
sn12.3	S-ii	26	SN12.3	paṭipadāsutta		
sn12.4	S-ii	30	SN12.4	vipassīsutta		
sn12.5	S-ii	57	SN12.5	sikhīsutta		
sn12.6	S-ii	59	SN12.6	vessabhūsutta		
sn12.7	S-ii	61	SN12.7	kakusandhasutta		
sn12.8	S-ii	63	SN12.8	koṇāgamanasutta		
sn12.9	S-ii	65	SN12.9	kassapasutta		
sn12.10	S-ii	67	SN12.10	gotamasutta		
sn12.11	S-ii	81	SN12.11	āhārasutta		
sn12.11-20	S-ii	81	SN12.11-20	āhāravagga		
sn12.12	S-ii	86	SN12.12	moḷiyaphaggunasutta		
sn12.13	S-ii	94	SN12.13	samaṇabrāhmaṇasutta		
sn12.14	S-ii	97	SN12.14	dutiyasamaṇabrāhmaṇasutta		
sn12.15	S-ii	102	SN12.15	kaccānagottasutta		
sn12.16	S-ii	106	SN12.16	dhammakathikasutta		
sn12.17	S-ii	110	SN12.17	acelakassapasutta		
sn12.18	S-ii	120	SN12.18	timbarukasutta		
sn12.19	S-ii	126	SN12.19	bālapaṇḍitasutta		
sn12.20	S-ii	133	SN12.20	paccayasutta		
sn12.21	S-ii	144	SN12.21	dasabalasutta		
sn12.21-30	S-ii	144	SN12.21-30	dasabalavagga		
sn12.22	S-ii	147	SN12.22	dutiyadasabalasutta		
sn12.23	S-ii	151	SN12.23	upanisasutta		
sn12.24	S-ii	160	SN12.24	aññatitthiyasutta		
sn12.25	S-ii	181	SN12.25	bhūmijasutta		
sn12.26	S-ii	196	SN12.26	upavāṇasutta		
sn12.27	S-ii	202	SN12.27	paccayasutta		
sn12.28	S-ii	208	SN12.28	bhikkhusutta		
sn12.29	S-ii	214	SN12.29	samaṇabrāhmaṇasutta		
sn12.30	S-ii	217	SN12.30	dutiyasamaṇabrāhmaṇasutta		
sn12.31	S-ii	224	SN12.31	bhūtasutta		
sn12.31-40	S-ii	224	SN12.31-40	kaḷārakhattiyavagga		
sn12.32	S-ii	243	SN12.32	kaḷārasutta		
sn12.33	S-ii	261	SN12.33	ñāṇavatthusutta		
sn12.34	S-ii	276	SN12.34	dutiyañāṇavatthusutta		
sn12.35	S-ii	280	SN12.35	avijjāpaccayasutta		
sn12.36	S-ii	289	SN12.36	dutiyaavijjāpaccayasutta		
sn12.37	S-ii	295	SN12.37	natumhasutta		
sn12.38	S-ii	298	SN12.38	cetanāsutta		
sn12.39	S-ii	302	SN12.39	dutiyacetanāsutta		
sn12.40	S-ii	306	SN12.40	tatiyacetanāsutta		
sn12.41	S-ii	314	SN12.41	pañcaverabhayasutta		
sn12.41-50	S-ii	314	SN12.41-50	gahapativagga		
sn12.42	S-ii	329	SN12.42	dutiyapañcaverabhayasutta		
sn12.43	S-ii	335	SN12.43	dukkhasutta		
sn12.44	S-ii	341	SN12.44	lokasutta		
sn12.45	S-ii	347	SN12.45	ñātikasutta		
sn12.46	S-ii	354	SN12.46	aññatarabrāhmaṇasutta		
sn12.47	S-ii	359	SN12.47	jāṇussoṇisutta		
sn12.48	S-ii	364	SN12.48	lokāyatikasutta		
sn12.49	S-ii	372	SN12.49	ariyasāvakasutta		
sn12.50	S-ii	378	SN12.50	dutiyaariyasāvakasutta		
sn12.51	S-ii	389	SN12.51	parivīmaṃsanasutta		
sn12.51-60	S-ii	389	SN12.51-60	dukkhavagga		
sn12.52	S-ii	405	SN12.52	upādānasutta		
sn12.53	S-ii	410	SN12.53	saṃyojanasutta		
sn12.54	S-ii	415	SN12.54	dutiyasaṃyojanasutta		
sn12.55	S-ii	418	SN12.55	mahārukkhasutta		
sn12.56	S-ii	423	SN12.56	dutiyamahārukkhasutta		
sn12.57	S-ii	426	SN12.57	taruṇarukkhasutta		
sn12.58	S-ii	431	SN12.58	nāmarūpasutta		
sn12.59	S-ii	436	SN12.59	viññāṇasutta		
sn12.60	S-ii	441	SN12.60	nidānasutta		
sn12.61	S-ii	453	SN12.61	assutavāsutta		
sn12.61-70	S-ii	453	SN12.61-70	mahāvagga		
sn12.62	S-ii	461	SN12.62	dutiyaassutavāsutta		
sn12.63	S-ii	467	SN12.63	puttamaṃsūpamasutta		
sn12.64	S-ii	474	SN12.64	atthirāgasutta		
sn12.65	S-ii	484	SN12.65	nagarasutta		
sn12.66	S-ii	493	SN12.66	sammasasutta		
sn12.67	S-ii	508	SN12.67	naḷakalāpīsutta		
sn12.68	S-ii	516	SN12.68	kosambisutta		
sn12.69	S-ii	530	SN12.69	upayantisutta		
sn12.70	S-ii	533	SN12.70	susimasutta		
sn12.71	S-ii	568	SN12.71	jarāmaraṇasutta		
sn12.71-81	S-ii	568	SN12.71-81	samaṇabrāhmaṇavagga		
sn12.72	S-ii	568	SN12.71-81	samaṇabrāhmaṇavagga		
sn12.72-81	S-ii	572	SN12.72-81	jātisuttādidasaka		
sn12.73	S-ii	568	SN12.71-81	samaṇabrāhmaṇavagga		
sn12.74	S-ii	568	SN12.71-81	samaṇabrāhmaṇavagga		
sn12.75	S-ii	568	SN12.71-81	samaṇabrāhmaṇavagga		
sn12.76	S-ii	568	SN12.71-81	samaṇabrāhmaṇavagga		
sn12.77	S-ii	568	SN12.71-81	samaṇabrāhmaṇavagga		
sn12.78	S-ii	568	SN12.71-81	samaṇabrāhmaṇavagga		
sn12.79	S-ii	568	SN12.71-81	samaṇabrāhmaṇavagga		
sn12.80	S-ii	568	SN12.71-81	samaṇabrāhmaṇavagga		
sn12.81	S-ii	568	SN12.71-81	samaṇabrāhmaṇavagga		
sn12.82	S-ii	590	SN12.82	satthusutta		
sn13	S-ii	629	SN13	abhisamayasaṃyutta		
sn13.1	S-ii	629	SN13.1	nakhasikhāsutta		
sn13.2	S-ii	633	SN13.2	pokkharaṇīsutta		
sn13.3	S-ii	636	SN13.3	sambhejjaudakasutta		
sn13.4	S-ii	639	SN13.4	dutiyasambhejjaudakasutta		
sn13.5	S-ii	642	SN13.5	pathavīsutta		
sn13.6	S-ii	645	SN13.6	dutiyapathavīsutta		
sn13.7	S-ii	648	SN13.7	samuddasutta		
sn13.8	S-ii	651	SN13.8	dutiyasamuddasutta		
sn13.9	S-ii	654	SN13.9	pabbatasutta		
sn13.10	S-ii	657	SN13.10	dutiyapabbatasutta		
sn13.11	S-ii	661	SN13.11	tatiyapabbatasutta		
sn14	S-ii	668	SN14	dhātusaṃyutta		
sn14.1	S-ii	668	SN14.1	dhātunānattasutta		
sn14.1-10	S-ii	668	SN14.1-10	nānattavagga		
sn14.2	S-ii	673	SN14.2	phassanānattasutta		
sn14.3	S-ii	676	SN14.3	nophassanānattasutta		
sn14.4	S-ii	679	SN14.4	vedanānānattasutta		
sn14.5	S-ii	682	SN14.5	dutiyavedanānānattasutta		
sn14.6	S-ii	685	SN14.6	bāhiradhātunānattasutta		
sn14.7	S-ii	687	SN14.7	saññānānattasutta		
sn14.8	S-ii	692	SN14.8	nopariyesanānānattasutta		
sn14.9	S-ii	697	SN14.9	bāhiraphassanānattasutta		
sn14.10	S-ii	702	SN14.10	dutiyabāhiraphassanānattasutta		
sn14.11	S-ii	712	SN14.11	sattadhātusutta		
sn14.11-22	S-ii	712	SN14.11-22	dutiyavagga		
sn14.12	S-ii	719	SN14.12	sanidānasutta		
sn14.13	S-ii	730	SN14.13	giñjakāvasathasutta		
sn14.14	S-ii	736	SN14.14	hīnādhimuttikasutta		
sn14.15	S-ii	741	SN14.15	caṅkamasutta		
sn14.16	S-ii	747	SN14.16	sagāthāsutta		
sn14.17	S-ii	762	SN14.17	assaddhasaṃsandanasutta		
sn14.18	S-ii	768	SN14.18	assaddhamūlakasutta		
sn14.19	S-ii	775	SN14.19	ahirikamūlakasutta		
sn14.20	S-ii	780	SN14.20	anottappamūlakasutta		
sn14.21	S-ii	784	SN14.21	appassutamūlakasutta		
sn14.22	S-ii	787	SN14.22	kusītamūlakasutta		
sn14.23	S-ii	797	SN14.23	asamāhitasutta		
sn14.23-29	S-ii	797	SN14.23-29	kammapathavagga		
sn14.24	S-ii	801	SN14.24	dussīlasutta		
sn14.25	S-ii	804	SN14.25	pañcasikkhāpadasutta		
sn14.26	S-ii	807	SN14.26	sattakammapathasutta		
sn14.27	S-ii	810	SN14.27	dasakammapathasutta		
sn14.28	S-ii	813	SN14.28	aṭṭhaṅgikasutta		
sn14.29	S-ii	815	SN14.29	dasaṅgasutta		
sn14.30	S-ii	823	SN14.30	catudhātusutta		
sn14.30-39	S-ii	823	SN14.30-39	catutthavagga		
sn14.31	S-ii	826	SN14.31	pubbesambodhasutta		
sn14.32	S-ii	831	SN14.32	acariṃsutta		
sn14.33	S-ii	836	SN14.33	nocedaṃsutta		
sn14.34	S-ii	841	SN14.34	ekantadukkhasutta		
sn14.35	S-ii	846	SN14.35	abhinandasutta		
sn14.36	S-ii	849	SN14.36	uppādasutta		
sn14.37	S-ii	852	SN14.37	samaṇabrāhmaṇasutta		
sn14.38	S-ii	855	SN14.38	dutiyasamaṇabrāhmaṇasutta		
sn14.39	S-ii	857	SN14.39	tatiyasamaṇabrāhmaṇasutta		
sn15	S-ii	865	SN15	anamataggasaṃyutta		
sn15.1	S-ii	865	SN15.1	tiṇakaṭṭhasutta		
sn15.1-10	S-ii	865	SN15.1-10	paṭhamavagga		
sn15.2	S-ii	870	SN15.2	pathavīsutta		
sn15.3	S-ii	872	SN15.3	assusutta		
sn15.4	S-ii	875	SN15.4	khīrasutta		
sn15.5	S-ii	878	SN15.5	pabbatasutta		
sn15.6	S-ii	881	SN15.6	sāsapasutta		
sn15.7	S-ii	884	SN15.7	sāvakasutta		
sn15.8	S-ii	887	SN15.8	gaṅgāsutta		
sn15.9	S-ii	891	SN15.9	daṇḍasutta		
sn15.10	S-ii	893	SN15.10	puggalasutta		
sn15.11	S-ii	910	SN15.11	duggatasutta		
sn15.11-20	S-ii	910	SN15.11-20	dutiyavagga		
sn15.12	S-ii	913	SN15.12	sukhitasutta		
sn15.13	S-ii	915	SN15.13	tiṃsamattasutta		
sn15.14	S-ii	920	SN15.14	mātusutta		
sn15.15	S-ii	922	SN15.15	pitusutta		
sn15.16	S-ii	924	SN15.16	bhātusutta		
sn15.17	S-ii	926	SN15.17	bhaginisutta		
sn15.18	S-ii	928	SN15.18	puttasutta		
sn15.19	S-ii	930	SN15.19	dhītusutta		
sn15.20	S-ii	932	SN15.20	vepullapabbatasutta		
sn16	S-ii	948	SN16	kassapasaṃyutta		
sn16.1	S-ii	948	SN16.1	santuṭṭhasutta		
sn16.1-13	S-ii	948	SN16.1-13	kassapavagga		
sn16.2	S-ii	956	SN16.2	anottappīsutta		
sn16.3	S-ii	962	SN16.3	candūpamasutta		
sn16.4	S-ii	971	SN16.4	kulūpakasutta		
sn16.5	S-ii	976	SN16.5	jiṇṇasutta		
sn16.6	S-ii	983	SN16.6	ovādasutta		
sn16.7	S-ii	990	SN16.7	dutiyaovādasutta		
sn16.8	S-ii	1003	SN16.8	tatiyaovādasutta		
sn16.9	S-ii	1011	SN16.9	jhānābhiññasutta		
sn16.10	S-ii	1027	SN16.10	upassayasutta		
sn16.11	S-ii	1038	SN16.11	cīvarasutta		
sn16.12	S-ii	1057	SN16.12	paraṃmaraṇasutta		
sn16.13	S-ii	1060	SN16.13	saddhammappatirūpakasutta		
sn17	S-ii	1071	SN17	lābhasakkārasaṃyutta		
sn17.1	S-ii	1071	SN17.1	dāruṇasutta		
sn17.1-10	S-ii	1071	SN17.1-10	paṭhamavagga		
sn17.2	S-ii	1076	SN17.2	baḷisasutta		
sn17.3	S-ii	1079	SN17.3	kummasutta		
sn17.4	S-ii	1082	SN17.4	dīghalomikasutta		
sn17.5	S-ii	1084	SN17.5	mīḷhakasutta		
sn17.6	S-ii	1086	SN17.6	asanisutta		
sn17.7	S-ii	1089	SN17.7	diddhasutta		
sn17.8	S-ii	1092	SN17.8	siṅgālasutta		
sn17.9	S-ii	1094	SN17.9	verambhasutta		
sn17.10	S-ii	1096	SN17.10	sagāthakasutta		
sn17.11	S-ii	1107	SN17.11	suvaṇṇapātisutta		
sn17.11-20	S-ii	1107	SN17.11-20	dutiyavagga		
sn17.12	S-ii	1110	SN17.12	rūpiyapātisutta		
sn17.13	S-ii	1107	SN17.11-20	dutiyavagga		
sn17.13-20	S-ii	1112	SN17.13-20	suvaṇṇanikkhasuttādiaṭṭhaka		
sn17.14	S-ii	1107	SN17.11-20	dutiyavagga		
sn17.15	S-ii	1107	SN17.11-20	dutiyavagga		
sn17.16	S-ii	1107	SN17.11-20	dutiyavagga		
sn17.17	S-ii	1107	SN17.11-20	dutiyavagga		
sn17.18	S-ii	1107	SN17.11-20	dutiyavagga		
sn17.19	S-ii	1107	SN17.11-20	dutiyavagga		
sn17.20	S-ii	1107	SN17.11-20	dutiyavagga		
sn17.21	S-ii	1118	SN17.21	mātugāmasutta		
sn17.21-30	S-ii	1118	SN17.21-30	tatiyavagga		
sn17.22	S-ii	1121	SN17.22	kalyāṇīsutta		
sn17.23	S-ii	1123	SN17.23	ekaputtakasutta		
sn17.24	S-ii	1125	SN17.24	ekadhītusutta		
sn17.25	S-ii	1127	SN17.25	samaṇabrāhmaṇasutta		
sn17.26	S-ii	1129	SN17.26	dutiyasamaṇabrāhmaṇasutta		
sn17.27	S-ii	1131	SN17.27	tatiyasamaṇabrāhmaṇasutta		
sn17.28	S-ii	1133	SN17.28	chavisutta		
sn17.29	S-ii	1135	SN17.29	rajjusutta		
sn17.30	S-ii	1138	SN17.30	bhikkhusutta		
sn17.31	S-ii	1144	SN17.31	bhindisutta		
sn17.31-43	S-ii	1144	SN17.31-43	catutthavagga		
sn17.32	S-ii	1147	SN17.32	kusalamūlasutta		
sn17.33	S-ii	1149	SN17.33	kusaladhammasutta		
sn17.34	S-ii	1151	SN17.34	sukkadhammasutta		
sn17.35	S-ii	1153	SN17.35	acirapakkantasutta		
sn17.36	S-ii	1162	SN17.36	pañcarathasatasutta		
sn17.37	S-ii	1165	SN17.37	mātusutta		
sn17.38	S-ii	1144	SN17.31-43	catutthavagga		
sn17.38-43	S-ii	1167	SN17.38-43	pitusuttādichakka		
sn17.39	S-ii	1144	SN17.31-43	catutthavagga		
sn17.40	S-ii	1144	SN17.31-43	catutthavagga		
sn17.41	S-ii	1144	SN17.31-43	catutthavagga		
sn17.42	S-ii	1144	SN17.31-43	catutthavagga		
sn17.43	S-ii	1144	SN17.31-43	catutthavagga		
sn18	S-ii	1174	SN18	rāhulasaṃyutta		
sn18.1	S-ii	1174	SN18.1	cakkhusutta		
sn18.1-10	S-ii	1174	SN18.1-10	paṭhamavagga		
sn18.2	S-ii	1180	SN18.2	rūpasutta		
sn18.3	S-ii	1182	SN18.3	viññāṇasutta		
sn18.4	S-ii	1184	SN18.4	samphassasutta		
sn18.5	S-ii	1186	SN18.5	vedanāsutta		
sn18.6	S-ii	1188	SN18.6	saññāsutta		
sn18.7	S-ii	1190	SN18.7	sañcetanāsutta		
sn18.8	S-ii	1192	SN18.8	taṇhāsutta		
sn18.9	S-ii	1194	SN18.9	dhātusutta		
sn18.10	S-ii	1196	SN18.10	khandhasutta		
sn18.11	S-ii	1202	SN18.11	cakkhusutta		
sn18.11-22	S-ii	1202	SN18.11-22	dutiyavagga		
sn18.12	S-ii	1202	SN18.11-22	dutiyavagga		
sn18.12-20	S-ii	1205	SN18.12-20	rūpādisuttanavaka		
sn18.13	S-ii	1202	SN18.11-22	dutiyavagga		
sn18.14	S-ii	1202	SN18.11-22	dutiyavagga		
sn18.15	S-ii	1202	SN18.11-22	dutiyavagga		
sn18.16	S-ii	1202	SN18.11-22	dutiyavagga		
sn18.17	S-ii	1202	SN18.11-22	dutiyavagga		
sn18.18	S-ii	1202	SN18.11-22	dutiyavagga		
sn18.19	S-ii	1202	SN18.11-22	dutiyavagga		
sn18.20	S-ii	1202	SN18.11-22	dutiyavagga		
sn18.21	S-ii	1215	SN18.21	anusayasutta		
sn18.22	S-ii	1217	SN18.22	apagatasutta		
sn19	S-ii	1226	SN19	lakkhaṇasaṃyutta		
sn19.1	S-ii	1226	SN19.1	aṭṭhisutta		
sn19.1-10	S-ii	1226	SN19.1-10	paṭhamavagga		
sn19.2	S-ii	1233	SN19.2	pesisutta		
sn19.3	S-ii	1235	SN19.3	piṇḍasutta		
sn19.4	S-ii	1237	SN19.4	nicchavisutta		
sn19.5	S-ii	1239	SN19.5	asilomasutta		
sn19.6	S-ii	1241	SN19.6	sattisutta		
sn19.7	S-ii	1243	SN19.7	usulomasutta		
sn19.8	S-ii	1245	SN19.8	sūcilomasutta		
sn19.9	S-ii	1247	SN19.9	dutiyasūcilomasutta		
sn19.10	S-ii	1249	SN19.10	kumbhaṇḍasutta		
sn19.11	S-ii	1259	SN19.11	sasīsakasutta		
sn19.11-21	S-ii	1259	SN19.11-21	dutiyavagga		
sn19.12	S-ii	1262	SN19.12	gūthakhādasutta		
sn19.13	S-ii	1264	SN19.13	nicchavitthisutta		
sn19.14	S-ii	1266	SN19.14	maṅgulitthisutta		
sn19.15	S-ii	1268	SN19.15	okilinīsutta		
sn19.16	S-ii	1270	SN19.16	asīsakasutta		
sn19.17	S-ii	1272	SN19.17	pāpabhikkhusutta		
sn19.18	S-ii	1274	SN19.18	pāpabhikkhunīsutta		
sn19.19	S-ii	1276	SN19.19	pāpasikkhamānasutta		
sn19.20	S-ii	1278	SN19.20	pāpasāmaṇerasutta		
sn19.21	S-ii	1280	SN19.21	pāpasāmaṇerīsutta		
sn20	S-ii	1296	SN20	opammasaṃyutta		
sn20.1	S-ii	1296	SN20.1	kūṭasutta		
sn20.2	S-ii	1299	SN20.2	nakhasikhasutta		
sn20.3	S-ii	1301	SN20.3	kulasutta		
sn20.4	S-ii	1303	SN20.4	okkhāsutta		
sn20.5	S-ii	1305	SN20.5	sattisutta		
sn20.6	S-ii	1308	SN20.6	dhanuggahasutta		
sn20.7	S-ii	1312	SN20.7	āṇisutta		
sn20.8	S-ii	1315	SN20.8	kaliṅgarasutta		
sn20.9	S-ii	1319	SN20.9	nāgasutta		
sn20.10	S-ii	1324	SN20.10	biḷārasutta		
sn20.11	S-ii	1328	SN20.11	siṅgālasutta		
sn20.12	S-ii	1330	SN20.12	dutiyasiṅgālasutta		
sn21	S-ii	1336	SN21	bhikkhusaṃyutta		
sn21.1	S-ii	1336	SN21.1	kolitasutta		
sn21.2	S-ii	1341	SN21.2	upatissasutta		
sn21.3	S-ii	1345	SN21.3	ghaṭasutta		
sn21.4	S-ii	1354	SN21.4	navasutta		
sn21.5	S-ii	1363	SN21.5	sujātasutta		
sn21.6	S-ii	1368	SN21.6	lakuṇḍakabhaddiyasutta		
sn21.7	S-ii	1374	SN21.7	visākhasutta		
sn21.8	S-ii	1383	SN21.8	nandasutta		
sn21.9	S-ii	1388	SN21.9	tissasutta		
sn21.10	S-ii	1393	SN21.10	theranāmakasutta		
sn21.11	S-ii	1402	SN21.11	mahākappinasutta		
sn21.12	S-ii	1410	SN21.12	sahāyakasutta		
sn22	S-iii	3	SN22	khandhasaṃyutta		
sn22-34	S-iii	3	SN22-34	khandhavaggasaṃyuttapāḷi		
sn22.1	S-iii	3	SN22.1	nakulapitusutta		
sn22.1-11	S-iii	3	SN22.1-11	nakulapituvagga		
sn22.2	S-iii	26	SN22.2	devadahasutta		
sn22.3	S-iii	39	SN22.3	hāliddikānisutta		
sn22.4	S-iii	64	SN22.4	dutiyahāliddikānisutta		
sn22.5	S-iii	71	SN22.5	samādhisutta		
sn22.6	S-iii	84	SN22.6	paṭisallāṇasutta		
sn22.7	S-iii	86	SN22.7	upādāparitassanāsutta		
sn22.8	S-iii	96	SN22.8	dutiyaupādāparitassanāsutta		
sn22.9	S-iii	99	SN22.9	kālattayaaniccasutta		
sn22.10	S-iii	101	SN22.10	kālattayadukkhasutta		
sn22.11	S-iii	103	SN22.11	kālattayaanattasutta		
sn22.12	S-iii	110	SN22.12	aniccasutta		
sn22.12-21	S-iii	110	SN22.12-21	aniccavagga		
sn22.13	S-iii	113	SN22.13	dukkhasutta		
sn22.14	S-iii	115	SN22.14	anattasutta		
sn22.15	S-iii	117	SN22.15	yadaniccasutta		
sn22.16	S-iii	119	SN22.16	yaṃdukkhasutta		
sn22.17	S-iii	121	SN22.17	yadanattāsutta		
sn22.18	S-iii	123	SN22.18	sahetuaniccasutta		
sn22.19	S-iii	125	SN22.19	sahetudukkhasutta		
sn22.20	S-iii	127	SN22.20	sahetuanattasutta		
sn22.21	S-iii	129	SN22.21	ānandasutta		
sn22.22	S-iii	135	SN22.22	bhārasutta		
sn22.22-32	S-iii	135	SN22.22-32	bhāravagga		
sn22.23	S-iii	146	SN22.23	pariññasutta		
sn22.24	S-iii	148	SN22.24	abhijānasutta		
sn22.25	S-iii	150	SN22.25	chandarāgasutta		
sn22.26	S-iii	152	SN22.26	assādasutta		
sn22.27	S-iii	155	SN22.27	dutiyaassādasutta		
sn22.28	S-iii	157	SN22.28	tatiyaassādasutta		
sn22.29	S-iii	160	SN22.29	abhinandanasutta		
sn22.30	S-iii	162	SN22.30	uppādasutta		
sn22.31	S-iii	164	SN22.31	aghamūlasutta		
sn22.32	S-iii	166	SN22.32	pabhaṅgusutta		
sn22.33	S-iii	173	SN22.33	natumhākaṃsutta		
sn22.33-42	S-iii	173	SN22.33-42	natumhākavagga		
sn22.34	S-iii	177	SN22.34	dutiyanatumhākaṃsutta		
sn22.35	S-iii	179	SN22.35	aññatarabhikkhusutta		
sn22.36	S-iii	185	SN22.36	dutiyaaññatarabhikkhusutta		
sn22.37	S-iii	189	SN22.37	ānandasutta		
sn22.38	S-iii	193	SN22.38	dutiyaānandasutta		
sn22.39	S-iii	201	SN22.39	anudhammasutta		
sn22.40	S-iii	203	SN22.40	dutiyaanudhammasutta		
sn22.41	S-iii	205	SN22.41	tatiyaanudhammasutta		
sn22.42	S-iii	207	SN22.42	catutthaanudhammasutta		
sn22.43	S-iii	213	SN22.43	attadīpasutta		
sn22.43-52	S-iii	213	SN22.43-52	attadīpavagga		
sn22.44	S-iii	218	SN22.44	paṭipadāsutta		
sn22.45	S-iii	221	SN22.45	aniccasutta		
sn22.46	S-iii	223	SN22.46	dutiyaaniccasutta		
sn22.47	S-iii	226	SN22.47	samanupassanāsutta		
sn22.48	S-iii	230	SN22.48	khandhasutta		
sn22.49	S-iii	233	SN22.49	soṇasutta		
sn22.50	S-iii	241	SN22.50	dutiyasoṇasutta		
sn22.51	S-iii	245	SN22.51	nandikkhayasutta		
sn22.52	S-iii	247	SN22.52	dutiyanandikkhayasutta		
sn22.53	S-iii	257	SN22.53	upayasutta		
sn22.53-62	S-iii	257	SN22.53-62	upayavagga		
sn22.54	S-iii	262	SN22.54	bījasutta		
sn22.55	S-iii	267	SN22.55	udānasutta		
sn22.56	S-iii	281	SN22.56	upādānaparipavattasutta		
sn22.57	S-iii	297	SN22.57	sattaṭṭhānasutta		
sn22.58	S-iii	316	SN22.58	sammāsambuddhasutta		
sn22.59	S-iii	322	SN22.59	anattalakkhaṇasutta		
sn22.60	S-iii	335	SN22.60	mahālisutta		
sn22.61	S-iii	346	SN22.61	ādittasutta		
sn22.62	S-iii	348	SN22.62	niruttipathasutta		
sn22.63	S-iii	367	SN22.63	upādiyamānasutta		
sn22.63-72	S-iii	367	SN22.63-72	arahantavagga		
sn22.64	S-iii	373	SN22.64	maññamānasutta		
sn22.65	S-iii	377	SN22.65	abhinandamānasutta		
sn22.66	S-iii	381	SN22.66	aniccasutta		
sn22.67	S-iii	385	SN22.67	dukkhasutta		
sn22.68	S-iii	389	SN22.68	anattasutta		
sn22.69	S-iii	393	SN22.69	anattaniyasutta		
sn22.70	S-iii	397	SN22.70	rajanīyasaṇṭhitasutta		
sn22.71	S-iii	401	SN22.71	rādhasutta		
sn22.72	S-iii	403	SN22.72	surādhasutta		
sn22.73	S-iii	410	SN22.73	assādasutta		
sn22.73-82	S-iii	410	SN22.73-82	khajjanīyavagga		
sn22.74	S-iii	413	SN22.74	samudayasutta		
sn22.75	S-iii	415	SN22.75	dutiyasamudayasutta		
sn22.76	S-iii	417	SN22.76	arahantasutta		
sn22.77	S-iii	437	SN22.77	dutiyaarahantasutta		
sn22.78	S-iii	440	SN22.78	sīhasutta		
sn22.79	S-iii	451	SN22.79	khajjanīyasutta		
sn22.80	S-iii	468	SN22.80	piṇḍolyasutta		
sn22.81	S-iii	479	SN22.81	pālileyyasutta		
sn22.82	S-iii	492	SN22.82	puṇṇamasutta		
sn22.83	S-iii	514	SN22.83	ānandasutta		
sn22.83-92	S-iii	514	SN22.83-92	theravagga		
sn22.84	S-iii	520	SN22.84	tissasutta		
sn22.85	S-iii	532	SN22.85	yamakasutta		
sn22.86	S-iii	561	SN22.86	anurādhasutta		
sn22.87	S-iii	575	SN22.87	vakkalisutta		
sn22.88	S-iii	587	SN22.88	assajisutta		
sn22.89	S-iii	593	SN22.89	khemakasutta		
sn22.90	S-iii	608	SN22.90	channasutta		
sn22.91	S-iii	619	SN22.91	rāhulasutta		
sn22.92	S-iii	622	SN22.92	dutiyarāhulasutta		
sn22.93	S-iii	628	SN22.93	nadīsutta		
sn22.93-102	S-iii	628	SN22.93-102	pupphavagga		
sn22.94	S-iii	631	SN22.94	pupphasutta		
sn22.95	S-iii	640	SN22.95	pheṇapiṇḍūpamasutta		
sn22.96	S-iii	664	SN22.96	gomayapiṇḍasutta		
sn22.97	S-iii	669	SN22.97	nakhasikhāsutta		
sn22.98	S-iii	676	SN22.98	suddhikasutta		
sn22.99	S-iii	678	SN22.99	gaddulabaddhasutta		
sn22.100	S-iii	682	SN22.100	dutiyagaddulabaddhasutta		
sn22.101	S-iii	687	SN22.101	vāsijaṭasutta		
sn22.102	S-iii	694	SN22.102	aniccasaññāsutta		
sn22.103	S-iii	715	SN22.103	antasutta		
sn22.103-112	S-iii	715	SN22.103-112	antavagga		
sn22.104	S-iii	721	SN22.104	dukkhasutta		
sn22.105	S-iii	723	SN22.105	sakkāyasutta		
sn22.106	S-iii	725	SN22.106	pariññeyyasutta		
sn22.107	S-iii	727	SN22.107	samaṇasutta		
sn22.108	S-iii	729	SN22.108	dutiyasamaṇasutta		
sn22.109	S-iii	731	SN22.109	sotāpannasutta		
sn22.110	S-iii	733	SN22.110	arahantasutta		
sn22.111	S-iii	735	SN22.111	chandappahānasutta		
sn22.112	S-iii	737	SN22.112	dutiyachandappahānasutta		
sn22.113	S-iii	743	SN22.113	avijjāsutta		
sn22.113-125	S-iii	743	SN22.113-125	dhammakathikavagga		
sn22.114	S-iii	746	SN22.114	vijjāsutta		
sn22.115	S-iii	748	SN22.115	dhammakathikasutta		
sn22.116	S-iii	750	SN22.116	dutiyadhammakathikasutta		
sn22.117	S-iii	752	SN22.117	bandhanasutta		
sn22.118	S-iii	755	SN22.118	paripucchitasutta		
sn22.119	S-iii	757	SN22.119	dutiyaparipucchitasutta		
sn22.120	S-iii	759	SN22.120	saṃyojaniyasutta		
sn22.121	S-iii	761	SN22.121	upādāniyasutta		
sn22.122	S-iii	763	SN22.122	sīlavantasutta		
sn22.123	S-iii	769	SN22.123	sutavantasutta		
sn22.124	S-iii	774	SN22.124	kappasutta		
sn22.125	S-iii	777	SN22.125	dutiyakappasutta		
sn22.126	S-iii	784	SN22.126	samudayadhammasutta		
sn22.126-135	S-iii	784	SN22.126-135	avijjāvagga		
sn22.127	S-iii	790	SN22.127	dutiyasamudayadhammasutta		
sn22.128	S-iii	793	SN22.128	tatiyasamudayadhammasutta		
sn22.129	S-iii	796	SN22.129	assādasutta		
sn22.130	S-iii	799	SN22.130	dutiyaassādasutta		
sn22.131	S-iii	802	SN22.131	samudayasutta		
sn22.132	S-iii	805	SN22.132	dutiyasamudayasutta		
sn22.133	S-iii	808	SN22.133	koṭṭhikasutta		
sn22.134	S-iii	813	SN22.134	dutiyakoṭṭhikasutta		
sn22.135	S-iii	818	SN22.135	tatiyakoṭṭhikasutta		
sn22.136	S-iii	826	SN22.136	kukkuḷasutta		
sn22.136-149	S-iii	826	SN22.136-149	kukkuḷavagga		
sn22.137	S-iii	829	SN22.137	aniccasutta		
sn22.138	S-iii	831	SN22.138	dutiyaaniccasutta		
sn22.139	S-iii	833	SN22.139	tatiyaaniccasutta		
sn22.140	S-iii	835	SN22.140	dukkhasutta		
sn22.141	S-iii	837	SN22.141	dutiyadukkhasutta		
sn22.142	S-iii	839	SN22.142	tatiyadukkhasutta		
sn22.143	S-iii	841	SN22.143	anattasutta		
sn22.144	S-iii	843	SN22.144	dutiyaanattasutta		
sn22.145	S-iii	845	SN22.145	tatiyaanattasutta		
sn22.146	S-iii	847	SN22.146	nibbidābahulasutta		
sn22.147	S-iii	849	SN22.147	aniccānupassīsutta		
sn22.148	S-iii	851	SN22.148	dukkhānupassīsutta		
sn22.149	S-iii	853	SN22.149	anattānupassīsutta		
sn22.150	S-iii	859	SN22.150	ajjhattasutta		
sn22.150-159	S-iii	859	SN22.150-159	diṭṭhivagga		
sn22.151	S-iii	862	SN22.151	etaṃmamasutta		
sn22.152	S-iii	864	SN22.152	soattāsutta		
sn22.153	S-iii	867	SN22.153	nocamesiyāsutta		
sn22.154	S-iii	869	SN22.154	micchādiṭṭhisutta		
sn22.155	S-iii	871	SN22.155	sakkāyadiṭṭhisutta		
sn22.156	S-iii	873	SN22.156	attānudiṭṭhisutta		
sn22.157	S-iii	875	SN22.157	abhinivesasutta		
sn22.158	S-iii	877	SN22.158	dutiyaabhinivesasutta		
sn22.159	S-iii	879	SN22.159	ānandasutta		
sn23	S-iii	891	SN23	rādhasaṃyutta		
sn23.1	S-iii	891	SN23.1	mārasutta		
sn23.1-10	S-iii	891	SN23.1-10	paṭhamamāravagga		
sn23.2	S-iii	897	SN23.2	sattasutta		
sn23.3	S-iii	900	SN23.3	bhavanettisutta		
sn23.4	S-iii	902	SN23.4	pariññeyyasutta		
sn23.5	S-iii	905	SN23.5	samaṇasutta		
sn23.6	S-iii	907	SN23.6	dutiyasamaṇasutta		
sn23.7	S-iii	909	SN23.7	sotāpannasutta		
sn23.8	S-iii	911	SN23.8	arahantasutta		
sn23.9	S-iii	913	SN23.9	chandarāgasutta		
sn23.10	S-iii	915	SN23.10	dutiyachandarāgasutta		
sn23.11	S-iii	921	SN23.11	mārasutta		
sn23.11-22	S-iii	921	SN23.11-22	dutiyamāravagga		
sn23.12	S-iii	924	SN23.12	māradhammasutta		
sn23.13	S-iii	926	SN23.13	aniccasutta		
sn23.14	S-iii	928	SN23.14	aniccadhammasutta		
sn23.15	S-iii	930	SN23.15	dukkhasutta		
sn23.16	S-iii	932	SN23.16	dukkhadhammasutta		
sn23.17	S-iii	934	SN23.17	anattasutta		
sn23.18	S-iii	936	SN23.18	anattadhammasutta		
sn23.19	S-iii	938	SN23.19	khayadhammasutta		
sn23.20	S-iii	940	SN23.20	vayadhammasutta		
sn23.21	S-iii	942	SN23.21	samudayadhammasutta		
sn23.22	S-iii	944	SN23.22	nirodhadhammasutta		
sn23.23	S-iii	951	SN23.23	āyācanavagga	SN23.23-34	
sn23.23-33	S-iii	951	SN23.23-33	mārādisuttaekādasaka		
sn23.23-34	S-iii	951	SN23.23-34	āyācanavagga		SN23.23
sn23.24	S-iii	955	SN23.24	āyācanavagga	SN23.23-34	
sn23.25	S-iii	956	SN23.25	āyācanavagga	SN23.23-34	
sn23.26	S-iii	957	SN23.26	āyācanavagga	SN23.23-34	
sn23.27	S-iii	958	SN23.27	āyācanavagga	SN23.23-34	
sn23.28	S-iii	959	SN23.28	āyācanavagga	SN23.23-34	
sn23.29	S-iii	960	SN23.29	āyācanavagga	SN23.23-34	
sn23.30	S-iii	961	SN23.30	āyācanavagga	SN23.23-34	
sn23.31	S-iii	962	SN23.31	āyācanavagga	SN23.23-34	
sn23.32	S-iii	963	SN23.32	āyācanavagga	SN23.23-34	
sn23.33	S-iii	964	SN23.33	āyācanavagga	SN23.23-34	
sn23.34	S-iii	965	SN23.34	nirodhadhammasutta		
sn23.35	S-iii	973	SN23.35	upanisinnavagga	SN23.35-46	
sn23.35-45	S-iii	973	SN23.35-45	mārādisuttaekādasaka		
sn23.35-46	S-iii	973	SN23.35-46	upanisinnavagga		SN23.35
sn23.36	S-iii	976	SN23.36	upanisinnavagga	SN23.35-46	
sn23.37	S-iii	977	SN23.37	upanisinnavagga	SN23.35-46	
sn23.38	S-iii	978	SN23.38	upanisinnavagga	SN23.35-46	
sn23.39	S-iii	979	SN23.39	upanisinnavagga	SN23.35-46	
sn23.40	S-iii	980	SN23.40	upanisinnavagga	SN23.35-46	
sn23.41	S-iii	981	SN23.41	upanisinnavagga	SN23.35-46	
sn23.42	S-iii	982	SN23.42	upanisinnavagga	SN23.35-46	
sn23.43	S-iii	983	SN23.43	upanisinnavagga	SN23.35-46	
sn23.44	S-iii	984	SN23.44	upanisinnavagga	SN23.35-46	
sn23.45	S-iii	985	SN23.45	upanisinnavagga	SN23.35-46	
sn23.46	S-iii	986	SN23.46	nirodhadhammasutta		
sn24	S-iii	994	SN24	diṭṭhisaṃyutta		
sn24.1	S-iii	994	SN24.1	vātasutta		
sn24.1-18	S-iii	994	SN24.1-18	sotāpattivagga		
sn24.2	S-iii	1002	SN24.2	etaṃmamasutta		
sn24.3	S-iii	1006	SN24.3	soattāsutta		
sn24.4	S-iii	1011	SN24.4	nocamesiyāsutta		
sn24.5	S-iii	1016	SN24.5	natthidinnasutta		
sn24.6	S-iii	1020	SN24.6	karotosutta		
sn24.7	S-iii	1024	SN24.7	hetusutta		
sn24.8	S-iii	1028	SN24.8	mahādiṭṭhisutta		
sn24.9	S-iii	1032	SN24.9	sassatadiṭṭhisutta		
sn24.10	S-iii	1036	SN24.10	asassatadiṭṭhisutta		
sn24.11	S-iii	1039	SN24.11	antavāsutta		
sn24.12	S-iii	1041	SN24.12	anantavāsutta		
sn24.13	S-iii	1043	SN24.13	taṃjīvaṃtaṃsarīraṃsutta		
sn24.14	S-iii	1045	SN24.14	aññaṃjīvaṃaññaṃsarīraṃsutta		
sn24.15	S-iii	1047	SN24.15	hotitathāgatosutta		
sn24.16	S-iii	1049	SN24.16	nahotitathāgatosutta		
sn24.17	S-iii	1051	SN24.17	hoticanacahotitathāgatosutta		
sn24.18	S-iii	1053	SN24.18	nevahotinanahotitathāgatosutta		
sn24.19	S-iii	1068	SN24.19	dutiyagamanavagga	SN24.19-44	
sn24.19-35	S-iii	1068	SN24.19-35	vātasutta		
sn24.19-44	S-iii	1068	SN24.19-44	dutiyagamanavagga		SN24.19
sn24.20	S-iii	1072	SN24.20	dutiyagamanavagga	SN24.19-44	
sn24.21	S-iii	1072	SN24.21	dutiyagamanavagga	SN24.19-44	
sn24.22	S-iii	1072	SN24.22	dutiyagamanavagga	SN24.19-44	
sn24.23	S-iii	1072	SN24.23	dutiyagamanavagga	SN24.19-44	
sn24.24	S-iii	1072	SN24.24	dutiyagamanavagga	SN24.19-44	
sn24.25	S-iii	1072	SN24.25	dutiyagamanavagga	SN24.19-44	
sn24.26	S-iii	1072	SN24.26	dutiyagamanavagga	SN24.19-44	
sn24.27	S-iii	1072	SN24.27	dutiyagamanavagga	SN24.19-44	
sn24.28	S-iii	1072	SN24.28	dutiyagamanavagga	SN24.19-44	
sn24.29	S-iii	1072	SN24.29	dutiyagamanavagga	SN24.19-44	
sn24.30	S-iii	1072	SN24.30	dutiyagamanavagga	SN24.19-44	
sn24.31	S-iii	1072	SN24.31	dutiyagamanavagga	SN24.19-44	
sn24.32	S-iii	1072	SN24.32	dutiyagamanavagga	SN24.19-44	
sn24.33	S-iii	1072	SN24.33	dutiyagamanavagga	SN24.19-44	
sn24.34	S-iii	1072	SN24.34	dutiyagamanavagga	SN24.19-44	
sn24.35	S-iii	1072	SN24.35	dutiyagamanavagga	SN24.19-44	
sn24.36	S-iii	1073	SN24.36	nevahotinanahotisutta		
sn24.37	S-iii	1076	SN24.37	rūpīattāsutta		
sn24.38	S-iii	1079	SN24.38	arūpīattāsutta		
sn24.39	S-iii	1081	SN24.39	rūpīcaarūpīcaattāsutta		
sn24.40	S-iii	1083	SN24.40	nevarūpīnārūpīattāsutta		
sn24.41	S-iii	1085	SN24.41	ekantasukhīsutta		
sn24.42	S-iii	1087	SN24.42	ekantadukkhīsutta		
sn24.43	S-iii	1089	SN24.43	sukhadukkhīsutta		
sn24.44	S-iii	1091	SN24.44	adukkhamasukhīsutta		
sn24.45	S-iii	1106	SN24.45	navātasutta		
sn24.45-70	S-iii	1106	SN24.45-70	tatiyagamanavagga		
sn24.46	S-iii	1111	SN24.46	tatiyagamanavagga	SN24.45-70	
sn24.47	S-iii	1111	SN24.47	tatiyagamanavagga	SN24.45-70	
sn24.48	S-iii	1111	SN24.48	tatiyagamanavagga	SN24.45-70	
sn24.49	S-iii	1111	SN24.49	tatiyagamanavagga	SN24.45-70	
sn24.50	S-iii	1111	SN24.50	tatiyagamanavagga	SN24.45-70	
sn24.51	S-iii	1111	SN24.51	tatiyagamanavagga	SN24.45-70	
sn24.52	S-iii	1111	SN24.52	tatiyagamanavagga	SN24.45-70	
sn24.53	S-iii	1111	SN24.53	tatiyagamanavagga	SN24.45-70	
sn24.54	S-iii	1111	SN24.54	tatiyagamanavagga	SN24.45-70	
sn24.55	S-iii	1111	SN24.55	tatiyagamanavagga	SN24.45-70	
sn24.56	S-iii	1111	SN24.56	tatiyagamanavagga	SN24.45-70	
sn24.57	S-iii	1111	SN24.57	tatiyagamanavagga	SN24.45-70	
sn24.58	S-iii	1111	SN24.58	tatiyagamanavagga	SN24.45-70	
sn24.59	S-iii	1111	SN24.59	tatiyagamanavagga	SN24.45-70	
sn24.60	S-iii	1111	SN24.60	tatiyagamanavagga	SN24.45-70	
sn24.61	S-iii	1111	SN24.61	tatiyagamanavagga	SN24.45-70	
sn24.62	S-iii	1111	SN24.62	tatiyagamanavagga	SN24.45-70	
sn24.63	S-iii	1111	SN24.63	tatiyagamanavagga	SN24.45-70	
sn24.64	S-iii	1111	SN24.64	tatiyagamanavagga	SN24.45-70	
sn24.65	S-iii	1111	SN24.65	tatiyagamanavagga	SN24.45-70	
sn24.66	S-iii	1111	SN24.66	tatiyagamanavagga	SN24.45-70	
sn24.67	S-iii	1111	SN24.67	tatiyagamanavagga	SN24.45-70	
sn24.68	S-iii	1111	SN24.68	tatiyagamanavagga	SN24.45-70	
sn24.69	S-iii	1111	SN24.69	tatiyagamanavagga	SN24.45-70	
sn24.70	S-iii	1112	SN24.70	adukkhamasukhīsutta		
sn24.71	S-iii	1117	SN24.71	catutthagamanavagga	SN24.71-96	
sn24.71-95	S-iii	1117	SN24.71-95	navātasutta		
sn24.71-96	S-iii	1117	SN24.71-96	catutthagamanavagga		SN24.71
sn24.72	S-iii	1123	SN24.72	catutthagamanavagga	SN24.71-96	
sn24.73	S-iii	1123	SN24.73	catutthagamanavagga	SN24.71-96	
sn24.74	S-iii	1123	SN24.74	catutthagamanavagga	SN24.71-96	
sn24.75	S-iii	1123	SN24.75	catutthagamanavagga	SN24.71-96	
sn24.76	S-iii	1123	SN24.76	catutthagamanavagga	SN24.71-96	
sn24.77	S-iii	1123	SN24.77	catutthagamanavagga	SN24.71-96	
sn24.78	S-iii	1123	SN24.78	catutthagamanavagga	SN24.71-96	
sn24.79	S-iii	1123	SN24.79	catutthagamanavagga	SN24.71-96	
sn24.80	S-iii	1123	SN24.80	catutthagamanavagga	SN24.71-96	
sn24.81	S-iii	1123	SN24.81	catutthagamanavagga	SN24.71-96	
sn24.82	S-iii	1123	SN24.82	catutthagamanavagga	SN24.71-96	
sn24.83	S-iii	1123	SN24.83	catutthagamanavagga	SN24.71-96	
sn24.84	S-iii	1123	SN24.84	catutthagamanavagga	SN24.71-96	
sn24.85	S-iii	1123	SN24.85	catutthagamanavagga	SN24.71-96	
sn24.86	S-iii	1123	SN24.86	catutthagamanavagga	SN24.71-96	
sn24.87	S-iii	1123	SN24.87	catutthagamanavagga	SN24.71-96	
sn24.88	S-iii	1123	SN24.88	catutthagamanavagga	SN24.71-96	
sn24.89	S-iii	1123	SN24.89	catutthagamanavagga	SN24.71-96	
sn24.90	S-iii	1123	SN24.90	catutthagamanavagga	SN24.71-96	
sn24.91	S-iii	1123	SN24.91	catutthagamanavagga	SN24.71-96	
sn24.92	S-iii	1123	SN24.92	catutthagamanavagga	SN24.71-96	
sn24.93	S-iii	1123	SN24.93	catutthagamanavagga	SN24.71-96	
sn24.94	S-iii	1123	SN24.94	catutthagamanavagga	SN24.71-96	
sn24.95	S-iii	1123	SN24.95	catutthagamanavagga	SN24.71-96	
sn24.96	S-iii	1124	SN24.96	adukkhamasukhīsutta		
sn25	S-iii	1136	SN25	okkantasaṃyutta		
sn25.1	S-iii	1136	SN25.1	cakkhusutta		
sn25.1-10	S-iii	1136	SN25.1-10	cakkhuvagga		
sn25.2	S-iii	1140	SN25.2	rūpasutta		
sn25.3	S-iii	1143	SN25.3	viññāṇasutta		
sn25.4	S-iii	1145	SN25.4	samphassasutta		
sn25.5	S-iii	1147	SN25.5	samphassajāsutta		
sn25.6	S-iii	1149	SN25.6	rūpasaññāsutta		
sn25.7	S-iii	1151	SN25.7	rūpasañcetanāsutta		
sn25.8	S-iii	1153	SN25.8	rūpataṇhāsutta		
sn25.9	S-iii	1155	SN25.9	pathavīdhātusutta		
sn25.10	S-iii	1157	SN25.10	khandhasutta		
sn26	S-iii	1164	SN26	uppādasaṃyutta		
sn26.1	S-iii	1164	SN26.1	cakkhusutta		
sn26.1-10	S-iii	1164	SN26.1-10	uppādavagga		
sn26.2	S-iii	1167	SN26.2	rūpasutta		
sn26.3	S-iii	1169	SN26.3	viññāṇasutta		
sn26.4	S-iii	1171	SN26.4	samphassasutta		
sn26.5	S-iii	1173	SN26.5	samphassajasutta		
sn26.6	S-iii	1176	SN26.6	saññāsutta		
sn26.7	S-iii	1178	SN26.7	sañcetanāsutta		
sn26.8	S-iii	1180	SN26.8	taṇhāsutta		
sn26.9	S-iii	1182	SN26.9	dhātusutta		
sn26.10	S-iii	1184	SN26.10	khandhasutta		
sn27	S-iii	1190	SN27	kilesasaṃyutta		
sn27.1	S-iii	1190	SN27.1	cakkhusutta		
sn27.1-10	S-iii	1190	SN27.1-10	kilesavagga		
sn27.2	S-iii	1193	SN27.2	rūpasutta		
sn27.3	S-iii	1195	SN27.3	viññāṇasutta		
sn27.4	S-iii	1197	SN27.4	samphassasutta		
sn27.5	S-iii	1199	SN27.5	samphassajasutta		
sn27.6	S-iii	1201	SN27.6	saññāsutta		
sn27.7	S-iii	1203	SN27.7	sañcetanāsutta		
sn27.8	S-iii	1205	SN27.8	taṇhāsutta		
sn27.9	S-iii	1207	SN27.9	dhātusutta		
sn27.10	S-iii	1209	SN27.10	khandhasutta		
sn28	S-iii	1215	SN28	sāriputtasaṃyutta		
sn28.1	S-iii	1215	SN28.1	vivekajasutta		
sn28.1-10	S-iii	1215	SN28.1-10	sāriputtavagga		
sn28.2	S-iii	1220	SN28.2	avitakkasutta		
sn28.3	S-iii	1223	SN28.3	pītisutta		
sn28.4	S-iii	1226	SN28.4	upekkhāsutta		
sn28.5	S-iii	1229	SN28.5	ākāsānañcāyatanasutta		
sn28.6	S-iii	1231	SN28.6	viññāṇañcāyatanasutta		
sn28.7	S-iii	1233	SN28.7	ākiñcaññāyatanasutta		
sn28.8	S-iii	1235	SN28.8	nevasaññānāsaññāyatanasutta		
sn28.9	S-iii	1237	SN28.9	nirodhasamāpattisutta		
sn28.10	S-iii	1239	SN28.10	sūcimukhīsutta		
sn29	S-iii	1251	SN29	nāgasaṃyutta		
sn29.1	S-iii	1251	SN29.1	suddhikasutta		
sn29.2	S-iii	1254	SN29.2	paṇītatarasutta		
sn29.3	S-iii	1256	SN29.3	uposathasutta		
sn29.4	S-iii	1259	SN29.4	dutiyauposathasutta		
sn29.5	S-iii	1261	SN29.5	tatiyauposathasutta		
sn29.6	S-iii	1263	SN29.6	catutthauposathasutta		
sn29.7	S-iii	1266	SN29.7	sutasutta		
sn29.8	S-iii	1269	SN29.8	dutiyasutasutta		
sn29.9	S-iii	1271	SN29.9	tatiyasutasutta		
sn29.10	S-iii	1273	SN29.10	catutthasutasutta		
sn29.11	S-iii	1276	SN29.11	aṇḍajadānūpakārasuttadasaka	SN29.11-20	
sn29.11-20	S-iii	1276	SN29.11-20	aṇḍajadānūpakārasuttadasaka		
sn29.12	S-iii	1276	SN29.12	aṇḍajadānūpakārasuttadasaka	SN29.11-20	
sn29.13	S-iii	1276	SN29.13	aṇḍajadānūpakārasuttadasaka	SN29.11-20	
sn29.14	S-iii	1276	SN29.14	aṇḍajadānūpakārasuttadasaka	SN29.11-20	
sn29.15	S-iii	1276	SN29.15	aṇḍajadānūpakārasuttadasaka	SN29.11-20	
sn29.16	S-iii	1276	SN29.16	aṇḍajadānūpakārasuttadasaka	SN29.11-20	
sn29.17	S-iii	1276	SN29.17	aṇḍajadānūpakārasuttadasaka	SN29.11-20	
sn29.18	S-iii	1276	SN29.18	aṇḍajadānūpakārasuttadasaka	SN29.11-20	
sn29.19	S-iii	1276	SN29.19	aṇḍajadānūpakārasuttadasaka	SN29.11-20	
sn29.20	S-iii	1276	SN29.20	aṇḍajadānūpakārasuttadasaka	SN29.11-20	
sn29.21	S-iii	1279	SN29.21	jalābujādidānūpakārasuttattiṃsaka	SN29.21-50	
sn29.21-50	S-iii	1279	SN29.21-50	jalābujādidānūpakārasuttattiṃsaka		
sn29.22	S-iii	1279	SN29.22	jalābujādidānūpakārasuttattiṃsaka	SN29.21-50	
sn29.23	S-iii	1279	SN29.23	jalābujādidānūpakārasuttattiṃsaka	SN29.21-50	
sn29.24	S-iii	1279	SN29.24	jalābujādidānūpakārasuttattiṃsaka	SN29.21-50	
sn29.25	S-iii	1279	SN29.25	jalābujādidānūpakārasuttattiṃsaka	SN29.21-50	
sn29.26	S-iii	1279	SN29.26	jalābujādidānūpakārasuttattiṃsaka	SN29.21-50	
sn29.27	S-iii	1279	SN29.27	jalābujādidānūpakārasuttattiṃsaka	SN29.21-50	
sn29.28	S-iii	1279	SN29.28	jalābujādidānūpakārasuttattiṃsaka	SN29.21-50	
sn29.29	S-iii	1279	SN29.29	jalābujādidānūpakārasuttattiṃsaka	SN29.21-50	
sn29.30	S-iii	1279	SN29.30	jalābujādidānūpakārasuttattiṃsaka	SN29.21-50	
sn29.31	S-iii	1279	SN29.31	jalābujādidānūpakārasuttattiṃsaka	SN29.21-50	
sn29.32	S-iii	1279	SN29.32	jalābujādidānūpakārasuttattiṃsaka	SN29.21-50	
sn29.33	S-iii	1279	SN29.33	jalābujādidānūpakārasuttattiṃsaka	SN29.21-50	
sn29.34	S-iii	1279	SN29.34	jalābujādidānūpakārasuttattiṃsaka	SN29.21-50	
sn29.35	S-iii	1279	SN29.35	jalābujādidānūpakārasuttattiṃsaka	SN29.21-50	
sn29.36	S-iii	1279	SN29.36	jalābujādidānūpakārasuttattiṃsaka	SN29.21-50	
sn29.37	S-iii	1279	SN29.37	jalābujādidānūpakārasuttattiṃsaka	SN29.21-50	
sn29.38	S-iii	1279	SN29.38	jalābujādidānūpakārasuttattiṃsaka	SN29.21-50	
sn29.39	S-iii	1279	SN29.39	jalābujādidānūpakārasuttattiṃsaka	SN29.21-50	
sn29.40	S-iii	1279	SN29.40	jalābujādidānūpakārasuttattiṃsaka	SN29.21-50	
sn29.41	S-iii	1279	SN29.41	jalābujādidānūpakārasuttattiṃsaka	SN29.21-50	
sn29.42	S-iii	1279	SN29.42	jalābujādidānūpakārasuttattiṃsaka	SN29.21-50	
sn29.43	S-iii	1279	SN29.43	jalābujādidānūpakārasuttattiṃsaka	SN29.21-50	
sn29.44	S-iii	1279	SN29.44	jalābujādidānūpakārasuttattiṃsaka	SN29.21-50	
sn29.45	S-iii	1279	SN29.45	jalābujādidānūpakārasuttattiṃsaka	SN29.21-50	
sn29.46	S-iii	1279	SN29.46	jalābujādidānūpakārasuttattiṃsaka	SN29.21-50	
sn29.47	S-iii	1279	SN29.47	jalābujādidānūpakārasuttattiṃsaka	SN29.21-50	
sn29.48	S-iii	1279	SN29.48	jalābujādidānūpakārasuttattiṃsaka	SN29.21-50	
sn29.49	S-iii	1279	SN29.49	jalābujādidānūpakārasuttattiṃsaka	SN29.21-50	
sn29.50	S-iii	1279	SN29.50	jalābujādidānūpakārasuttattiṃsaka	SN29.21-50	
sn30	S-iii	1288	SN30	supaṇṇasaṃyutta		
sn30.1	S-iii	1288	SN30.1	suddhikasutta		
sn30.1-46	S-iii	1288	SN30.1-46	supaṇṇavagga		
sn30.2	S-iii	1291	SN30.2	harantisutta		
sn30.3	S-iii	1293	SN30.3	dvayakārīsutta		
sn30.4	S-iii	1295	SN30.4	supaṇṇavagga	SN30.1-46	
sn30.4-6	S-iii	1295	SN30.4-6	dutiyādidvayakārīsuttattika		
sn30.5	S-iii	1295	SN30.5	supaṇṇavagga	SN30.1-46	
sn30.6	S-iii	1295	SN30.6	supaṇṇavagga	SN30.1-46	
sn30.7	S-iii	1297	SN30.7	supaṇṇavagga	SN30.1-46	
sn30.7-16	S-iii	1297	SN30.7-16	aṇḍajadānūpakārasuttadasaka		
sn30.8	S-iii	1297	SN30.8	supaṇṇavagga	SN30.1-46	
sn30.9	S-iii	1297	SN30.9	supaṇṇavagga	SN30.1-46	
sn30.10	S-iii	1297	SN30.10	supaṇṇavagga	SN30.1-46	
sn30.11	S-iii	1297	SN30.11	supaṇṇavagga	SN30.1-46	
sn30.12	S-iii	1297	SN30.12	supaṇṇavagga	SN30.1-46	
sn30.13	S-iii	1297	SN30.13	supaṇṇavagga	SN30.1-46	
sn30.14	S-iii	1297	SN30.14	supaṇṇavagga	SN30.1-46	
sn30.15	S-iii	1297	SN30.15	supaṇṇavagga	SN30.1-46	
sn30.16	S-iii	1297	SN30.16	supaṇṇavagga	SN30.1-46	
sn30.17	S-iii	1299	SN30.17	supaṇṇavagga	SN30.1-46	
sn30.17-46	S-iii	1299	SN30.17-46	jalābujādidānūpakārasuttatiṃsaka		
sn30.18	S-iii	1299	SN30.18	supaṇṇavagga	SN30.1-46	
sn30.19	S-iii	1299	SN30.19	supaṇṇavagga	SN30.1-46	
sn30.20	S-iii	1299	SN30.20	supaṇṇavagga	SN30.1-46	
sn30.21	S-iii	1299	SN30.21	supaṇṇavagga	SN30.1-46	
sn30.22	S-iii	1299	SN30.22	supaṇṇavagga	SN30.1-46	
sn30.23	S-iii	1299	SN30.23	supaṇṇavagga	SN30.1-46	
sn30.24	S-iii	1299	SN30.24	supaṇṇavagga	SN30.1-46	
sn30.25	S-iii	1299	SN30.25	supaṇṇavagga	SN30.1-46	
sn30.26	S-iii	1299	SN30.26	supaṇṇavagga	SN30.1-46	
sn30.27	S-iii	1299	SN30.27	supaṇṇavagga	SN30.1-46	
sn30.28	S-iii	1299	SN30.28	supaṇṇavagga	SN30.1-46	
sn30.29	S-iii	1299	SN30.29	supaṇṇavagga	SN30.1-46	
sn30.30	S-iii	1299	SN30.30	supaṇṇavagga	SN30.1-46	
sn30.31	S-iii	1299	SN30.31	supaṇṇavagga	SN30.1-46	
sn30.32	S-iii	1299	SN30.32	supaṇṇavagga	SN30.1-46	
sn30.33	S-iii	1299	SN30.33	supaṇṇavagga	SN30.1-46	
sn30.34	S-iii	1299	SN30.34	supaṇṇavagga	SN30.1-46	
sn30.35	S-iii	1299	SN30.35	supaṇṇavagga	SN30.1-46	
sn30.36	S-iii	1299	SN30.36	supaṇṇavagga	SN30.1-46	
sn30.37	S-iii	1299	SN30.37	supaṇṇavagga	SN30.1-46	
sn30.38	S-iii	1299	SN30.38	supaṇṇavagga	SN30.1-46	
sn30.39	S-iii	1299	SN30.39	supaṇṇavagga	SN30.1-46	
sn30.40	S-iii	1299	SN30.40	supaṇṇavagga	SN30.1-46	
sn30.41	S-iii	1299	SN30.41	supaṇṇavagga	SN30.1-46	
sn30.42	S-iii	1299	SN30.42	supaṇṇavagga	SN30.1-46	
sn30.43	S-iii	1299	SN30.43	supaṇṇavagga	SN30.1-46	
sn30.44	S-iii	1299	SN30.44	supaṇṇavagga	SN30.1-46	
sn30.45	S-iii	1299	SN30.45	supaṇṇavagga	SN30.1-46	
sn30.46	S-iii	1299	SN30.46	supaṇṇavagga	SN30.1-46	
sn31	S-iii	1306	SN31	gandhabbakāyasaṃyutta		
sn31.1	S-iii	1306	SN31.1	suddhikasutta		
sn31.1-112	S-iii	1306	SN31.1-112	gandhabbavagga		
sn31.2	S-iii	1309	SN31.2	sucaritasutta		
sn31.3	S-iii	1311	SN31.3	mūlagandhadātāsutta		
sn31.4	S-iii	1313	SN31.4	gandhabbavagga	SN31.1-112	
sn31.4-12	S-iii	1313	SN31.4-12	sāragandhādidātāsuttanavaka		
sn31.5	S-iii	1313	SN31.5	gandhabbavagga	SN31.1-112	
sn31.6	S-iii	1313	SN31.6	gandhabbavagga	SN31.1-112	
sn31.7	S-iii	1313	SN31.7	gandhabbavagga	SN31.1-112	
sn31.8	S-iii	1313	SN31.8	gandhabbavagga	SN31.1-112	
sn31.9	S-iii	1313	SN31.9	gandhabbavagga	SN31.1-112	
sn31.10	S-iii	1313	SN31.10	gandhabbavagga	SN31.1-112	
sn31.11	S-iii	1313	SN31.11	gandhabbavagga	SN31.1-112	
sn31.12	S-iii	1313	SN31.12	gandhabbavagga	SN31.1-112	
sn31.13	S-iii	1315	SN31.13	gandhabbavagga	SN31.1-112	
sn31.13-22	S-iii	1315	SN31.13-22	mūlagandhadānūpakārasuttadasaka		
sn31.14	S-iii	1315	SN31.14	gandhabbavagga	SN31.1-112	
sn31.15	S-iii	1315	SN31.15	gandhabbavagga	SN31.1-112	
sn31.16	S-iii	1315	SN31.16	gandhabbavagga	SN31.1-112	
sn31.17	S-iii	1315	SN31.17	gandhabbavagga	SN31.1-112	
sn31.18	S-iii	1315	SN31.18	gandhabbavagga	SN31.1-112	
sn31.19	S-iii	1315	SN31.19	gandhabbavagga	SN31.1-112	
sn31.20	S-iii	1315	SN31.20	gandhabbavagga	SN31.1-112	
sn31.21	S-iii	1315	SN31.21	gandhabbavagga	SN31.1-112	
sn31.22	S-iii	1315	SN31.22	gandhabbavagga	SN31.1-112	
sn31.23	S-iii	1317	SN31.23	gandhabbavagga	SN31.1-112	
sn31.23-112	S-iii	1317	SN31.23-112	sāragandhādidānūpakārasuttanavutika		
sn31.24	S-iii	1317	SN31.24	gandhabbavagga	SN31.1-112	
sn31.25	S-iii	1317	SN31.25	gandhabbavagga	SN31.1-112	
sn31.26	S-iii	1317	SN31.26	gandhabbavagga	SN31.1-112	
sn31.27	S-iii	1317	SN31.27	gandhabbavagga	SN31.1-112	
sn31.28	S-iii	1317	SN31.28	gandhabbavagga	SN31.1-112	
sn31.29	S-iii	1317	SN31.29	gandhabbavagga	SN31.1-112	
sn31.30	S-iii	1317	SN31.30	gandhabbavagga	SN31.1-112	
sn31.31	S-iii	1317	SN31.31	gandhabbavagga	SN31.1-112	
sn31.32	S-iii	1317	SN31.32	gandhabbavagga	SN31.1-112	
sn31.33	S-iii	1317	SN31.33	gandhabbavagga	SN31.1-112	
sn31.34	S-iii	1317	SN31.34	gandhabbavagga	SN31.1-112	
sn31.35	S-iii	1317	SN31.35	gandhabbavagga	SN31.1-112	
sn31.36	S-iii	1317	SN31.36	gandhabbavagga	SN31.1-112	
sn31.37	S-iii	1317	SN31.37	gandhabbavagga	SN31.1-112	
sn31.38	S-iii	1317	SN31.38	gandhabbavagga	SN31.1-112	
sn31.39	S-iii	1317	SN31.39	gandhabbavagga	SN31.1-112	
sn31.40	S-iii	1317	SN31.40	gandhabbavagga	SN31.1-112	
sn31.41	S-iii	1317	SN31.41	gandhabbavagga	SN31.1-112	
sn31.42	S-iii	1317	SN31.42	gandhabbavagga	SN31.1-112	
sn31.43	S-iii	1317	SN31.43	gandhabbavagga	SN31.1-112	
sn31.44	S-iii	1317	SN31.44	gandhabbavagga	SN31.1-112	
sn31.45	S-iii	1317	SN31.45	gandhabbavagga	SN31.1-112	
sn31.46	S-iii	1317	SN31.46	gandhabbavagga	SN31.1-112	
sn31.47	S-iii	1317	SN31.47	gandhabbavagga	SN31.1-112	
sn31.48	S-iii	1317	SN31.48	gandhabbavagga	SN31.1-112	
sn31.49	S-iii	1317	SN31.49	gandhabbavagga	SN31.1-112	
sn31.50	S-iii	1317	SN31.50	gandhabbavagga	SN31.1-112	
sn31.51	S-iii	1317	SN31.51	gandhabbavagga	SN31.1-112	
sn31.52	S-iii	1317	SN31.52	gandhabbavagga	SN31.1-112	
sn31.53	S-iii	1317	SN31.53	gandhabbavagga	SN31.1-112	
sn31.54	S-iii	1317	SN31.54	gandhabbavagga	SN31.1-112	
sn31.55	S-iii	1317	SN31.55	gandhabbavagga	SN31.1-112	
sn31.56	S-iii	1317	SN31.56	gandhabbavagga	SN31.1-112	
sn31.57	S-iii	1317	SN31.57	gandhabbavagga	SN31.1-112	
sn31.58	S-iii	1317	SN31.58	gandhabbavagga	SN31.1-112	
sn31.59	S-iii	1317	SN31.59	gandhabbavagga	SN31.1-112	
sn31.60	S-iii	1317	SN31.60	gandhabbavagga	SN31.1-112	
sn31.61	S-iii	1317	SN31.61	gandhabbavagga	SN31.1-112	
sn31.62	S-iii	1317	SN31.62	gandhabbavagga	SN31.1-112	
sn31.63	S-iii	1317	SN31.63	gandhabbavagga	SN31.1-112	
sn31.64	S-iii	1317	SN31.64	gandhabbavagga	SN31.1-112	
sn31.65	S-iii	1317	SN31.65	gandhabbavagga	SN31.1-112	
sn31.66	S-iii	1317	SN31.66	gandhabbavagga	SN31.1-112	
sn31.67	S-iii	1317	SN31.67	gandhabbavagga	SN31.1-112	
sn31.68	S-iii	1317	SN31.68	gandhabbavagga	SN31.1-112	
sn31.69	S-iii	1317	SN31.69	gandhabbavagga	SN31.1-112	
sn31.70	S-iii	1317	SN31.70	gandhabbavagga	SN31.1-112	
sn31.71	S-iii	1317	SN31.71	gandhabbavagga	SN31.1-112	
sn31.72	S-iii	1317	SN31.72	gandhabbavagga	SN31.1-112	
sn31.73	S-iii	1317	SN31.73	gandhabbavagga	SN31.1-112	
sn31.74	S-iii	1317	SN31.74	gandhabbavagga	SN31.1-112	
sn31.75	S-iii	1317	SN31.75	gandhabbavagga	SN31.1-112	
sn31.76	S-iii	1317	SN31.76	gandhabbavagga	SN31.1-112	
sn31.77	S-iii	1317	SN31.77	gandhabbavagga	SN31.1-112	
sn31.78	S-iii	1317	SN31.78	gandhabbavagga	SN31.1-112	
sn31.79	S-iii	1317	SN31.79	gandhabbavagga	SN31.1-112	
sn31.80	S-iii	1317	SN31.80	gandhabbavagga	SN31.1-112	
sn31.81	S-iii	1317	SN31.81	gandhabbavagga	SN31.1-112	
sn31.82	S-iii	1317	SN31.82	gandhabbavagga	SN31.1-112	
sn31.83	S-iii	1317	SN31.83	gandhabbavagga	SN31.1-112	
sn31.84	S-iii	1317	SN31.84	gandhabbavagga	SN31.1-112	
sn31.85	S-iii	1317	SN31.85	gandhabbavagga	SN31.1-112	
sn31.86	S-iii	1317	SN31.86	gandhabbavagga	SN31.1-112	
sn31.87	S-iii	1317	SN31.87	gandhabbavagga	SN31.1-112	
sn31.88	S-iii	1317	SN31.88	gandhabbavagga	SN31.1-112	
sn31.89	S-iii	1317	SN31.89	gandhabbavagga	SN31.1-112	
sn31.90	S-iii	1317	SN31.90	gandhabbavagga	SN31.1-112	
sn31.91	S-iii	1317	SN31.91	gandhabbavagga	SN31.1-112	
sn31.92	S-iii	1317	SN31.92	gandhabbavagga	SN31.1-112	
sn31.93	S-iii	1317	SN31.93	gandhabbavagga	SN31.1-112	
sn31.94	S-iii	1317	SN31.94	gandhabbavagga	SN31.1-112	
sn31.95	S-iii	1317	SN31.95	gandhabbavagga	SN31.1-112	
sn31.96	S-iii	1317	SN31.96	gandhabbavagga	SN31.1-112	
sn31.97	S-iii	1317	SN31.97	gandhabbavagga	SN31.1-112	
sn31.98	S-iii	1317	SN31.98	gandhabbavagga	SN31.1-112	
sn31.99	S-iii	1317	SN31.99	gandhabbavagga	SN31.1-112	
sn31.100	S-iii	1317	SN31.100	gandhabbavagga	SN31.1-112	
sn31.101	S-iii	1317	SN31.101	gandhabbavagga	SN31.1-112	
sn31.102	S-iii	1317	SN31.102	gandhabbavagga	SN31.1-112	
sn31.103	S-iii	1317	SN31.103	gandhabbavagga	SN31.1-112	
sn31.104	S-iii	1317	SN31.104	gandhabbavagga	SN31.1-112	
sn31.105	S-iii	1317	SN31.105	gandhabbavagga	SN31.1-112	
sn31.106	S-iii	1317	SN31.106	gandhabbavagga	SN31.1-112	
sn31.107	S-iii	1317	SN31.107	gandhabbavagga	SN31.1-112	
sn31.108	S-iii	1317	SN31.108	gandhabbavagga	SN31.1-112	
sn31.109	S-iii	1317	SN31.109	gandhabbavagga	SN31.1-112	
sn31.110	S-iii	1317	SN31.110	gandhabbavagga	SN31.1-112	
sn31.111	S-iii	1317	SN31.111	gandhabbavagga	SN31.1-112	
sn31.112	S-iii	1317	SN31.112	gandhabbavagga	SN31.1-112	
sn32	S-iii	1324	SN32	valāhakasaṃyutta		
sn32.1	S-iii	1324	SN32.1	suddhikasutta		
sn32.1-57	S-iii	1324	SN32.1-57	valāhakavagga		
sn32.2	S-iii	1327	SN32.2	sucaritasutta		
sn32.3	S-iii	1329	SN32.3	valāhakavagga	SN32.1-57	
sn32.3-12	S-iii	1329	SN32.3-12	sītavalāhakadānūpakārasuttadasaka		
sn32.4	S-iii	1329	SN32.4	valāhakavagga	SN32.1-57	
sn32.5	S-iii	1329	SN32.5	valāhakavagga	SN32.1-57	
sn32.6	S-iii	1329	SN32.6	valāhakavagga	SN32.1-57	
sn32.7	S-iii	1329	SN32.7	valāhakavagga	SN32.1-57	
sn32.8	S-iii	1329	SN32.8	valāhakavagga	SN32.1-57	
sn32.9	S-iii	1329	SN32.9	valāhakavagga	SN32.1-57	
sn32.10	S-iii	1329	SN32.10	valāhakavagga	SN32.1-57	
sn32.11	S-iii	1329	SN32.11	valāhakavagga	SN32.1-57	
sn32.12	S-iii	1329	SN32.12	valāhakavagga	SN32.1-57	
sn32.13	S-iii	1331	SN32.13	valāhakavagga	SN32.1-57	
sn32.13-52	S-iii	1331	SN32.13-52	uṇhavalāhakadānūpakārasuttacālīsaka		
sn32.14	S-iii	1331	SN32.14	valāhakavagga	SN32.1-57	
sn32.15	S-iii	1331	SN32.15	valāhakavagga	SN32.1-57	
sn32.16	S-iii	1331	SN32.16	valāhakavagga	SN32.1-57	
sn32.17	S-iii	1331	SN32.17	valāhakavagga	SN32.1-57	
sn32.18	S-iii	1331	SN32.18	valāhakavagga	SN32.1-57	
sn32.19	S-iii	1331	SN32.19	valāhakavagga	SN32.1-57	
sn32.20	S-iii	1331	SN32.20	valāhakavagga	SN32.1-57	
sn32.21	S-iii	1331	SN32.21	valāhakavagga	SN32.1-57	
sn32.22	S-iii	1331	SN32.22	valāhakavagga	SN32.1-57	
sn32.23	S-iii	1331	SN32.23	valāhakavagga	SN32.1-57	
sn32.24	S-iii	1331	SN32.24	valāhakavagga	SN32.1-57	
sn32.25	S-iii	1331	SN32.25	valāhakavagga	SN32.1-57	
sn32.26	S-iii	1331	SN32.26	valāhakavagga	SN32.1-57	
sn32.27	S-iii	1331	SN32.27	valāhakavagga	SN32.1-57	
sn32.28	S-iii	1331	SN32.28	valāhakavagga	SN32.1-57	
sn32.29	S-iii	1331	SN32.29	valāhakavagga	SN32.1-57	
sn32.30	S-iii	1331	SN32.30	valāhakavagga	SN32.1-57	
sn32.31	S-iii	1331	SN32.31	valāhakavagga	SN32.1-57	
sn32.32	S-iii	1331	SN32.32	valāhakavagga	SN32.1-57	
sn32.33	S-iii	1331	SN32.33	valāhakavagga	SN32.1-57	
sn32.34	S-iii	1331	SN32.34	valāhakavagga	SN32.1-57	
sn32.35	S-iii	1331	SN32.35	valāhakavagga	SN32.1-57	
sn32.36	S-iii	1331	SN32.36	valāhakavagga	SN32.1-57	
sn32.37	S-iii	1331	SN32.37	valāhakavagga	SN32.1-57	
sn32.38	S-iii	1331	SN32.38	valāhakavagga	SN32.1-57	
sn32.39	S-iii	1331	SN32.39	valāhakavagga	SN32.1-57	
sn32.40	S-iii	1331	SN32.40	valāhakavagga	SN32.1-57	
sn32.41	S-iii	1331	SN32.41	valāhakavagga	SN32.1-57	
sn32.42	S-iii	1331	SN32.42	valāhakavagga	SN32.1-57	
sn32.43	S-iii	1331	SN32.43	valāhakavagga	SN32.1-57	
sn32.44	S-iii	1331	SN32.44	valāhakavagga	SN32.1-57	
sn32.45	S-iii	1331	SN32.45	valāhakavagga	SN32.1-57	
sn32.46	S-iii	1331	SN32.46	valāhakavagga	SN32.1-57	
sn32.47	S-iii	1331	SN32.47	valāhakavagga	SN32.1-57	
sn32.48	S-iii	1331	SN32.48	valāhakavagga	SN32.1-57	
sn32.49	S-iii	1331	SN32.49	valāhakavagga	SN32.1-57	
sn32.50	S-iii	1331	SN32.50	valāhakavagga	SN32.1-57	
sn32.51	S-iii	1331	SN32.51	valāhakavagga	SN32.1-57	
sn32.52	S-iii	1331	SN32.52	valāhakavagga	SN32.1-57	
sn32.53	S-iii	1333	SN32.53	sītavalāhakasutta		
sn32.54	S-iii	1335	SN32.54	uṇhavalāhakasutta		
sn32.55	S-iii	1337	SN32.55	abbhavalāhakasutta		
sn32.56	S-iii	1339	SN32.56	vātavalāhakasutta		
sn32.57	S-iii	1341	SN32.57	vassavalāhakasutta		
sn33	S-iii	1348	SN33	vacchagottasaṃyutta		
sn33.1	S-iii	1348	SN33.1	rūpaaññāṇasutta		
sn33.1-56	S-iii	1348	SN33.1-56	vacchagottavagga		
sn33.2	S-iii	1351	SN33.2	vedanāaññāṇasutta		
sn33.3	S-iii	1353	SN33.3	saññāaññāṇasutta		
sn33.4	S-iii	1355	SN33.4	saṅkhāraaññāṇasutta		
sn33.5	S-iii	1357	SN33.5	viññāṇaaññāṇasutta		
sn33.6	S-iii	1348	SN33.1-56	vacchagottavagga		
sn33.6-10	S-iii	1359	SN33.6-10	rūpaadassanādisuttapañcaka		
sn33.7	S-iii	1348	SN33.1-56	vacchagottavagga		
sn33.8	S-iii	1348	SN33.1-56	vacchagottavagga		
sn33.9	S-iii	1348	SN33.1-56	vacchagottavagga		
sn33.10	S-iii	1348	SN33.1-56	vacchagottavagga		
sn33.11	S-iii	1348	SN33.1-56	vacchagottavagga		
sn33.11-15	S-iii	1361	SN33.11-15	rūpaanabhisamayādisuttapañcaka		
sn33.12	S-iii	1348	SN33.1-56	vacchagottavagga		
sn33.13	S-iii	1348	SN33.1-56	vacchagottavagga		
sn33.14	S-iii	1348	SN33.1-56	vacchagottavagga		
sn33.15	S-iii	1348	SN33.1-56	vacchagottavagga		
sn33.16	S-iii	1348	SN33.1-56	vacchagottavagga		
sn33.16-20	S-iii	1367	SN33.16-20	rūpaananubodhādisuttapañcaka		
sn33.17	S-iii	1348	SN33.1-56	vacchagottavagga		
sn33.18	S-iii	1348	SN33.1-56	vacchagottavagga		
sn33.19	S-iii	1348	SN33.1-56	vacchagottavagga		
sn33.20	S-iii	1348	SN33.1-56	vacchagottavagga		
sn33.21	S-iii	1348	SN33.1-56	vacchagottavagga		
sn33.21-25	S-iii	1373	SN33.21-25	rūpaappaṭivedhādisuttapañcaka		
sn33.22	S-iii	1348	SN33.1-56	vacchagottavagga		
sn33.23	S-iii	1348	SN33.1-56	vacchagottavagga		
sn33.24	S-iii	1348	SN33.1-56	vacchagottavagga		
sn33.25	S-iii	1348	SN33.1-56	vacchagottavagga		
sn33.26	S-iii	1348	SN33.1-56	vacchagottavagga		
sn33.26-30	S-iii	1375	SN33.26-30	rūpaasallakkhaṇādisuttapañcaka		
sn33.27	S-iii	1348	SN33.1-56	vacchagottavagga		
sn33.28	S-iii	1348	SN33.1-56	vacchagottavagga		
sn33.29	S-iii	1348	SN33.1-56	vacchagottavagga		
sn33.30	S-iii	1348	SN33.1-56	vacchagottavagga		
sn33.31	S-iii	1348	SN33.1-56	vacchagottavagga		
sn33.31-35	S-iii	1377	SN33.31-35	rūpaanupalakkhaṇādisuttapañcaka		
sn33.32	S-iii	1348	SN33.1-56	vacchagottavagga		
sn33.33	S-iii	1348	SN33.1-56	vacchagottavagga		
sn33.34	S-iii	1348	SN33.1-56	vacchagottavagga		
sn33.35	S-iii	1348	SN33.1-56	vacchagottavagga		
sn33.36	S-iii	1348	SN33.1-56	vacchagottavagga		
sn33.36-40	S-iii	1379	SN33.36-40	rūpaappaccupalakkhaṇādisuttapañcaka		
sn33.37	S-iii	1348	SN33.1-56	vacchagottavagga		
sn33.38	S-iii	1348	SN33.1-56	vacchagottavagga		
sn33.39	S-iii	1348	SN33.1-56	vacchagottavagga		
sn33.40	S-iii	1348	SN33.1-56	vacchagottavagga		
sn33.41	S-iii	1348	SN33.1-56	vacchagottavagga		
sn33.41-45	S-iii	1381	SN33.41-45	rūpaasamapekkhaṇādisuttapañcaka		
sn33.42	S-iii	1348	SN33.1-56	vacchagottavagga		
sn33.43	S-iii	1348	SN33.1-56	vacchagottavagga		
sn33.44	S-iii	1348	SN33.1-56	vacchagottavagga		
sn33.45	S-iii	1348	SN33.1-56	vacchagottavagga		
sn33.46	S-iii	1348	SN33.1-56	vacchagottavagga		
sn33.46-50	S-iii	1383	SN33.46-50	rūpaappaccupekkhaṇādisuttapañcaka		
sn33.47	S-iii	1348	SN33.1-56	vacchagottavagga		
sn33.48	S-iii	1348	SN33.1-56	vacchagottavagga		
sn33.49	S-iii	1348	SN33.1-56	vacchagottavagga		
sn33.50	S-iii	1348	SN33.1-56	vacchagottavagga		
sn33.51	S-iii	1348	SN33.1-56	vacchagottavagga		
sn33.51-55	S-iii	1385	SN33.51-55	rūpaappaccakkhakammādisuttacatukka		
sn33.52	S-iii	1348	SN33.1-56	vacchagottavagga		
sn33.53	S-iii	1348	SN33.1-56	vacchagottavagga		
sn33.54	S-iii	1348	SN33.1-56	vacchagottavagga		
sn33.55	S-iii	1390	SN33.56	viññāṇaappaccakkhakammasutta		SN33.55
sn33.56	S-iii	1390	SN33.56	viññāṇaappaccakkhakammasutta		SN33.55
sn34	S-iii	1397	SN34	jhānasaṃyutta		
sn34.1	S-iii	1397	SN34.1	samādhimūlakasamāpattisutta		
sn34.1-55	S-iii	1397	SN34.1-55	oghavagga		
sn34.2	S-iii	1400	SN34.2	samādhimūlakaṭhitisutta		
sn34.3	S-iii	1402	SN34.3	samādhimūlakavuṭṭhānasutta		
sn34.4	S-iii	1404	SN34.4	samādhimūlakakallitasutta		
sn34.5	S-iii	1406	SN34.5	samādhimūlakaārammaṇasutta		
sn34.6	S-iii	1408	SN34.6	samādhimūlakagocarasutta		
sn34.7	S-iii	1410	SN34.7	samādhimūlakaabhinīhārasutta		
sn34.8	S-iii	1412	SN34.8	samādhimūlakasakkaccakārīsutta		
sn34.9	S-iii	1414	SN34.9	samādhimūlakasātaccakārīsutta		
sn34.10	S-iii	1416	SN34.10	samādhimūlakasappāyakārīsutta		
sn34.11	S-iii	1418	SN34.11	samāpattimūlakaṭhitisutta		
sn34.12	S-iii	1420	SN34.12	samāpattimūlakavuṭṭhānasutta		
sn34.13	S-iii	1422	SN34.13	samāpattimūlakakallitasutta		
sn34.14	S-iii	1424	SN34.14	samāpattimūlakaārammaṇasutta		
sn34.15	S-iii	1426	SN34.15	samāpattimūlakagocarasutta		
sn34.16	S-iii	1428	SN34.16	samāpattimūlakaabhinīhārasutta		
sn34.17	S-iii	1430	SN34.17	samāpattimūlakasakkaccasutta		
sn34.18	S-iii	1432	SN34.18	samāpattimūlakasātaccasutta		
sn34.19	S-iii	1434	SN34.19	samāpattimūlakasappāyakārīsutta		
sn34.20	S-iii	1436	SN34.20	oghavagga	SN34.1-55	
sn34.20-27	S-iii	1436	SN34.20-27	ṭhitimūlakavuṭṭhānasuttādiaṭṭhaka		
sn34.21	S-iii	1436	SN34.21	oghavagga	SN34.1-55	
sn34.22	S-iii	1436	SN34.22	oghavagga	SN34.1-55	
sn34.23	S-iii	1436	SN34.23	oghavagga	SN34.1-55	
sn34.24	S-iii	1436	SN34.24	oghavagga	SN34.1-55	
sn34.25	S-iii	1436	SN34.25	oghavagga	SN34.1-55	
sn34.26	S-iii	1436	SN34.26	oghavagga	SN34.1-55	
sn34.27	S-iii	1436	SN34.27	oghavagga	SN34.1-55	
sn34.28	S-iii	1438	SN34.28	oghavagga	SN34.1-55	
sn34.28-34	S-iii	1438	SN34.28-34	vuṭṭhānamūlakakallitasuttādisattaka		
sn34.29	S-iii	1438	SN34.29	oghavagga	SN34.1-55	
sn34.30	S-iii	1438	SN34.30	oghavagga	SN34.1-55	
sn34.31	S-iii	1438	SN34.31	oghavagga	SN34.1-55	
sn34.32	S-iii	1438	SN34.32	oghavagga	SN34.1-55	
sn34.33	S-iii	1438	SN34.33	oghavagga	SN34.1-55	
sn34.34	S-iii	1438	SN34.34	oghavagga	SN34.1-55	
sn34.35	S-iii	1440	SN34.35	oghavagga	SN34.1-55	
sn34.35-40	S-iii	1440	SN34.35-40	kallitamūlakaārammaṇasuttādichakka		
sn34.36	S-iii	1440	SN34.36	oghavagga	SN34.1-55	
sn34.37	S-iii	1440	SN34.37	oghavagga	SN34.1-55	
sn34.38	S-iii	1440	SN34.38	oghavagga	SN34.1-55	
sn34.39	S-iii	1440	SN34.39	oghavagga	SN34.1-55	
sn34.40	S-iii	1440	SN34.40	oghavagga	SN34.1-55	
sn34.41	S-iii	1442	SN34.41	oghavagga	SN34.1-55	
sn34.41-45	S-iii	1442	SN34.41-45	ārammaṇamūlakagocarasuttādipañcaka		
sn34.42	S-iii	1442	SN34.42	oghavagga	SN34.1-55	
sn34.43	S-iii	1442	SN34.43	oghavagga	SN34.1-55	
sn34.44	S-iii	1442	SN34.44	oghavagga	SN34.1-55	
sn34.45	S-iii	1442	SN34.45	oghavagga	SN34.1-55	
sn34.46	S-iii	1444	SN34.46	oghavagga	SN34.1-55	
sn34.46-49	S-iii	1444	SN34.46-49	gocaramūlakaabhinīhārasuttādicatukka		
sn34.47	S-iii	1446	SN34.47	oghavagga	SN34.1-55	
sn34.48	S-iii	1447	SN34.48	oghavagga	SN34.1-55	
sn34.49	S-iii	1448	SN34.49	oghavagga	SN34.1-55	
sn34.50	S-iii	1449	SN34.50	oghavagga	SN34.1-55	
sn34.50-52	S-iii	1449	SN34.50-52	abhinīhāramūlakasakkaccasuttāditika		
sn34.51	S-iii	1451	SN34.51	oghavagga	SN34.1-55	
sn34.52	S-iii	1452	SN34.52	oghavagga	SN34.1-55	
sn34.53	S-iii	1453	SN34.53	oghavagga	SN34.1-55	
sn34.53-54	S-iii	1453	SN34.53-54	sakkaccamūlakasātaccakārīsuttādiduka		
sn34.54	S-iii	1455	SN34.54	oghavagga	SN34.1-55	
sn34.55	S-iii	1456	SN34.55	sātaccamūlakasappāyakārīsutta		
sn35	S-iv	3	SN35	saḷāyatanasaṃyutta		
sn35-44	S-iv	3	SN35-44	saḷāyatanavaggasaṃyuttapāḷi		
sn35.1	S-iv	3	SN35.1	ajjhattāniccasutta		
sn35.1-12	S-iv	3	SN35.1-12	aniccavagga		
sn35.2	S-iv	9	SN35.2	ajjhattadukkhasutta		
sn35.3	S-iv	11	SN35.3	ajjhattānattasutta		
sn35.4	S-iv	13	SN35.4	bāhirāniccasutta		
sn35.5	S-iv	15	SN35.5	bāhiradukkhasutta		
sn35.6	S-iv	17	SN35.6	bāhirānattasutta		
sn35.7	S-iv	19	SN35.7	ajjhattāniccātītānāgatasutta		
sn35.8	S-iv	21	SN35.8	ajjhattadukkhātītānāgatasutta		
sn35.9	S-iv	23	SN35.9	ajjhattānattātītānāgatasutta		
sn35.10	S-iv	25	SN35.10	bāhirāniccātītānāgatasutta		
sn35.11	S-iv	27	SN35.11	bāhiradukkhātītānāgatasutta		
sn35.12	S-iv	29	SN35.12	bāhirānattātītānāgatasutta		
sn35.13	S-iv	35	SN35.13	paṭhamapubbesambodhasutta		
sn35.13-22	S-iv	35	SN35.13-22	yamakavagga		
sn35.14	S-iv	39	SN35.14	dutiyapubbesambodhasutta		
sn35.15	S-iv	42	SN35.15	paṭhamaassādapariyesanasutta		
sn35.16	S-iv	45	SN35.16	dutiyaassādapariyesanasutta		
sn35.17	S-iv	48	SN35.17	paṭhamanoceassādasutta		
sn35.18	S-iv	51	SN35.18	dutiyanoceassādasutta		
sn35.19	S-iv	54	SN35.19	paṭhamābhinandasutta		
sn35.20	S-iv	57	SN35.20	dutiyābhinandasutta		
sn35.21	S-iv	60	SN35.21	paṭhamadukkhuppādasutta		
sn35.22	S-iv	63	SN35.22	dutiyadukkhuppādasutta		
sn35.23	S-iv	71	SN35.23	sabbasutta		
sn35.23-32	S-iv	71	SN35.23-32	sabbavagga		
sn35.24	S-iv	74	SN35.24	pahānasutta		
sn35.25	S-iv	76	SN35.25	abhiññāpariññāpahānasutta		
sn35.26	S-iv	78	SN35.26	paṭhamaaparijānanasutta		
sn35.27	S-iv	81	SN35.27	dutiyaaparijānanasutta		
sn35.28	S-iv	84	SN35.28	ādittasutta		
sn35.29	S-iv	86	SN35.29	addhabhūtasutta		
sn35.30	S-iv	88	SN35.30	samugghātasāruppasutta		
sn35.31	S-iv	90	SN35.31	paṭhamasamugghātasappāyasutta		
sn35.32	S-iv	92	SN35.32	dutiyasamugghātasappāyasutta		
sn35.33	S-iv	125	SN35.33	jātidhammavagga	SN35.33-42	
sn35.33-42	S-iv	125	SN35.33-42	jātidhammavagga		SN35.33
sn35.34	S-iv	128	SN35.34	jātidhammavagga	SN35.33-42	
sn35.35	S-iv	129	SN35.35	jātidhammavagga	SN35.33-42	
sn35.36	S-iv	130	SN35.36	jātidhammavagga	SN35.33-42	
sn35.37	S-iv	131	SN35.37	jātidhammavagga	SN35.33-42	
sn35.38	S-iv	132	SN35.38	jātidhammavagga	SN35.33-42	
sn35.39	S-iv	133	SN35.39	jātidhammavagga	SN35.33-42	
sn35.40	S-iv	134	SN35.40	jātidhammavagga	SN35.33-42	
sn35.41	S-iv	135	SN35.41	jātidhammavagga	SN35.33-42	
sn35.42	S-iv	136	SN35.42	jātidhammavagga	SN35.33-42	
sn35.43	S-iv	141	SN35.43	sabbaaniccavagga	SN35.43-52	
sn35.43-51	S-iv	141	SN35.43-51	aniccādisuttanavaka		
sn35.43-52	S-iv	141	SN35.43-52	sabbaaniccavagga		SN35.43
sn35.44	S-iv	144	SN35.44	sabbaaniccavagga	SN35.43-52	
sn35.45	S-iv	145	SN35.45	sabbaaniccavagga	SN35.43-52	
sn35.46	S-iv	146	SN35.46	sabbaaniccavagga	SN35.43-52	
sn35.47	S-iv	147	SN35.47	sabbaaniccavagga	SN35.43-52	
sn35.48	S-iv	148	SN35.48	sabbaaniccavagga	SN35.43-52	
sn35.49	S-iv	149	SN35.49	sabbaaniccavagga	SN35.43-52	
sn35.50	S-iv	150	SN35.50	sabbaaniccavagga	SN35.43-52	
sn35.51	S-iv	151	SN35.51	sabbaaniccavagga	SN35.43-52	
sn35.52	S-iv	152	SN35.52	upassaṭṭhasutta		
sn35.53	S-iv	163	SN35.53	avijjāpahānasutta		
sn35.53-62	S-iv	163	SN35.53-62	avijjāvagga		
sn35.54	S-iv	167	SN35.54	saṃyojanapahānasutta		
sn35.55	S-iv	169	SN35.55	saṃyojanasamugghātasutta		
sn35.56	S-iv	171	SN35.56	āsavapahānasutta		
sn35.57	S-iv	173	SN35.57	āsavasamugghātasutta		
sn35.58	S-iv	175	SN35.58	anusayapahānasutta		
sn35.59	S-iv	177	SN35.59	anusayasamugghātasutta		
sn35.60	S-iv	179	SN35.60	sabbupādānapariññāsutta		
sn35.61	S-iv	181	SN35.61	paṭhamasabbupādānapariyādānasutta		
sn35.62	S-iv	183	SN35.62	dutiyasabbupādānapariyādānasutta		
sn35.63	S-iv	209	SN35.63	paṭhamamigajālasutta		
sn35.63-73	S-iv	209	SN35.63-73	migajālavagga		
sn35.64	S-iv	214	SN35.64	dutiyamigajālasutta		
sn35.65	S-iv	219	SN35.65	paṭhamasamiddhimārapañhāsutta		
sn35.66	S-iv	223	SN35.66	samiddhisattapañhāsutta		
sn35.67	S-iv	225	SN35.67	samiddhidukkhapañhāsutta		
sn35.68	S-iv	227	SN35.68	samiddhilokapañhāsutta		
sn35.69	S-iv	230	SN35.69	upasenaāsīvisasutta		
sn35.70	S-iv	234	SN35.70	upavāṇasandiṭṭhikasutta		
sn35.71	S-iv	242	SN35.71	paṭhamachaphassāyatanasutta		
sn35.72	S-iv	252	SN35.72	dutiyachaphassāyatanasutta		
sn35.73	S-iv	264	SN35.73	tatiyachaphassāyatanasutta		
sn35.74	S-iv	284	SN35.74	paṭhamagilānasutta		
sn35.74-83	S-iv	284	SN35.74-83	gilānavagga		
sn35.75	S-iv	307	SN35.75	dutiyagilānasutta		
sn35.76	S-iv	326	SN35.76	rādhaaniccasutta		
sn35.77	S-iv	328	SN35.77	rādhadukkhasutta		
sn35.78	S-iv	330	SN35.78	rādhaanattasutta		
sn35.79	S-iv	332	SN35.79	paṭhamaavijjāpahānasutta		
sn35.80	S-iv	339	SN35.80	dutiyaavijjāpahānasutta		
sn35.81	S-iv	346	SN35.81	sambahulabhikkhusutta		
sn35.82	S-iv	349	SN35.82	lokapañhāsutta		
sn35.83	S-iv	352	SN35.83	phaggunapañhāsutta		
sn35.84	S-iv	360	SN35.84	palokadhammasutta		
sn35.84-93	S-iv	360	SN35.84-93	channavagga		
sn35.85	S-iv	364	SN35.85	suññatalokasutta		
sn35.86	S-iv	366	SN35.86	saṃkhittadhammasutta		
sn35.87	S-iv	391	SN35.87	channasutta		
sn35.88	S-iv	405	SN35.88	puṇṇasutta		
sn35.89	S-iv	426	SN35.89	bāhiyasutta		
sn35.90	S-iv	443	SN35.90	paṭhamaejāsutta		
sn35.91	S-iv	448	SN35.91	dutiyaejāsutta		
sn35.92	S-iv	453	SN35.92	paṭhamadvayasutta		
sn35.93	S-iv	456	SN35.93	dutiyadvayasutta		
sn35.94	S-iv	464	SN35.94	adantaaguttasutta		
sn35.94-103	S-iv	464	SN35.94-103	saḷavagga		
sn35.95	S-iv	500	SN35.95	mālukyaputtasutta		
sn35.96	S-iv	585	SN35.96	parihānadhammasutta		
sn35.97	S-iv	591	SN35.97	pamādavihārīsutta		
sn35.98	S-iv	594	SN35.98	saṃvarasutta		
sn35.99	S-iv	597	SN35.99	samādhisutta		
sn35.100	S-iv	599	SN35.100	paṭisallānasutta		
sn35.101	S-iv	601	SN35.101	paṭhamanatumhākaṃsutta		
sn35.102	S-iv	610	SN35.102	dutiyanatumhākaṃsutta		
sn35.103	S-iv	612	SN35.103	udakasutta		
sn35.104	S-iv	627	SN35.104	yogakkhemisutta		
sn35.104-113	S-iv	627	SN35.104-113	yogakkhemivagga		
sn35.105	S-iv	630	SN35.105	upādāyasutta		
sn35.106	S-iv	652	SN35.106	dukkhasamudayasutta		
sn35.107	S-iv	655	SN35.107	lokasamudayasutta		
sn35.108	S-iv	658	SN35.108	seyyohamasmisutta		
sn35.109	S-iv	675	SN35.109	saṃyojaniyasutta		
sn35.110	S-iv	677	SN35.110	upādāniyasutta		
sn35.111	S-iv	679	SN35.111	ajjhattikāyatanaparijānanasutta		
sn35.112	S-iv	681	SN35.112	bāhirāyatanaparijānanasutta		
sn35.113	S-iv	683	SN35.113	upassutisutta		
sn35.114	S-iv	691	SN35.114	paṭhamamārapāsasutta		
sn35.114-123	S-iv	691	SN35.114-123	lokakāmaguṇavagga		
sn35.115	S-iv	699	SN35.115	dutiyamārapāsasutta		
sn35.116	S-iv	704	SN35.116	lokantagamanasutta		
sn35.117	S-iv	716	SN35.117	kāmaguṇasutta		
sn35.118	S-iv	728	SN35.118	sakkapañhasutta		
sn35.119	S-iv	734	SN35.119	pañcasikhasutta		
sn35.120	S-iv	737	SN35.120	sāriputtasaddhivihārikasutta		
sn35.121	S-iv	743	SN35.121	rāhulovādasutta		
sn35.122	S-iv	797	SN35.122	saṃyojaniyadhammasutta		
sn35.123	S-iv	799	SN35.123	upādāniyadhammasutta		
sn35.124	S-iv	806	SN35.124	vesālīsutta		
sn35.124-133	S-iv	806	SN35.124-133	gahapativagga		
sn35.125	S-iv	811	SN35.125	vajjīsutta		
sn35.126	S-iv	813	SN35.126	nāḷandasutta		
sn35.127	S-iv	815	SN35.127	bhāradvājasutta		
sn35.128	S-iv	821	SN35.128	soṇasutta		
sn35.129	S-iv	823	SN35.129	ghositasutta		
sn35.130	S-iv	825	SN35.130	hāliddikānisutta		
sn35.131	S-iv	828	SN35.131	nakulapitusutta		
sn35.132	S-iv	831	SN35.132	lohiccasutta		
sn35.133	S-iv	862	SN35.133	verahaccānisutta		
sn35.134	S-iv	874	SN35.134	devadahasutta		
sn35.134-145	S-iv	874	SN35.134-145	devadahavagga		
sn35.135	S-iv	877	SN35.135	khaṇasutta		
sn35.136	S-iv	879	SN35.136	paṭhamarūpārāmasutta		
sn35.137	S-iv	897	SN35.137	dutiyarūpārāmasutta		
sn35.138	S-iv	899	SN35.138	paṭhamanatumhākaṃsutta		
sn35.139	S-iv	901	SN35.139	dutiyanatumhākaṃsutta		
sn35.140	S-iv	903	SN35.140	ajjhattaaniccahetusutta		
sn35.141	S-iv	905	SN35.141	ajjhattadukkhahetusutta		
sn35.142	S-iv	907	SN35.142	ajjhattānattahetusutta		
sn35.143	S-iv	909	SN35.143	bāhirāniccahetusutta		
sn35.144	S-iv	911	SN35.144	bāhiradukkhahetusutta		
sn35.145	S-iv	913	SN35.145	bāhirānattahetusutta		
sn35.146	S-iv	919	SN35.146	kammanirodhasutta		
sn35.146-155	S-iv	919	SN35.146-155	navapurāṇavagga		
sn35.147	S-iv	922	SN35.147	aniccanibbānasappāyasutta		
sn35.148	S-iv	924	SN35.148	dukkhanibbānasappāyasutta		
sn35.149	S-iv	926	SN35.149	anattanibbānasappāyasutta		
sn35.150	S-iv	928	SN35.150	nibbānasappāyapaṭipadāsutta		
sn35.151	S-iv	944	SN35.151	antevāsikasutta		
sn35.152	S-iv	951	SN35.152	kimatthiyabrahmacariyasutta		
sn35.153	S-iv	954	SN35.153	atthinukhopariyāyasutta		
sn35.154	S-iv	959	SN35.154	indriyasampannasutta		
sn35.155	S-iv	962	SN35.155	dhammakathikapucchasutta		
sn35.156	S-iv	973	SN35.156	ajjhattanandikkhayasutta		
sn35.156-167	S-iv	973	SN35.156-167	nandikkhayavagga		
sn35.157	S-iv	976	SN35.157	bāhiranandikkhayasutta		
sn35.158	S-iv	978	SN35.158	ajjhattaaniccanandikkhayasutta		
sn35.159	S-iv	980	SN35.159	bāhiraaniccanandikkhayasutta		
sn35.160	S-iv	982	SN35.160	jīvakambavanasamādhisutta		
sn35.161	S-iv	984	SN35.161	jīvakambavanapaṭisallānasutta		
sn35.162	S-iv	986	SN35.162	koṭṭhikaaniccasutta		
sn35.163	S-iv	989	SN35.163	koṭṭhikadukkhasutta		
sn35.164	S-iv	991	SN35.164	koṭṭhikaanattasutta		
sn35.165	S-iv	993	SN35.165	micchādiṭṭhipahānasutta		
sn35.166	S-iv	996	SN35.166	sakkāyadiṭṭhipahānasutta		
sn35.167	S-iv	998	SN35.167	attānudiṭṭhipahānasutta		
sn35.168	S-iv	1004	SN35.168	ajjhattaaniccachandasutta		
sn35.168-227	S-iv	1004	SN35.168-227	saṭṭhipeyyālavagga		
sn35.169	S-iv	1007	SN35.169	ajjhattaaniccarāgasutta		
sn35.170	S-iv	1009	SN35.170	ajjhattaaniccachandarāgasutta		
sn35.171	S-iv	1011	SN35.171	saṭṭhipeyyālavagga	SN35.168-227	
sn35.171-173	S-iv	1011	SN35.171-173	dukkhachandādisutta		
sn35.172	S-iv	1011	SN35.172	saṭṭhipeyyālavagga	SN35.168-227	
sn35.173	S-iv	1011	SN35.173	saṭṭhipeyyālavagga	SN35.168-227	
sn35.174	S-iv	1013	SN35.174	saṭṭhipeyyālavagga	SN35.168-227	
sn35.174-176	S-iv	1013	SN35.174-176	anattachandādisutta		
sn35.175	S-iv	1013	SN35.175	saṭṭhipeyyālavagga	SN35.168-227	
sn35.176	S-iv	1013	SN35.176	saṭṭhipeyyālavagga	SN35.168-227	
sn35.177	S-iv	1015	SN35.177	saṭṭhipeyyālavagga	SN35.168-227	
sn35.177-179	S-iv	1015	SN35.177-179	bāhirāniccachandādisutta		
sn35.178	S-iv	1015	SN35.178	saṭṭhipeyyālavagga	SN35.168-227	
sn35.179	S-iv	1015	SN35.179	saṭṭhipeyyālavagga	SN35.168-227	
sn35.180	S-iv	1017	SN35.180	saṭṭhipeyyālavagga	SN35.168-227	
sn35.180-182	S-iv	1017	SN35.180-182	bāhiradukkhachandādisutta		
sn35.181	S-iv	1017	SN35.181	saṭṭhipeyyālavagga	SN35.168-227	
sn35.182	S-iv	1017	SN35.182	saṭṭhipeyyālavagga	SN35.168-227	
sn35.183	S-iv	1019	SN35.183	saṭṭhipeyyālavagga	SN35.168-227	
sn35.183-185	S-iv	1019	SN35.183-185	bāhirānattachandādisutta		
sn35.184	S-iv	1019	SN35.184	saṭṭhipeyyālavagga	SN35.168-227	
sn35.185	S-iv	1019	SN35.185	saṭṭhipeyyālavagga	SN35.168-227	
sn35.186	S-iv	1021	SN35.186	ajjhattātītāniccasutta		
sn35.187	S-iv	1023	SN35.187	ajjhattānāgatāniccasutta		
sn35.188	S-iv	1025	SN35.188	ajjhattapaccuppannāniccasutta		
sn35.189	S-iv	1027	SN35.189	saṭṭhipeyyālavagga	SN35.168-227	
sn35.189-191	S-iv	1027	SN35.189-191	ajjhattātītādidukkhasutta		
sn35.190	S-iv	1027	SN35.190	saṭṭhipeyyālavagga	SN35.168-227	
sn35.191	S-iv	1027	SN35.191	saṭṭhipeyyālavagga	SN35.168-227	
sn35.192	S-iv	1029	SN35.192	saṭṭhipeyyālavagga	SN35.168-227	
sn35.192-194	S-iv	1029	SN35.192-194	ajjhattātītādianattasutta		
sn35.193	S-iv	1029	SN35.193	saṭṭhipeyyālavagga	SN35.168-227	
sn35.194	S-iv	1029	SN35.194	saṭṭhipeyyālavagga	SN35.168-227	
sn35.195	S-iv	1031	SN35.195	saṭṭhipeyyālavagga	SN35.168-227	
sn35.195-197	S-iv	1031	SN35.195-197	bāhirātītādianiccasutta		
sn35.196	S-iv	1031	SN35.196	saṭṭhipeyyālavagga	SN35.168-227	
sn35.197	S-iv	1031	SN35.197	saṭṭhipeyyālavagga	SN35.168-227	
sn35.198	S-iv	1033	SN35.198	saṭṭhipeyyālavagga	SN35.168-227	
sn35.198-200	S-iv	1033	SN35.198-200	bāhirātītādidukkhasutta		
sn35.199	S-iv	1033	SN35.199	saṭṭhipeyyālavagga	SN35.168-227	
sn35.200	S-iv	1033	SN35.200	saṭṭhipeyyālavagga	SN35.168-227	
sn35.201	S-iv	1035	SN35.201	saṭṭhipeyyālavagga	SN35.168-227	
sn35.201-203	S-iv	1035	SN35.201-203	bāhirātītādianattasutta		
sn35.202	S-iv	1035	SN35.202	saṭṭhipeyyālavagga	SN35.168-227	
sn35.203	S-iv	1035	SN35.203	saṭṭhipeyyālavagga	SN35.168-227	
sn35.204	S-iv	1037	SN35.204	ajjhattātītayadaniccasutta		
sn35.205	S-iv	1039	SN35.205	ajjhattānāgatayadaniccasutta		
sn35.206	S-iv	1041	SN35.206	ajjhattapaccuppannayadaniccasutta		
sn35.207	S-iv	1043	SN35.207	saṭṭhipeyyālavagga	SN35.168-227	
sn35.207-209	S-iv	1043	SN35.207-209	ajjhattātītādiyaṃdukkhasutta		
sn35.208	S-iv	1043	SN35.208	saṭṭhipeyyālavagga	SN35.168-227	
sn35.209	S-iv	1043	SN35.209	saṭṭhipeyyālavagga	SN35.168-227	
sn35.210	S-iv	1045	SN35.210	saṭṭhipeyyālavagga	SN35.168-227	
sn35.210-212	S-iv	1045	SN35.210-212	ajjhattātītādiyadanattasutta		
sn35.211	S-iv	1045	SN35.211	saṭṭhipeyyālavagga	SN35.168-227	
sn35.212	S-iv	1045	SN35.212	saṭṭhipeyyālavagga	SN35.168-227	
sn35.213	S-iv	1047	SN35.213	saṭṭhipeyyālavagga	SN35.168-227	
sn35.213-215	S-iv	1047	SN35.213-215	bāhirātītādiyadaniccasutta		
sn35.214	S-iv	1047	SN35.214	saṭṭhipeyyālavagga	SN35.168-227	
sn35.215	S-iv	1047	SN35.215	saṭṭhipeyyālavagga	SN35.168-227	
sn35.216	S-iv	1049	SN35.216	saṭṭhipeyyālavagga	SN35.168-227	
sn35.216-218	S-iv	1049	SN35.216-218	bāhirātītādiyaṃdukkhasutta		
sn35.217	S-iv	1049	SN35.217	saṭṭhipeyyālavagga	SN35.168-227	
sn35.218	S-iv	1049	SN35.218	saṭṭhipeyyālavagga	SN35.168-227	
sn35.219	S-iv	1051	SN35.219	saṭṭhipeyyālavagga	SN35.168-227	
sn35.219-221	S-iv	1051	SN35.219-221	bāhirātītādiyadanattasutta		
sn35.220	S-iv	1051	SN35.220	saṭṭhipeyyālavagga	SN35.168-227	
sn35.221	S-iv	1051	SN35.221	saṭṭhipeyyālavagga	SN35.168-227	
sn35.222	S-iv	1053	SN35.222	ajjhattāyatanaaniccasutta		
sn35.223	S-iv	1055	SN35.223	ajjhattāyatanadukkhasutta		
sn35.224	S-iv	1057	SN35.224	ajjhattāyatanaanattasutta		
sn35.225	S-iv	1059	SN35.225	bāhirāyatanaaniccasutta		
sn35.226	S-iv	1061	SN35.226	bāhirāyatanadukkhasutta		
sn35.227	S-iv	1063	SN35.227	bāhirāyatanaanattasutta		
sn35.228	S-iv	1071	SN35.228	paṭhamasamuddasutta		
sn35.228-237	S-iv	1071	SN35.228-237	samuddavagga		
sn35.229	S-iv	1078	SN35.229	dutiyasamuddasutta		
sn35.230	S-iv	1085	SN35.230	bāḷisikopamasutta		
sn35.231	S-iv	1091	SN35.231	khīrarukkhopamasutta		
sn35.232	S-iv	1104	SN35.232	koṭṭhikasutta		
sn35.233	S-iv	1116	SN35.233	kāmabhūsutta		
sn35.234	S-iv	1121	SN35.234	udāyīsutta		
sn35.235	S-iv	1129	SN35.235	ādittapariyāyasutta		
sn35.236	S-iv	1143	SN35.236	paṭhamahatthapādopamasutta		
sn35.237	S-iv	1146	SN35.237	dutiyahatthapādopamasutta		
sn35.238	S-iv	1154	SN35.238	āsīvisopamasutta		
sn35.238-248	S-iv	1154	SN35.238-248	āsīvisavagga		
sn35.239	S-iv	1173	SN35.239	rathopamasutta		
sn35.240	S-iv	1178	SN35.240	kummopamasutta		
sn35.241	S-iv	1185	SN35.241	paṭhamadārukkhandhopamasutta		
sn35.242	S-iv	1193	SN35.242	dutiyadārukkhandhopamasutta		
sn35.243	S-iv	1195	SN35.243	avassutapariyāyasutta		
sn35.244	S-iv	1205	SN35.244	dukkhadhammasutta		
sn35.245	S-iv	1215	SN35.245	kiṃsukopamasutta		
sn35.246	S-iv	1224	SN35.246	vīṇopamasutta		
sn35.247	S-iv	1229	SN35.247	chappāṇakopamasutta		
sn35.248	S-iv	1236	SN35.248	yavakalāpisutta		
sn36	S-iv	1253	SN36	vedanāsaṃyutta		
sn36.1	S-iv	1253	SN36.1	samādhisutta		
sn36.1-10	S-iv	1253	SN36.1-10	sagāthāvagga		
sn36.2	S-iv	1261	SN36.2	sukhasutta		
sn36.3	S-iv	1267	SN36.3	pahānasutta		
sn36.4	S-iv	1279	SN36.4	pātālasutta		
sn36.5	S-iv	1288	SN36.5	daṭṭhabbasutta		
sn36.6	S-iv	1295	SN36.6	sallasutta		
sn36.7	S-iv	1311	SN36.7	paṭhamagelaññasutta		
sn36.8	S-iv	1321	SN36.8	dutiyagelaññasutta		
sn36.9	S-iv	1329	SN36.9	aniccasutta		
sn36.10	S-iv	1331	SN36.10	phassamūlakasutta		
sn36.11	S-iv	1337	SN36.11	rahogatasutta		
sn36.11-20	S-iv	1337	SN36.11-20	rahogatavagga		
sn36.12	S-iv	1341	SN36.12	paṭhamaākāsasutta		
sn36.13	S-iv	1353	SN36.13	dutiyaākāsasutta		
sn36.14	S-iv	1355	SN36.14	agārasutta		
sn36.15	S-iv	1357	SN36.15	paṭhamaānandasutta		
sn36.16	S-iv	1359	SN36.16	dutiyaānandasutta		
sn36.17	S-iv	1361	SN36.17	paṭhamasambahulasutta		
sn36.18	S-iv	1364	SN36.18	dutiyasambahulasutta		
sn36.19	S-iv	1366	SN36.19	pañcakaṅgasutta		
sn36.20	S-iv	1381	SN36.20	bhikkhusutta		
sn36.21	S-iv	1388	SN36.21	sīvakasutta		
sn36.21-31	S-iv	1388	SN36.21-31	aṭṭhasatapariyāyavagga		
sn36.22	S-iv	1395	SN36.22	aṭṭhasatasutta		
sn36.23	S-iv	1397	SN36.23	aññatarabhikkhusutta		
sn36.24	S-iv	1400	SN36.24	pubbasutta		
sn36.25	S-iv	1402	SN36.25	ñāṇasutta		
sn36.26	S-iv	1404	SN36.26	sambahulabhikkhusutta		
sn36.27	S-iv	1406	SN36.27	paṭhamasamaṇabrāhmaṇasutta		
sn36.28	S-iv	1408	SN36.28	dutiyasamaṇabrāhmaṇasutta		
sn36.29	S-iv	1410	SN36.29	tatiyasamaṇabrāhmaṇasutta		
sn36.30	S-iv	1412	SN36.30	suddhikasutta		
sn36.31	S-iv	1414	SN36.31	nirāmisasutta		
sn37	S-iv	1432	SN37	mātugāmasaṃyutta		
sn37.1	S-iv	1432	SN37.1	mātugāmasutta		
sn37.1-14	S-iv	1432	SN37.1-14	paṭhamapeyyālavagga		
sn37.2	S-iv	1436	SN37.2	purisasutta		
sn37.3	S-iv	1438	SN37.3	āveṇikadukkhasutta		
sn37.4	S-iv	1440	SN37.4	tīhidhammehisutta		
sn37.5	S-iv	1442	SN37.5	kodhanasutta		
sn37.6	S-iv	1445	SN37.6	upanāhīsutta		
sn37.7	S-iv	1447	SN37.7	issukīsutta		
sn37.8	S-iv	1449	SN37.8	maccharīsutta		
sn37.9	S-iv	1451	SN37.9	aticārīsutta		
sn37.10	S-iv	1453	SN37.10	dussīlasutta		
sn37.11	S-iv	1455	SN37.11	appassutasutta		
sn37.12	S-iv	1457	SN37.12	kusītasutta		
sn37.13	S-iv	1459	SN37.13	muṭṭhassatisutta		
sn37.14	S-iv	1461	SN37.14	pañcaverasutta		
sn37.15	S-iv	1469	SN37.15	akkodhanasutta		
sn37.15-24	S-iv	1469	SN37.15-24	dutiyapeyyālavagga		
sn37.16	S-iv	1473	SN37.16	anupanāhīsutta		
sn37.17	S-iv	1475	SN37.17	anissukīsutta		
sn37.18	S-iv	1477	SN37.18	amaccharīsutta		
sn37.19	S-iv	1479	SN37.19	anaticārīsutta		
sn37.20	S-iv	1481	SN37.20	susīlasutta		
sn37.21	S-iv	1483	SN37.21	bahussutasutta		
sn37.22	S-iv	1485	SN37.22	āraddhavīriyasutta		
sn37.23	S-iv	1487	SN37.23	upaṭṭhitassatisutta		
sn37.24	S-iv	1490	SN37.24	pañcasīlasutta		
sn37.25	S-iv	1497	SN37.25	visāradasutta		
sn37.25-34	S-iv	1497	SN37.25-34	balavagga		
sn37.26	S-iv	1500	SN37.26	pasayhasutta		
sn37.27	S-iv	1502	SN37.27	abhibhuyyasutta		
sn37.28	S-iv	1504	SN37.28	ekasutta		
sn37.29	S-iv	1506	SN37.29	aṅgasutta		
sn37.30	S-iv	1508	SN37.30	nāsentisutta		
sn37.31	S-iv	1510	SN37.31	hetusutta		
sn37.32	S-iv	1512	SN37.32	ṭhānasutta		
sn37.33	S-iv	1515	SN37.33	pañcasīlavisāradasutta		
sn37.34	S-iv	1517	SN37.34	vaḍḍhīsutta		
sn38	S-iv	1528	SN38	jambukhādakasaṃyutta		
sn38.1	S-iv	1528	SN38.1	nibbānapañhāsutta		
sn38.1-16	S-iv	1528	SN38.1-16	jambukhādakavagga		
sn38.2	S-iv	1532	SN38.2	arahattapañhāsutta		
sn38.3	S-iv	1534	SN38.3	dhammavādīpañhāsutta		
sn38.4	S-iv	1537	SN38.4	kimatthiyasutta		
sn38.5	S-iv	1540	SN38.5	assāsappattasutta		
sn38.6	S-iv	1542	SN38.6	paramassāsappattasutta		
sn38.7	S-iv	1544	SN38.7	vedanāpañhāsutta		
sn38.8	S-iv	1546	SN38.8	āsavapañhāsutta		
sn38.9	S-iv	1548	SN38.9	avijjāpañhāsutta		
sn38.10	S-iv	1550	SN38.10	taṇhāpañhāsutta		
sn38.11	S-iv	1552	SN38.11	oghapañhāsutta		
sn38.12	S-iv	1554	SN38.12	upādānapañhāsutta		
sn38.13	S-iv	1556	SN38.13	bhavapañhāsutta		
sn38.14	S-iv	1558	SN38.14	dukkhapañhāsutta		
sn38.15	S-iv	1560	SN38.15	sakkāyapañhāsutta		
sn38.16	S-iv	1562	SN38.16	dukkarapañhāsutta		
sn39	S-iv	1570	SN39	sāmaṇḍakasaṃyutta		
sn39.1	S-iv	1570	SN39.1	sāmaṇḍakasutta		SN39.1-15
sn39.1-2	S-iv	1570	SN39.1-2	sāmaṇḍakavagga		
sn39.1-15	S-iv	1570	SN39.1	sāmaṇḍakasutta		SN39.1-15
sn39.2	S-iv	1576	SN39.2	dukkarasutta		SN39.16
sn39.3	S-iv	1570	SN39.1	sāmaṇḍakasutta		SN39.1-15
sn39.4	S-iv	1570	SN39.1	sāmaṇḍakasutta		SN39.1-15
sn39.5	S-iv	1570	SN39.1	sāmaṇḍakasutta		SN39.1-15
sn39.6	S-iv	1570	SN39.1	sāmaṇḍakasutta		SN39.1-15
sn39.7	S-iv	1570	SN39.1	sāmaṇḍakasutta		SN39.1-15
sn39.8	S-iv	1570	SN39.1	sāmaṇḍakasutta		SN39.1-15
sn39.9	S-iv	1570	SN39.1	sāmaṇḍakasutta		SN39.1-15
sn39.10	S-iv	1570	SN39.1	sāmaṇḍakasutta		SN39.1-15
sn39.11	S-iv	1570	SN39.1	sāmaṇḍakasutta		SN39.1-15
sn39.12	S-iv	1570	SN39.1	sāmaṇḍakasutta		SN39.1-15
sn39.13	S-iv	1570	SN39.1	sāmaṇḍakasutta		SN39.1-15
sn39.14	S-iv	1570	SN39.1	sāmaṇḍakasutta		SN39.1-15
sn39.15	S-iv	1570	SN39.1	sāmaṇḍakasutta		SN39.1-15
sn39.16	S-iv	1576	SN39.2	dukkarasutta		SN39.16
sn40	S-iv	1580	SN40	moggallānasaṃyutta		
sn40.1	S-iv	1580	SN40.1	paṭhamajhānapañhāsutta		
sn40.1-11	S-iv	1580	SN40.1-11	moggallānavagga		
sn40.2	S-iv	1585	SN40.2	dutiyajhānapañhāsutta		
sn40.3	S-iv	1588	SN40.3	tatiyajhānapañhāsutta		
sn40.4	S-iv	1591	SN40.4	catutthajhānapañhāsutta		
sn40.5	S-iv	1594	SN40.5	ākāsānañcāyatanapañhāsutta		
sn40.6	S-iv	1597	SN40.6	viññāṇañcāyatanapañhāsutta		
sn40.7	S-iv	1600	SN40.7	ākiñcaññāyatanapañhāsutta		
sn40.8	S-iv	1603	SN40.8	nevasaññānāsaññāyatanapañhāsutta		
sn40.9	S-iv	1606	SN40.9	animittapañhāsutta		
sn40.10	S-iv	1609	SN40.10	sakkasutta		
sn40.11	S-iv	1664	SN40.11	candanasutta		
sn41	S-iv	1676	SN41	cittasaṃyutta		
sn41.1	S-iv	1676	SN41.1	saṃyojanasutta		
sn41.1-10	S-iv	1676	SN41.1-10	cittavagga		
sn41.2	S-iv	1681	SN41.2	paṭhamaisidattasutta		
sn41.3	S-iv	1686	SN41.3	dutiyaisidattasutta		
sn41.4	S-iv	1695	SN41.4	mahakapāṭihāriyasutta		
sn41.5	S-iv	1702	SN41.5	paṭhamakāmabhūsutta		
sn41.6	S-iv	1712	SN41.6	dutiyakāmabhūsutta		
sn41.7	S-iv	1723	SN41.7	godattasutta		
sn41.8	S-iv	1730	SN41.8	nigaṇṭhanāṭaputtasutta		
sn41.9	S-iv	1736	SN41.9	acelakassapasutta		
sn41.10	S-iv	1740	SN41.10	gilānadassanasutta		
sn42	S-iv	1748	SN42	gāmaṇisaṃyutta		
sn42.1	S-iv	1748	SN42.1	caṇḍasutta		
sn42.1-13	S-iv	1748	SN42.1-13	gāmaṇivagga		
sn42.2	S-iv	1753	SN42.2	tālapuṭasutta		
sn42.3	S-iv	1757	SN42.3	yodhājīvasutta		
sn42.4	S-iv	1761	SN42.4	hatthārohasutta		
sn42.5	S-iv	1763	SN42.5	assārohasutta		
sn42.6	S-iv	1767	SN42.6	asibandhakaputtasutta		
sn42.7	S-iv	1773	SN42.7	khettūpamasutta		
sn42.8	S-iv	1778	SN42.8	saṅkhadhamasutta		
sn42.9	S-iv	1792	SN42.9	kulasutta		
sn42.10	S-iv	1797	SN42.10	maṇicūḷakasutta		
sn42.11	S-iv	1801	SN42.11	bhadrakasutta		
sn42.12	S-iv	1807	SN42.12	rāsiyasutta		
sn42.13	S-iv	1831	SN42.13	pāṭaliyasutta		
sn43	S-iv	1867	SN43	asaṅkhatasaṃyutta		
sn43.1	S-iv	1867	SN43.1	kāyagatāsatisutta		
sn43.1-11	S-iv	1867	SN43.1-11	paṭhamavagga		
sn43.2	S-iv	1872	SN43.2	samathavipassanāsutta		
sn43.3	S-iv	1874	SN43.3	savitakkasavicārasutta		
sn43.4	S-iv	1876	SN43.4	suññatasamādhisutta		
sn43.5	S-iv	1878	SN43.5	satipaṭṭhānasutta		
sn43.6	S-iv	1880	SN43.6	sammappadhānasutta		
sn43.7	S-iv	1882	SN43.7	iddhipādasutta		
sn43.8	S-iv	1884	SN43.8	indriyasutta		
sn43.9	S-iv	1886	SN43.9	balasutta		
sn43.10	S-iv	1888	SN43.10	bojjhaṅgasutta		
sn43.11	S-iv	1890	SN43.11	maggaṅgasutta		
sn43.12	S-iv	1897	SN43.12	asaṅkhatasutta		
sn43.12-44	S-iv	1897	SN43.12-44	dutiyavagga		
sn43.13	S-iv	1910	SN43.13	anatasutta		
sn43.14	S-iv	1897	SN43.12-44	dutiyavagga		
sn43.14-43	S-iv	1912	SN43.14-43	anāsavādisutta		
sn43.15	S-iv	1897	SN43.12-44	dutiyavagga		
sn43.16	S-iv	1897	SN43.12-44	dutiyavagga		
sn43.17	S-iv	1897	SN43.12-44	dutiyavagga		
sn43.18	S-iv	1897	SN43.12-44	dutiyavagga		
sn43.19	S-iv	1897	SN43.12-44	dutiyavagga		
sn43.20	S-iv	1897	SN43.12-44	dutiyavagga		
sn43.21	S-iv	1897	SN43.12-44	dutiyavagga		
sn43.22	S-iv	1897	SN43.12-44	dutiyavagga		
sn43.23	S-iv	1897	SN43.12-44	dutiyavagga		
sn43.24	S-iv	1897	SN43.12-44	dutiyavagga		
sn43.25	S-iv	1897	SN43.12-44	dutiyavagga		
sn43.26	S-iv	1897	SN43.12-44	dutiyavagga		
sn43.27	S-iv	1897	SN43.12-44	dutiyavagga		
sn43.28	S-iv	1897	SN43.12-44	dutiyavagga		
sn43.29	S-iv	1897	SN43.12-44	dutiyavagga		
sn43.30	S-iv	1897	SN43.12-44	dutiyavagga		
sn43.31	S-iv	1897	SN43.12-44	dutiyavagga		
sn43.32	S-iv	1897	SN43.12-44	dutiyavagga		
sn43.33	S-iv	1897	SN43.12-44	dutiyavagga		
sn43.34	S-iv	1897	SN43.12-44	dutiyavagga		
sn43.35	S-iv	1897	SN43.12-44	dutiyavagga		
sn43.36	S-iv	1897	SN43.12-44	dutiyavagga		
sn43.37	S-iv	1897	SN43.12-44	dutiyavagga		
sn43.38	S-iv	1897	SN43.12-44	dutiyavagga		
sn43.39	S-iv	1897	SN43.12-44	dutiyavagga		
sn43.40	S-iv	1897	SN43.12-44	dutiyavagga		
sn43.41	S-iv	1897	SN43.12-44	dutiyavagga		
sn43.42	S-iv	1897	SN43.12-44	dutiyavagga		
sn43.43	S-iv	1897	SN43.12-44	dutiyavagga		
sn43.44	S-iv	1917	SN43.44	parāyanasutta		
sn44	S-iv	1928	SN44	abyākatasaṃyutta		
sn44.1	S-iv	1928	SN44.1	khemāsutta		
sn44.2	S-iv	1943	SN44.2	anurādhasutta		
sn44.3	S-iv	1961	SN44.3	paṭhamasāriputtakoṭṭhikasutta		
sn44.4	S-iv	1966	SN44.4	dutiyasāriputtakoṭṭhikasutta		
sn44.5	S-iv	1969	SN44.5	tatiyasāriputtakoṭṭhikasutta		
sn44.6	S-iv	1971	SN44.6	catutthasāriputtakoṭṭhikasutta		
sn44.7	S-iv	1979	SN44.7	moggallānasutta		
sn44.8	S-iv	1988	SN44.8	vacchagottasutta		
sn44.9	S-iv	1996	SN44.9	kutūhalasālāsutta		
sn44.10	S-iv	2003	SN44.10	ānandasutta		
sn44.11	S-iv	2006	SN44.11	sabhiyakaccānasutta		
sn45	S-v	3	SN45	maggasaṃyutta		
sn45-56	S-v	3	SN45-56	mahāvaggasaṃyuttapāḷi		
sn45.1	S-v	3	SN45.1	avijjāsutta		
sn45.1-10	S-v	3	SN45.1-10	avijjāvagga		
sn45.2	S-v	10	SN45.2	upaḍḍhasutta		
sn45.3	S-v	15	SN45.3	sāriputtasutta		
sn45.4	S-v	20	SN45.4	jāṇussoṇibrāhmaṇasutta		
sn45.5	S-v	35	SN45.5	kimatthiyasutta		
sn45.6	S-v	40	SN45.6	paṭhamaaññatarabhikkhusutta		
sn45.7	S-v	43	SN45.7	dutiyaaññatarabhikkhusutta		
sn45.8	S-v	47	SN45.8	vibhaṅgasutta		
sn45.9	S-v	58	SN45.9	sūkasutta		
sn45.10	S-v	62	SN45.10	nandiyasutta		
sn45.11	S-v	69	SN45.11	paṭhamavihārasutta		
sn45.11-20	S-v	69	SN45.11-20	vihāravagga		
sn45.12	S-v	73	SN45.12	dutiyavihārasutta		
sn45.13	S-v	76	SN45.13	sekkhasutta		
sn45.14	S-v	79	SN45.14	paṭhamauppādasutta		
sn45.15	S-v	81	SN45.15	dutiyauppādasutta		
sn45.16	S-v	83	SN45.16	paṭhamaparisuddhasutta		
sn45.17	S-v	85	SN45.17	dutiyaparisuddhasutta		
sn45.18	S-v	87	SN45.18	paṭhamakukkuṭārāmasutta		
sn45.19	S-v	90	SN45.19	dutiyakukkuṭārāmasutta		
sn45.20	S-v	92	SN45.20	tatiyakukkuṭārāmasutta		
sn45.21	S-v	98	SN45.21	micchattasutta		
sn45.21-30	S-v	98	SN45.21-30	micchattavagga		
sn45.22	S-v	101	SN45.22	akusaladhammasutta		
sn45.23	S-v	103	SN45.23	paṭhamapaṭipadāsutta		
sn45.24	S-v	105	SN45.24	dutiyapaṭipadāsutta		
sn45.25	S-v	109	SN45.25	paṭhamaasappurisasutta		
sn45.26	S-v	112	SN45.26	dutiyaasappurisasutta		
sn45.27	S-v	117	SN45.27	kumbhasutta		
sn45.28	S-v	119	SN45.28	samādhisutta		
sn45.29	S-v	121	SN45.29	vedanāsutta		
sn45.30	S-v	123	SN45.30	uttiyasutta		
sn45.31	S-v	129	SN45.31	paṭhamapaṭipattisutta		
sn45.31-40	S-v	129	SN45.31-40	paṭipattivagga		
sn45.32	S-v	132	SN45.32	dutiyapaṭipattisutta		
sn45.33	S-v	134	SN45.33	viraddhasutta		
sn45.34	S-v	136	SN45.34	pāraṅgamasutta		
sn45.35	S-v	150	SN45.35	paṭhamasāmaññasutta		
sn45.36	S-v	152	SN45.36	dutiyasāmaññasutta		
sn45.37	S-v	154	SN45.37	paṭhamabrahmaññasutta		
sn45.38	S-v	156	SN45.38	dutiyabrahmaññasutta		
sn45.39	S-v	158	SN45.39	paṭhamabrahmacariyasutta		
sn45.40	S-v	160	SN45.40	dutiyabrahmacariyasutta		
sn45.41	S-v	167	SN45.41	rāgavirāgasutta		
sn45.41-48	S-v	167	SN45.41-48	aññatitthiyapeyyālavagga		
sn45.42	S-v	170	SN45.42	aññatitthiyapeyyālavagga	SN45.41-48	
sn45.42-47	S-v	170	SN45.42-47	saṃyojanappahānādisuttachakka		
sn45.43	S-v	170	SN45.43	aññatitthiyapeyyālavagga	SN45.41-48	
sn45.44	S-v	170	SN45.44	aññatitthiyapeyyālavagga	SN45.41-48	
sn45.45	S-v	170	SN45.45	aññatitthiyapeyyālavagga	SN45.41-48	
sn45.46	S-v	170	SN45.46	aññatitthiyapeyyālavagga	SN45.41-48	
sn45.47	S-v	170	SN45.47	aññatitthiyapeyyālavagga	SN45.41-48	
sn45.48	S-v	172	SN45.48	anupādāparinibbānasutta		
sn45.49	S-v	178	SN45.49	kalyāṇamittasutta		
sn45.49-62	S-v	178	SN45.49-62	sūriyapeyyālavagga		
sn45.50	S-v	181	SN45.50	sūriyapeyyālavagga	SN45.49-62	
sn45.50-54	S-v	181	SN45.50-54	sīlasampadādisuttapañcaka		
sn45.51	S-v	181	SN45.51	sūriyapeyyālavagga	SN45.49-62	
sn45.52	S-v	181	SN45.52	sūriyapeyyālavagga	SN45.49-62	
sn45.53	S-v	181	SN45.53	sūriyapeyyālavagga	SN45.49-62	
sn45.54	S-v	181	SN45.54	sūriyapeyyālavagga	SN45.49-62	
sn45.55	S-v	183	SN45.55	yonisomanasikārasampadāsutta		
sn45.56	S-v	185	SN45.56	kalyāṇamittasutta		
sn45.57	S-v	187	SN45.57	sūriyapeyyālavagga	SN45.49-62	
sn45.57-61	S-v	187	SN45.57-61	sīlasampadādisuttapañcaka		
sn45.58	S-v	187	SN45.58	sūriyapeyyālavagga	SN45.49-62	
sn45.59	S-v	187	SN45.59	sūriyapeyyālavagga	SN45.49-62	
sn45.60	S-v	187	SN45.60	sūriyapeyyālavagga	SN45.49-62	
sn45.61	S-v	187	SN45.61	sūriyapeyyālavagga	SN45.49-62	
sn45.62	S-v	189	SN45.62	yonisomanasikārasampadāsutta		
sn45.63	S-v	195	SN45.63	kalyāṇamittasutta		
sn45.63-76	S-v	195	SN45.63-76	ekadhammapeyyālavagga		
sn45.64	S-v	198	SN45.64	ekadhammapeyyālavagga	SN45.63-76	
sn45.64-68	S-v	198	SN45.64-68	sīlasampadādisuttapañcaka		
sn45.65	S-v	198	SN45.65	ekadhammapeyyālavagga	SN45.63-76	
sn45.66	S-v	198	SN45.66	ekadhammapeyyālavagga	SN45.63-76	
sn45.67	S-v	198	SN45.67	ekadhammapeyyālavagga	SN45.63-76	
sn45.68	S-v	198	SN45.68	ekadhammapeyyālavagga	SN45.63-76	
sn45.69	S-v	200	SN45.69	yonisomanasikārasampadāsutta		
sn45.70	S-v	202	SN45.70	kalyāṇamittasutta		
sn45.71	S-v	204	SN45.71	ekadhammapeyyālavagga	SN45.63-76	
sn45.71-75	S-v	204	SN45.71-75	sīlasampadādisuttapañcaka		
sn45.72	S-v	204	SN45.72	ekadhammapeyyālavagga	SN45.63-76	
sn45.73	S-v	204	SN45.73	ekadhammapeyyālavagga	SN45.63-76	
sn45.74	S-v	204	SN45.74	ekadhammapeyyālavagga	SN45.63-76	
sn45.75	S-v	204	SN45.75	ekadhammapeyyālavagga	SN45.63-76	
sn45.76	S-v	206	SN45.76	yonisomanasikārasampadāsutta		
sn45.77	S-v	212	SN45.77	kalyāṇamittasutta		
sn45.77-90	S-v	212	SN45.77-90	dutiyaekadhammapeyyālavagga		
sn45.78	S-v	215	SN45.78	dutiyaekadhammapeyyālavagga	SN45.77-90	
sn45.78-82	S-v	215	SN45.78-82	sīlasampadādisuttapañcaka		
sn45.79	S-v	215	SN45.79	dutiyaekadhammapeyyālavagga	SN45.77-90	
sn45.80	S-v	215	SN45.80	dutiyaekadhammapeyyālavagga	SN45.77-90	
sn45.81	S-v	215	SN45.81	dutiyaekadhammapeyyālavagga	SN45.77-90	
sn45.82	S-v	215	SN45.82	dutiyaekadhammapeyyālavagga	SN45.77-90	
sn45.83	S-v	217	SN45.83	yonisomanasikārasampadāsutta		
sn45.84	S-v	219	SN45.84	kalyāṇamittasutta		
sn45.85	S-v	221	SN45.85	dutiyaekadhammapeyyālavagga	SN45.77-90	
sn45.85-89	S-v	221	SN45.85-89	sīlasampadādisuttapañcaka		
sn45.86	S-v	221	SN45.86	dutiyaekadhammapeyyālavagga	SN45.77-90	
sn45.87	S-v	221	SN45.87	dutiyaekadhammapeyyālavagga	SN45.77-90	
sn45.88	S-v	221	SN45.88	dutiyaekadhammapeyyālavagga	SN45.77-90	
sn45.89	S-v	221	SN45.89	dutiyaekadhammapeyyālavagga	SN45.77-90	
sn45.90	S-v	223	SN45.90	yonisomanasikārasampadāsutta		
sn45.91	S-v	229	SN45.91	paṭhamapācīnaninnasutta		
sn45.91-102	S-v	229	SN45.91-102	gaṅgāpeyyālavagga		
sn45.92	S-v	232	SN45.92	gaṅgāpeyyālavagga	SN45.91-102	
sn45.92-95	S-v	232	SN45.92-95	dutiyādipācīnaninnasuttacatukka		
sn45.93	S-v	232	SN45.93	gaṅgāpeyyālavagga	SN45.91-102	
sn45.94	S-v	232	SN45.94	gaṅgāpeyyālavagga	SN45.91-102	
sn45.95	S-v	232	SN45.95	gaṅgāpeyyālavagga	SN45.91-102	
sn45.96	S-v	234	SN45.96	chaṭṭhapācīnaninnasutta		
sn45.97	S-v	236	SN45.97	paṭhamasamuddaninnasutta		
sn45.98	S-v	238	SN45.98	gaṅgāpeyyālavagga	SN45.91-102	
sn45.98-102	S-v	238	SN45.98-102	dutiyādisamuddaninnasuttapañcaka		
sn45.99	S-v	238	SN45.99	gaṅgāpeyyālavagga	SN45.91-102	
sn45.100	S-v	238	SN45.100	gaṅgāpeyyālavagga	SN45.91-102	
sn45.101	S-v	238	SN45.101	gaṅgāpeyyālavagga	SN45.91-102	
sn45.102	S-v	238	SN45.102	gaṅgāpeyyālavagga	SN45.91-102	
sn45.103	S-v	245	SN45.103	paṭhamapācīnaninnasutta		
sn45.103-138	S-v	245	SN45.103-138	dutiyagaṅgāpeyyālavagga		
sn45.104	S-v	248	SN45.104	dutiyagaṅgāpeyyālavagga	SN45.103-138	
sn45.104-108	S-v	248	SN45.104-108	dutiyādipācīnaninnasuttapañcaka		
sn45.105	S-v	250	SN45.105	dutiyagaṅgāpeyyālavagga	SN45.103-138	
sn45.106	S-v	251	SN45.106	dutiyagaṅgāpeyyālavagga	SN45.103-138	
sn45.107	S-v	252	SN45.107	dutiyagaṅgāpeyyālavagga	SN45.103-138	
sn45.108	S-v	253	SN45.108	dutiyagaṅgāpeyyālavagga	SN45.103-138	
sn45.109	S-v	254	SN45.109	paṭhamasamuddaninnasutta		
sn45.110	S-v	256	SN45.110	dutiyagaṅgāpeyyālavagga	SN45.103-138	
sn45.110-114	S-v	256	SN45.110-114	dutiyādisamuddaninnasuttapañcaka		
sn45.111	S-v	258	SN45.111	dutiyagaṅgāpeyyālavagga	SN45.103-138	
sn45.112	S-v	259	SN45.112	dutiyagaṅgāpeyyālavagga	SN45.103-138	
sn45.113	S-v	260	SN45.113	dutiyagaṅgāpeyyālavagga	SN45.103-138	
sn45.114	S-v	261	SN45.114	dutiyagaṅgāpeyyālavagga	SN45.103-138	
sn45.115	S-v	263	SN45.115	paṭhamapācīnaninnasutta		
sn45.116	S-v	265	SN45.116	dutiyagaṅgāpeyyālavagga	SN45.103-138	
sn45.116-120	S-v	265	SN45.116-120	dutiyādipācīnaninnasuttapañcaka		
sn45.117	S-v	267	SN45.117	dutiyagaṅgāpeyyālavagga	SN45.103-138	
sn45.118	S-v	268	SN45.118	dutiyagaṅgāpeyyālavagga	SN45.103-138	
sn45.119	S-v	269	SN45.119	dutiyagaṅgāpeyyālavagga	SN45.103-138	
sn45.120	S-v	270	SN45.120	dutiyagaṅgāpeyyālavagga	SN45.103-138	
sn45.121	S-v	271	SN45.121	paṭhamasamuddaninnasutta		
sn45.122	S-v	273	SN45.122	dutiyagaṅgāpeyyālavagga	SN45.103-138	
sn45.122-126	S-v	273	SN45.122-126	dutiyādisamuddaninnasuttapañcaka		
sn45.123	S-v	273	SN45.123	dutiyagaṅgāpeyyālavagga	SN45.103-138	
sn45.124	S-v	273	SN45.124	dutiyagaṅgāpeyyālavagga	SN45.103-138	
sn45.125	S-v	273	SN45.125	dutiyagaṅgāpeyyālavagga	SN45.103-138	
sn45.126	S-v	273	SN45.126	dutiyagaṅgāpeyyālavagga	SN45.103-138	
sn45.127	S-v	276	SN45.127	paṭhamapācīnaninnasutta		
sn45.128	S-v	278	SN45.128	dutiyagaṅgāpeyyālavagga	SN45.103-138	
sn45.128-132	S-v	278	SN45.128-132	dutiyādipācīnaninnasuttapañcaka		
sn45.129	S-v	278	SN45.129	dutiyagaṅgāpeyyālavagga	SN45.103-138	
sn45.130	S-v	278	SN45.130	dutiyagaṅgāpeyyālavagga	SN45.103-138	
sn45.131	S-v	278	SN45.131	dutiyagaṅgāpeyyālavagga	SN45.103-138	
sn45.132	S-v	278	SN45.132	dutiyagaṅgāpeyyālavagga	SN45.103-138	
sn45.133	S-v	280	SN45.133	paṭhamasamuddaninnasutta		
sn45.134	S-v	282	SN45.134	dutiyagaṅgāpeyyālavagga	SN45.103-138	
sn45.134-138	S-v	282	SN45.134-138	dutiyādisamuddaninnasuttapañcaka		
sn45.135	S-v	282	SN45.135	dutiyagaṅgāpeyyālavagga	SN45.103-138	
sn45.136	S-v	282	SN45.136	dutiyagaṅgāpeyyālavagga	SN45.103-138	
sn45.137	S-v	282	SN45.137	dutiyagaṅgāpeyyālavagga	SN45.103-138	
sn45.138	S-v	282	SN45.138	dutiyagaṅgāpeyyālavagga	SN45.103-138	
sn45.139	S-v	290	SN45.139	tathāgatasutta		
sn45.139-148	S-v	290	SN45.139-148	appamādapeyyālavagga		
sn45.140	S-v	296	SN45.140	padasutta		
sn45.141	S-v	298	SN45.141	appamādapeyyālavagga	SN45.139-148	
sn45.141-145	S-v	298	SN45.141-145	kūṭādisuttapañcaka		
sn45.142	S-v	300	SN45.142	appamādapeyyālavagga	SN45.139-148	
sn45.143	S-v	301	SN45.143	appamādapeyyālavagga	SN45.139-148	
sn45.144	S-v	302	SN45.144	appamādapeyyālavagga	SN45.139-148	
sn45.145	S-v	303	SN45.145	appamādapeyyālavagga	SN45.139-148	
sn45.146	S-v	304	SN45.146	appamādapeyyālavagga	SN45.139-148	
sn45.146-148	S-v	304	SN45.146-148	candimādisuttatatiyaka		
sn45.147	S-v	306	SN45.147	appamādapeyyālavagga	SN45.139-148	
sn45.148	S-v	307	SN45.148	appamādapeyyālavagga	SN45.139-148	
sn45.149	S-v	313	SN45.149	balasutta		
sn45.149-160	S-v	313	SN45.149-160	balakaraṇīyavagga		
sn45.150	S-v	320	SN45.150	bījasutta		
sn45.151	S-v	322	SN45.151	nāgasutta		
sn45.152	S-v	324	SN45.152	rukkhasutta		
sn45.153	S-v	326	SN45.153	kumbhasutta		
sn45.154	S-v	328	SN45.154	sūkasutta		
sn45.155	S-v	330	SN45.155	ākāsasutta		
sn45.156	S-v	332	SN45.156	paṭhamameghasutta		
sn45.157	S-v	334	SN45.157	dutiyameghasutta		
sn45.158	S-v	336	SN45.158	nāvāsutta		
sn45.159	S-v	338	SN45.159	āgantukasutta		
sn45.160	S-v	341	SN45.160	nadīsutta		
sn45.161	S-v	347	SN45.161	esanāsutta		
sn45.161-171	S-v	347	SN45.161-171	esanāvagga		
sn45.162	S-v	356	SN45.162	vidhāsutta		
sn45.163	S-v	358	SN45.163	āsavasutta		
sn45.164	S-v	360	SN45.164	bhavasutta		
sn45.165	S-v	362	SN45.165	dukkhatāsutta		
sn45.166	S-v	364	SN45.166	khilasutta		
sn45.167	S-v	366	SN45.167	malasutta		
sn45.168	S-v	368	SN45.168	nīghasutta		
sn45.169	S-v	370	SN45.169	vedanāsutta		
sn45.170	S-v	372	SN45.170	taṇhāsutta		
sn45.171	S-v	374	SN45.171	tasināsutta		
sn45.172	S-v	380	SN45.172	oghasutta		
sn45.172-181	S-v	380	SN45.172-181	oghavagga		
sn45.173	S-v	383	SN45.173	yogasutta		
sn45.174	S-v	385	SN45.174	upādānasutta		
sn45.175	S-v	387	SN45.175	ganthasutta		
sn45.176	S-v	389	SN45.176	anusayasutta		
sn45.177	S-v	391	SN45.177	kāmaguṇasutta		
sn45.178	S-v	393	SN45.178	nīvaraṇasutta		
sn45.179	S-v	395	SN45.179	upādānakkhandhasutta		
sn45.180	S-v	397	SN45.180	orambhāgiyasutta		
sn45.181	S-v	399	SN45.181	uddhambhāgiyasutta		
sn46	S-v	415	SN46	bojjhaṅgasaṃyutta		
sn46.1	S-v	415	SN46.1	himavantasutta		
sn46.1-10	S-v	415	SN46.1-10	pabbatavagga		
sn46.2	S-v	419	SN46.2	kāyasutta		
sn46.3	S-v	436	SN46.3	sīlasutta		
sn46.4	S-v	446	SN46.4	vatthasutta		
sn46.5	S-v	450	SN46.5	bhikkhusutta		
sn46.6	S-v	452	SN46.6	kuṇḍaliyasutta		
sn46.7	S-v	462	SN46.7	kūṭāgārasutta		
sn46.8	S-v	465	SN46.8	upavānasutta		
sn46.9	S-v	469	SN46.9	paṭhamauppannasutta		
sn46.10	S-v	471	SN46.10	dutiyauppannasutta		
sn46.11	S-v	477	SN46.11	pāṇasutta		
sn46.11-20	S-v	477	SN46.11-20	gilānavagga		
sn46.12	S-v	481	SN46.12	paṭhamasūriyūpamasutta		
sn46.13	S-v	484	SN46.13	dutiyasūriyūpamasutta		
sn46.14	S-v	487	SN46.14	paṭhamagilānasutta		
sn46.15	S-v	492	SN46.15	dutiyagilānasutta		
sn46.16	S-v	497	SN46.16	tatiyagilānasutta		
sn46.17	S-v	501	SN46.17	pāraṅgamasutta		
sn46.18	S-v	514	SN46.18	viraddhasutta		
sn46.19	S-v	516	SN46.19	ariyasutta		
sn46.20	S-v	518	SN46.20	nibbidāsutta		
sn46.21	S-v	524	SN46.21	bodhāyasutta		
sn46.21-30	S-v	524	SN46.21-30	udāyivagga		
sn46.22	S-v	528	SN46.22	bojjhaṅgadesanāsutta		
sn46.23	S-v	530	SN46.23	ṭhāniyasutta		
sn46.24	S-v	533	SN46.24	ayonisomanasikārasutta		
sn46.25	S-v	537	SN46.25	aparihāniyasutta		
sn46.26	S-v	539	SN46.26	taṇhakkhayasutta		
sn46.27	S-v	542	SN46.27	taṇhānirodhasutta		
sn46.28	S-v	545	SN46.28	nibbedhabhāgiyasutta		
sn46.29	S-v	548	SN46.29	ekadhammasutta		
sn46.30	S-v	552	SN46.30	udāyisutta		
sn46.31	S-v	562	SN46.31	paṭhamakusalasutta		
sn46.31-40	S-v	562	SN46.31-40	nīvaraṇavagga		
sn46.32	S-v	566	SN46.32	dutiyakusalasutta		
sn46.33	S-v	569	SN46.33	upakkilesasutta		
sn46.34	S-v	572	SN46.34	anupakkilesasutta		
sn46.35	S-v	574	SN46.35	ayonisomanasikārasutta		
sn46.36	S-v	576	SN46.36	yonisomanasikārasutta		
sn46.37	S-v	578	SN46.37	buddhisutta		
sn46.38	S-v	580	SN46.38	āvaraṇanīvaraṇasutta		
sn46.39	S-v	586	SN46.39	rukkhasutta		
sn46.40	S-v	590	SN46.40	nīvaraṇasutta		
sn46.41	S-v	597	SN46.41	vidhāsutta		
sn46.41-50	S-v	597	SN46.41-50	cakkavattivagga		
sn46.42	S-v	600	SN46.42	cakkavattisutta		
sn46.43	S-v	603	SN46.43	mārasutta		
sn46.44	S-v	605	SN46.44	duppaññasutta		
sn46.45	S-v	607	SN46.45	paññavantasutta		
sn46.46	S-v	609	SN46.46	daliddasutta		
sn46.47	S-v	611	SN46.47	adaliddasutta		
sn46.48	S-v	613	SN46.48	ādiccasutta		
sn46.49	S-v	615	SN46.49	ajjhattikaṅgasutta		
sn46.50	S-v	617	SN46.50	bāhiraṅgasutta		
sn46.51	S-v	623	SN46.51	āhārasutta		
sn46.51-56	S-v	623	SN46.51-56	sākacchavagga		
sn46.52	S-v	649	SN46.52	pariyāyasutta		
sn46.53	S-v	666	SN46.53	aggisutta		
sn46.54	S-v	682	SN46.54	mettāsahagatasutta		
sn46.55	S-v	698	SN46.55	saṅgāravasutta		
sn46.56	S-v	722	SN46.56	abhayasutta		
sn46.57	S-v	734	SN46.57	aṭṭhikamahapphalasutta		
sn46.57-66	S-v	734	SN46.57-66	ānāpānavagga		
sn46.58	S-v	747	SN46.58	puḷavakasutta		
sn46.59	S-v	749	SN46.59	vinīlakasutta		
sn46.60	S-v	751	SN46.60	vicchiddakasutta		
sn46.61	S-v	753	SN46.61	uddhumātakasutta		
sn46.62	S-v	755	SN46.62	mettāsutta		
sn46.63	S-v	757	SN46.63	karuṇāsutta		
sn46.64	S-v	759	SN46.64	muditāsutta		
sn46.65	S-v	761	SN46.65	upekkhāsutta		
sn46.66	S-v	763	SN46.66	ānāpānasutta		
sn46.67	S-v	769	SN46.67	asubhasutta		
sn46.67-76	S-v	769	SN46.67-76	nirodhavagga		
sn46.68	S-v	772	SN46.68	maraṇasutta		
sn46.69	S-v	774	SN46.69	āhārepaṭikūlasutta		
sn46.70	S-v	776	SN46.70	anabhiratisutta		
sn46.71	S-v	778	SN46.71	aniccasutta		
sn46.72	S-v	780	SN46.72	dukkhasutta		
sn46.73	S-v	782	SN46.73	anattasutta		
sn46.74	S-v	784	SN46.74	pahānasutta		
sn46.75	S-v	786	SN46.75	virāgasutta		
sn46.76	S-v	788	SN46.76	nirodhasutta		
sn46.77	S-v	796	SN46.77	gaṅgāpeyyālavagga	SN46.77-88	
sn46.77-88	S-v	796	SN46.77-88	gaṅgāpeyyālavagga		
sn46.78	S-v	796	SN46.78	gaṅgāpeyyālavagga	SN46.77-88	
sn46.79	S-v	796	SN46.79	gaṅgāpeyyālavagga	SN46.77-88	
sn46.80	S-v	796	SN46.80	gaṅgāpeyyālavagga	SN46.77-88	
sn46.81	S-v	796	SN46.81	gaṅgāpeyyālavagga	SN46.77-88	
sn46.82	S-v	796	SN46.82	gaṅgāpeyyālavagga	SN46.77-88	
sn46.83	S-v	796	SN46.83	gaṅgāpeyyālavagga	SN46.77-88	
sn46.84	S-v	796	SN46.84	gaṅgāpeyyālavagga	SN46.77-88	
sn46.85	S-v	796	SN46.85	gaṅgāpeyyālavagga	SN46.77-88	
sn46.86	S-v	796	SN46.86	gaṅgāpeyyālavagga	SN46.77-88	
sn46.87	S-v	796	SN46.87	gaṅgāpeyyālavagga	SN46.77-88	
sn46.88	S-v	796	SN46.88	gaṅgāpeyyālavagga	SN46.77-88	
sn46.89	S-v	803	SN46.89-98	appamādavagga		
sn46.89-98	S-v	803	SN46.89-98	appamādavagga		
sn46.90	S-v	803	SN46.89-98	appamādavagga		
sn46.91	S-v	803	SN46.89-98	appamādavagga		
sn46.92	S-v	803	SN46.89-98	appamādavagga		
sn46.93	S-v	803	SN46.89-98	appamādavagga		
sn46.94	S-v	803	SN46.89-98	appamādavagga		
sn46.95	S-v	803	SN46.89-98	appamādavagga		
sn46.96	S-v	803	SN46.89-98	appamādavagga		
sn46.97	S-v	803	SN46.89-98	appamādavagga		
sn46.98	S-v	803	SN46.89-98	appamādavagga		
sn46.99	S-v	811	SN46.99-110	balakaraṇīyavagga		
sn46.99-110	S-v	811	SN46.99-110	balakaraṇīyavagga		
sn46.100	S-v	811	SN46.99-110	balakaraṇīyavagga		
sn46.101	S-v	811	SN46.99-110	balakaraṇīyavagga		
sn46.102	S-v	811	SN46.99-110	balakaraṇīyavagga		
sn46.103	S-v	811	SN46.99-110	balakaraṇīyavagga		
sn46.104	S-v	811	SN46.99-110	balakaraṇīyavagga		
sn46.105	S-v	811	SN46.99-110	balakaraṇīyavagga		
sn46.106	S-v	811	SN46.99-110	balakaraṇīyavagga		
sn46.107	S-v	811	SN46.99-110	balakaraṇīyavagga		
sn46.108	S-v	811	SN46.99-110	balakaraṇīyavagga		
sn46.109	S-v	811	SN46.99-110	balakaraṇīyavagga		
sn46.110	S-v	811	SN46.99-110	balakaraṇīyavagga		
sn46.111	S-v	819	SN46.111-120	esanāvagga		
sn46.111-120	S-v	819	SN46.111-120	esanāvagga		
sn46.112	S-v	819	SN46.111-120	esanāvagga		
sn46.113	S-v	819	SN46.111-120	esanāvagga		
sn46.114	S-v	819	SN46.111-120	esanāvagga		
sn46.115	S-v	819	SN46.111-120	esanāvagga		
sn46.116	S-v	819	SN46.111-120	esanāvagga		
sn46.117	S-v	819	SN46.111-120	esanāvagga		
sn46.118	S-v	819	SN46.111-120	esanāvagga		
sn46.119	S-v	819	SN46.111-120	esanāvagga		
sn46.120	S-v	819	SN46.111-120	esanāvagga		
sn46.121	S-v	827	SN46.121-129	oghavagga		
sn46.121-128	S-v	827	SN46.121-128	oghādisutta		
sn46.121-129	S-v	827	SN46.121-129	oghavagga		
sn46.122	S-v	827	SN46.121-129	oghavagga		
sn46.123	S-v	827	SN46.121-129	oghavagga		
sn46.124	S-v	827	SN46.121-129	oghavagga		
sn46.125	S-v	827	SN46.121-129	oghavagga		
sn46.126	S-v	827	SN46.121-129	oghavagga		
sn46.127	S-v	827	SN46.121-129	oghavagga		
sn46.128	S-v	827	SN46.121-129	oghavagga		
sn46.129	S-v	830	SN46.129	uddhambhāgiyasutta		
sn46.130	S-v	836	SN46.130	punagaṅgānadīādisutta		SN46.131-142
sn46.130-130	S-v	836	SN46.130-130	punagaṅgāpeyyālavagga		
sn46.131	S-v	844	SN46.131	tathāgatādisutta		SN46.143-152
sn46.131-131	S-v	844	SN46.131-131	punaappamādavagga		
sn46.131-142	S-v	836	SN46.130	punagaṅgānadīādisutta		SN46.131-142
sn46.132	S-v	852	SN46.132	punabalādisutta		SN46.153-164
sn46.132-132	S-v	852	SN46.132-132	punabalakaraṇīyavagga		
sn46.133	S-v	860	SN46.133	punaesanādisutta		SN46.165-174
sn46.133-133	S-v	860	SN46.133-133	punaesanāvagga		
sn46.134	S-v	867	SN46.134	punaoghādisutta		SN46.175-184
sn46.134-134	S-v	867	SN46.134-134	punaoghavagga		
sn46.135	S-v	836	SN46.130	punagaṅgānadīādisutta		SN46.131-142
sn46.136	S-v	836	SN46.130	punagaṅgānadīādisutta		SN46.131-142
sn46.137	S-v	836	SN46.130	punagaṅgānadīādisutta		SN46.131-142
sn46.138	S-v	836	SN46.130	punagaṅgānadīādisutta		SN46.131-142
sn46.139	S-v	836	SN46.130	punagaṅgānadīādisutta		SN46.131-142
sn46.140	S-v	836	SN46.130	punagaṅgānadīādisutta		SN46.131-142
sn46.141	S-v	836	SN46.130	punagaṅgānadīādisutta		SN46.131-142
sn46.142	S-v	836	SN46.130	punagaṅgānadīādisutta		SN46.131-142
sn46.143	S-v	844	SN46.131	tathāgatādisutta		SN46.143-152
sn46.143-152	S-v	844	SN46.131	tathāgatādisutta		SN46.143-152
sn46.144	S-v	844	SN46.131	tathāgatādisutta		SN46.143-152
sn46.145	S-v	844	SN46.131	tathāgatādisutta		SN46.143-152
sn46.146	S-v	844	SN46.131	tathāgatādisutta		SN46.143-152
sn46.147	S-v	844	SN46.131	tathāgatādisutta		SN46.143-152
sn46.148	S-v	844	SN46.131	tathāgatādisutta		SN46.143-152
sn46.149	S-v	844	SN46.131	tathāgatādisutta		SN46.143-152
sn46.150	S-v	844	SN46.131	tathāgatādisutta		SN46.143-152
sn46.151	S-v	844	SN46.131	tathāgatādisutta		SN46.143-152
sn46.152	S-v	844	SN46.131	tathāgatādisutta		SN46.143-152
sn46.153	S-v	852	SN46.132	punabalādisutta		SN46.153-164
sn46.153-164	S-v	852	SN46.132	punabalādisutta		SN46.153-164
sn46.154	S-v	852	SN46.132	punabalādisutta		SN46.153-164
sn46.155	S-v	852	SN46.132	punabalādisutta		SN46.153-164
sn46.156	S-v	852	SN46.132	punabalādisutta		SN46.153-164
sn46.157	S-v	852	SN46.132	punabalādisutta		SN46.153-164
sn46.158	S-v	852	SN46.132	punabalādisutta		SN46.153-164
sn46.159	S-v	852	SN46.132	punabalādisutta		SN46.153-164
sn46.160	S-v	852	SN46.132	punabalādisutta		SN46.153-164
sn46.161	S-v	852	SN46.132	punabalādisutta		SN46.153-164
sn46.162	S-v	852	SN46.132	punabalādisutta		SN46.153-164
sn46.163	S-v	852	SN46.132	punabalādisutta		SN46.153-164
sn46.164	S-v	852	SN46.132	punabalādisutta		SN46.153-164
sn46.165	S-v	860	SN46.133	punaesanādisutta		SN46.165-174
sn46.165-174	S-v	860	SN46.133	punaesanādisutta		SN46.165-174
sn46.166	S-v	860	SN46.133	punaesanādisutta		SN46.165-174
sn46.167	S-v	860	SN46.133	punaesanādisutta		SN46.165-174
sn46.168	S-v	860	SN46.133	punaesanādisutta		SN46.165-174
sn46.169	S-v	860	SN46.133	punaesanādisutta		SN46.165-174
sn46.170	S-v	860	SN46.133	punaesanādisutta		SN46.165-174
sn46.171	S-v	860	SN46.133	punaesanādisutta		SN46.165-174
sn46.172	S-v	860	SN46.133	punaesanādisutta		SN46.165-174
sn46.173	S-v	860	SN46.133	punaesanādisutta		SN46.165-174
sn46.174	S-v	860	SN46.133	punaesanādisutta		SN46.165-174
sn46.175	S-v	867	SN46.134	punaoghādisutta		SN46.175-184
sn46.175-184	S-v	867	SN46.134	punaoghādisutta		SN46.175-184
sn46.176	S-v	867	SN46.134	punaoghādisutta		SN46.175-184
sn46.177	S-v	867	SN46.134	punaoghādisutta		SN46.175-184
sn46.178	S-v	867	SN46.134	punaoghādisutta		SN46.175-184
sn46.179	S-v	867	SN46.134	punaoghādisutta		SN46.175-184
sn46.180	S-v	867	SN46.134	punaoghādisutta		SN46.175-184
sn46.181	S-v	867	SN46.134	punaoghādisutta		SN46.175-184
sn46.182	S-v	867	SN46.134	punaoghādisutta		SN46.175-184
sn46.183	S-v	867	SN46.134	punaoghādisutta		SN46.175-184
sn46.184	S-v	867	SN46.134	punaoghādisutta		SN46.175-184
sn47	S-v	876	SN47	satipaṭṭhānasaṃyutta		
sn47.1	S-v	876	SN47.1	ambapālisutta		
sn47.1-10	S-v	876	SN47.1-10	ambapālivagga		
sn47.2	S-v	882	SN47.2	satisutta		
sn47.3	S-v	886	SN47.3	bhikkhusutta		
sn47.4	S-v	890	SN47.4	sālasutta		
sn47.5	S-v	895	SN47.5	akusalarāsisutta		
sn47.6	S-v	898	SN47.6	sakuṇagghisutta		
sn47.7	S-v	903	SN47.7	makkaṭasutta		
sn47.8	S-v	908	SN47.8	sūdasutta		
sn47.9	S-v	917	SN47.9	gilānasutta		
sn47.10	S-v	924	SN47.10	bhikkhunupassayasutta		
sn47.11	S-v	939	SN47.11	mahāpurisasutta		
sn47.11-20	S-v	939	SN47.11-20	nālandavagga		
sn47.12	S-v	943	SN47.12	nālandasutta		
sn47.13	S-v	951	SN47.13	cundasutta		
sn47.14	S-v	959	SN47.14	ukkacelasutta		
sn47.15	S-v	963	SN47.15	bāhiyasutta		
sn47.16	S-v	967	SN47.16	uttiyasutta		
sn47.17	S-v	971	SN47.17	ariyasutta		
sn47.18	S-v	973	SN47.18	brahmasutta		
sn47.19	S-v	981	SN47.19	sedakasutta		
sn47.20	S-v	984	SN47.20	janapadakalyāṇīsutta		
sn47.21	S-v	992	SN47.21	sīlasutta		
sn47.21-30	S-v	992	SN47.21-30	sīlaṭṭhitivagga		
sn47.22	S-v	997	SN47.22	ciraṭṭhitisutta		
sn47.23	S-v	1001	SN47.23	parihānasutta		
sn47.24	S-v	1005	SN47.24	suddhasutta		
sn47.25	S-v	1007	SN47.25	aññatarabrāhmaṇasutta		
sn47.26	S-v	1012	SN47.26	padesasutta		
sn47.27	S-v	1015	SN47.27	samattasutta		
sn47.28	S-v	1018	SN47.28	lokasutta		
sn47.29	S-v	1021	SN47.29	sirivaḍḍhasutta		
sn47.30	S-v	1026	SN47.30	mānadinnasutta		
sn47.31	S-v	1032	SN47.31	ananussutasutta		
sn47.31-40	S-v	1032	SN47.31-40	ananussutavagga		
sn47.32	S-v	1038	SN47.32	virāgasutta		
sn47.33	S-v	1041	SN47.33	viraddhasutta		
sn47.34	S-v	1044	SN47.34	bhāvitasutta		
sn47.35	S-v	1047	SN47.35	satisutta		
sn47.36	S-v	1051	SN47.36	aññāsutta		
sn47.37	S-v	1053	SN47.37	chandasutta		
sn47.38	S-v	1058	SN47.38	pariññātasutta		
sn47.39	S-v	1063	SN47.39	bhāvanāsutta		
sn47.40	S-v	1065	SN47.40	vibhaṅgasutta		
sn47.41	S-v	1073	SN47.41	amatasutta		
sn47.41-50	S-v	1073	SN47.41-50	amatavagga		
sn47.42	S-v	1076	SN47.42	samudayasutta		
sn47.43	S-v	1078	SN47.43	maggasutta		
sn47.44	S-v	1086	SN47.44	satisutta		
sn47.45	S-v	1088	SN47.45	kusalarāsisutta		
sn47.46	S-v	1091	SN47.46	pātimokkhasaṃvarasutta		
sn47.47	S-v	1096	SN47.47	duccaritasutta		
sn47.48	S-v	1099	SN47.48	mittasutta		
sn47.49	S-v	1102	SN47.49	vedanāsutta		
sn47.50	S-v	1105	SN47.50	āsavasutta		
sn47.51	S-v	1112	SN47.51	gaṅgāpeyyālavagga	SN47.51-62	
sn47.51-62	S-v	1112	SN47.51-62	gaṅgāpeyyālavagga		
sn47.52	S-v	1112	SN47.52	gaṅgāpeyyālavagga	SN47.51-62	
sn47.53	S-v	1112	SN47.53	gaṅgāpeyyālavagga	SN47.51-62	
sn47.54	S-v	1112	SN47.54	gaṅgāpeyyālavagga	SN47.51-62	
sn47.55	S-v	1112	SN47.55	gaṅgāpeyyālavagga	SN47.51-62	
sn47.56	S-v	1112	SN47.56	gaṅgāpeyyālavagga	SN47.51-62	
sn47.57	S-v	1112	SN47.57	gaṅgāpeyyālavagga	SN47.51-62	
sn47.58	S-v	1112	SN47.58	gaṅgāpeyyālavagga	SN47.51-62	
sn47.59	S-v	1112	SN47.59	gaṅgāpeyyālavagga	SN47.51-62	
sn47.60	S-v	1112	SN47.60	gaṅgāpeyyālavagga	SN47.51-62	
sn47.61	S-v	1112	SN47.61	gaṅgāpeyyālavagga	SN47.51-62	
sn47.62	S-v	1112	SN47.62	gaṅgāpeyyālavagga	SN47.51-62	
sn47.63	S-v	1120	SN47.63	appamādavagga	SN47.63-72	
sn47.63-72	S-v	1120	SN47.63-72	appamādavagga		
sn47.64	S-v	1120	SN47.64	appamādavagga	SN47.63-72	
sn47.65	S-v	1120	SN47.65	appamādavagga	SN47.63-72	
sn47.66	S-v	1120	SN47.66	appamādavagga	SN47.63-72	
sn47.67	S-v	1120	SN47.67	appamādavagga	SN47.63-72	
sn47.68	S-v	1120	SN47.68	appamādavagga	SN47.63-72	
sn47.69	S-v	1120	SN47.69	appamādavagga	SN47.63-72	
sn47.70	S-v	1120	SN47.70	appamādavagga	SN47.63-72	
sn47.71	S-v	1120	SN47.71	appamādavagga	SN47.63-72	
sn47.72	S-v	1120	SN47.72	appamādavagga	SN47.63-72	
sn47.73	S-v	1127	SN47.73	balakaraṇīyavagga	SN47.73-84	
sn47.73-84	S-v	1127	SN47.73-84	balakaraṇīyavagga		
sn47.74	S-v	1127	SN47.74	balakaraṇīyavagga	SN47.73-84	
sn47.75	S-v	1127	SN47.75	balakaraṇīyavagga	SN47.73-84	
sn47.76	S-v	1127	SN47.76	balakaraṇīyavagga	SN47.73-84	
sn47.77	S-v	1127	SN47.77	balakaraṇīyavagga	SN47.73-84	
sn47.78	S-v	1127	SN47.78	balakaraṇīyavagga	SN47.73-84	
sn47.79	S-v	1127	SN47.79	balakaraṇīyavagga	SN47.73-84	
sn47.80	S-v	1127	SN47.80	balakaraṇīyavagga	SN47.73-84	
sn47.81	S-v	1127	SN47.81	balakaraṇīyavagga	SN47.73-84	
sn47.82	S-v	1127	SN47.82	balakaraṇīyavagga	SN47.73-84	
sn47.83	S-v	1127	SN47.83	balakaraṇīyavagga	SN47.73-84	
sn47.84	S-v	1127	SN47.84	balakaraṇīyavagga	SN47.73-84	
sn47.85	S-v	1134	SN47.85	esanāvagga	SN47.85-94	
sn47.85-94	S-v	1134	SN47.85-94	esanāvagga		
sn47.86	S-v	1134	SN47.86	esanāvagga	SN47.85-94	
sn47.87	S-v	1134	SN47.87	esanāvagga	SN47.85-94	
sn47.88	S-v	1134	SN47.88	esanāvagga	SN47.85-94	
sn47.89	S-v	1134	SN47.89	esanāvagga	SN47.85-94	
sn47.90	S-v	1134	SN47.90	esanāvagga	SN47.85-94	
sn47.91	S-v	1134	SN47.91	esanāvagga	SN47.85-94	
sn47.92	S-v	1134	SN47.92	esanāvagga	SN47.85-94	
sn47.93	S-v	1134	SN47.93	esanāvagga	SN47.85-94	
sn47.94	S-v	1134	SN47.94	esanāvagga	SN47.85-94	
sn47.95	S-v	1141	SN47.95	oghavagga	SN47.95-104	
sn47.95-104	S-v	1141	SN47.95-104	oghavagga		
sn47.96	S-v	1141	SN47.96	oghavagga	SN47.95-104	
sn47.97	S-v	1141	SN47.97	oghavagga	SN47.95-104	
sn47.98	S-v	1141	SN47.98	oghavagga	SN47.95-104	
sn47.99	S-v	1141	SN47.99	oghavagga	SN47.95-104	
sn47.100	S-v	1141	SN47.100	oghavagga	SN47.95-104	
sn47.101	S-v	1141	SN47.101	oghavagga	SN47.95-104	
sn47.102	S-v	1141	SN47.102	oghavagga	SN47.95-104	
sn47.103	S-v	1141	SN47.103	oghavagga	SN47.95-104	
sn47.104	S-v	1141	SN47.104	oghavagga	SN47.95-104	
sn48	S-v	1151	SN48	indriyasaṃyutta		
sn48.1	S-v	1151	SN48.1	suddhikasutta		
sn48.1-10	S-v	1151	SN48.1-10	suddhikavagga		
sn48.2	S-v	1155	SN48.2	paṭhamasotāpannasutta		
sn48.3	S-v	1157	SN48.3	dutiyasotāpannasutta		
sn48.4	S-v	1159	SN48.4	paṭhamaarahantasutta		
sn48.5	S-v	1161	SN48.5	dutiyaarahantasutta		
sn48.6	S-v	1163	SN48.6	paṭhamasamaṇabrāhmaṇasutta		
sn48.7	S-v	1166	SN48.7	dutiyasamaṇabrāhmaṇasutta		
sn48.8	S-v	1169	SN48.8	daṭṭhabbasutta		
sn48.9	S-v	1171	SN48.9	paṭhamavibhaṅgasutta		
sn48.10	S-v	1177	SN48.10	dutiyavibhaṅgasutta		
sn48.11	S-v	1187	SN48.11	paṭilābhasutta		
sn48.11-20	S-v	1187	SN48.11-20	mudutaravagga		
sn48.12	S-v	1194	SN48.12	paṭhamasaṃkhittasutta		
sn48.13	S-v	1196	SN48.13	dutiyasaṃkhittasutta		
sn48.14	S-v	1198	SN48.14	tatiyasaṃkhittasutta		
sn48.15	S-v	1200	SN48.15	paṭhamavitthārasutta		
sn48.16	S-v	1202	SN48.16	dutiyavitthārasutta		
sn48.17	S-v	1204	SN48.17	tatiyavitthārasutta		
sn48.18	S-v	1206	SN48.18	paṭipannasutta		
sn48.19	S-v	1208	SN48.19	sampannasutta		
sn48.20	S-v	1211	SN48.20	āsavakkhayasutta		
sn48.21	S-v	1217	SN48.21	punabbhavasutta		
sn48.21-30	S-v	1217	SN48.21-30	chaḷindriyavagga		
sn48.22	S-v	1220	SN48.22	jīvitindriyasutta		
sn48.23	S-v	1222	SN48.23	aññindriyasutta		
sn48.24	S-v	1224	SN48.24	ekabījīsutta		
sn48.25	S-v	1226	SN48.25	suddhakasutta		
sn48.26	S-v	1228	SN48.26	sotāpannasutta		
sn48.27	S-v	1230	SN48.27	arahantasutta		
sn48.28	S-v	1232	SN48.28	sambuddhasutta		
sn48.29	S-v	1234	SN48.29	paṭhamasamaṇabrāhmaṇasutta		
sn48.30	S-v	1236	SN48.30	dutiyasamaṇabrāhmaṇasutta		
sn48.31	S-v	1243	SN48.31	suddhikasutta		
sn48.31-40	S-v	1243	SN48.31-40	sukhindriyavagga		
sn48.32	S-v	1246	SN48.32	sotāpannasutta		
sn48.33	S-v	1248	SN48.33	arahantasutta		
sn48.34	S-v	1250	SN48.34	paṭhamasamaṇabrāhmaṇasutta		
sn48.35	S-v	1253	SN48.35	dutiyasamaṇabrāhmaṇasutta		
sn48.36	S-v	1256	SN48.36	paṭhamavibhaṅgasutta		
sn48.37	S-v	1263	SN48.37	dutiyavibhaṅgasutta		
sn48.38	S-v	1271	SN48.38	tatiyavibhaṅgasutta		
sn48.39	S-v	1279	SN48.39	kaṭṭhopamasutta		
sn48.40	S-v	1287	SN48.40	uppaṭipāṭikasutta		
sn48.41	S-v	1297	SN48.41	jarādhammasutta		
sn48.41-50	S-v	1297	SN48.41-50	jarāvagga		
sn48.42	S-v	1307	SN48.42	uṇṇābhabrāhmaṇasutta		
sn48.43	S-v	1314	SN48.43	sāketasutta		
sn48.44	S-v	1320	SN48.44	pubbakoṭṭhakasutta		
sn48.45	S-v	1324	SN48.45	paṭhamapubbārāmasutta		
sn48.46	S-v	1327	SN48.46	dutiyapubbārāmasutta		
sn48.47	S-v	1329	SN48.47	tatiyapubbārāmasutta		
sn48.48	S-v	1331	SN48.48	catutthapubbārāmasutta		
sn48.49	S-v	1333	SN48.49	piṇḍolabhāradvājasutta		
sn48.50	S-v	1337	SN48.50	āpaṇasutta		
sn48.51	S-v	1353	SN48.51	sālasutta		
sn48.51-60	S-v	1353	SN48.51-60	sūkarakhatavagga		
sn48.52	S-v	1357	SN48.52	mallikasutta		
sn48.53	S-v	1361	SN48.53	sekhasutta		
sn48.54	S-v	1369	SN48.54	padasutta		
sn48.55	S-v	1371	SN48.55	sārasutta		
sn48.56	S-v	1373	SN48.56	patiṭṭhitasutta		
sn48.57	S-v	1375	SN48.57	sahampatibrahmasutta		
sn48.58	S-v	1379	SN48.58	sūkarakhatasutta		
sn48.59	S-v	1383	SN48.59	paṭhamauppādasutta		
sn48.60	S-v	1385	SN48.60	dutiyauppādasutta		
sn48.61	S-v	1391	SN48.61	saṃyojanasutta		
sn48.61-70	S-v	1391	SN48.61-70	bodhipakkhiyavagga		
sn48.62	S-v	1394	SN48.62	anusayasutta		
sn48.63	S-v	1396	SN48.63	pariññāsutta		
sn48.64	S-v	1398	SN48.64	āsavakkhayasutta		
sn48.65	S-v	1401	SN48.65	paṭhamaphalasutta		
sn48.66	S-v	1403	SN48.66	dutiyaphalasutta		
sn48.67	S-v	1405	SN48.67	paṭhamarukkhasutta		
sn48.68	S-v	1407	SN48.68	dutiyarukkhasutta		
sn48.69	S-v	1409	SN48.69	tatiyarukkhasutta		
sn48.70	S-v	1411	SN48.70	catuttharukkhasutta		
sn48.71	S-v	1417	SN48.71-82	gaṅgāpeyyālavagga		
sn48.71-82	S-v	1417	SN48.71-82	gaṅgāpeyyālavagga		
sn48.72	S-v	1417	SN48.71-82	gaṅgāpeyyālavagga		
sn48.73	S-v	1417	SN48.71-82	gaṅgāpeyyālavagga		
sn48.74	S-v	1417	SN48.71-82	gaṅgāpeyyālavagga		
sn48.75	S-v	1417	SN48.71-82	gaṅgāpeyyālavagga		
sn48.76	S-v	1417	SN48.71-82	gaṅgāpeyyālavagga		
sn48.77	S-v	1417	SN48.71-82	gaṅgāpeyyālavagga		
sn48.78	S-v	1417	SN48.71-82	gaṅgāpeyyālavagga		
sn48.79	S-v	1417	SN48.71-82	gaṅgāpeyyālavagga		
sn48.80	S-v	1417	SN48.71-82	gaṅgāpeyyālavagga		
sn48.81	S-v	1417	SN48.71-82	gaṅgāpeyyālavagga		
sn48.82	S-v	1417	SN48.71-82	gaṅgāpeyyālavagga		
sn48.83	S-v	1436	SN48.83	oghavagga	SN48.83-92	
sn48.83-92	S-v	1436	SN48.83-92	oghavagga		
sn48.84	S-v	1436	SN48.84	oghavagga	SN48.83-92	
sn48.85	S-v	1436	SN48.85	oghavagga	SN48.83-92	
sn48.86	S-v	1436	SN48.86	oghavagga	SN48.83-92	
sn48.87	S-v	1436	SN48.87	oghavagga	SN48.83-92	
sn48.88	S-v	1436	SN48.88	oghavagga	SN48.83-92	
sn48.89	S-v	1436	SN48.89	oghavagga	SN48.83-92	
sn48.90	S-v	1436	SN48.90	oghavagga	SN48.83-92	
sn48.91	S-v	1436	SN48.91	oghavagga	SN48.83-92	
sn48.92	S-v	1436	SN48.92	oghavagga	SN48.83-92	
sn48.93	S-v	1443	SN48.93-104	gaṅgāpeyyālavagga		
sn48.93-104	S-v	1443	SN48.93-104	gaṅgāpeyyālavagga		
sn48.94	S-v	1443	SN48.93-104	gaṅgāpeyyālavagga		
sn48.95	S-v	1443	SN48.93-104	gaṅgāpeyyālavagga		
sn48.96	S-v	1443	SN48.93-104	gaṅgāpeyyālavagga		
sn48.97	S-v	1443	SN48.93-104	gaṅgāpeyyālavagga		
sn48.98	S-v	1443	SN48.93-104	gaṅgāpeyyālavagga		
sn48.99	S-v	1443	SN48.93-104	gaṅgāpeyyālavagga		
sn48.100	S-v	1443	SN48.93-104	gaṅgāpeyyālavagga		
sn48.101	S-v	1443	SN48.93-104	gaṅgāpeyyālavagga		
sn48.102	S-v	1443	SN48.93-104	gaṅgāpeyyālavagga		
sn48.103	S-v	1443	SN48.93-104	gaṅgāpeyyālavagga		
sn48.104	S-v	1443	SN48.93-104	gaṅgāpeyyālavagga		
sn48.105	S-v	1451	SN48.105	oghavagga	SN48.105-114	
sn48.105-114	S-v	1451	SN48.105-114	oghavagga		
sn48.106	S-v	1451	SN48.106	oghavagga	SN48.105-114	
sn48.107	S-v	1451	SN48.107	oghavagga	SN48.105-114	
sn48.108	S-v	1451	SN48.108	oghavagga	SN48.105-114	
sn48.109	S-v	1451	SN48.109	oghavagga	SN48.105-114	
sn48.110	S-v	1451	SN48.110	oghavagga	SN48.105-114	
sn48.111	S-v	1451	SN48.111	oghavagga	SN48.105-114	
sn48.112	S-v	1451	SN48.112	oghavagga	SN48.105-114	
sn48.113	S-v	1451	SN48.113	oghavagga	SN48.105-114	
sn48.114	S-v	1451	SN48.114	oghavagga	SN48.105-114	
sn49	S-v	1459	SN49	sammappadhānasaṃyutta		
sn49.1	S-v	1459	SN49.1-12	gaṅgāpeyyālavagga		
sn49.1-12	S-v	1459	SN49.1-12	gaṅgāpeyyālavagga		
sn49.2	S-v	1459	SN49.1-12	gaṅgāpeyyālavagga		
sn49.3	S-v	1459	SN49.1-12	gaṅgāpeyyālavagga		
sn49.4	S-v	1459	SN49.1-12	gaṅgāpeyyālavagga		
sn49.5	S-v	1459	SN49.1-12	gaṅgāpeyyālavagga		
sn49.6	S-v	1459	SN49.1-12	gaṅgāpeyyālavagga		
sn49.7	S-v	1459	SN49.1-12	gaṅgāpeyyālavagga		
sn49.8	S-v	1459	SN49.1-12	gaṅgāpeyyālavagga		
sn49.9	S-v	1459	SN49.1-12	gaṅgāpeyyālavagga		
sn49.10	S-v	1459	SN49.1-12	gaṅgāpeyyālavagga		
sn49.11	S-v	1459	SN49.1-12	gaṅgāpeyyālavagga		
sn49.12	S-v	1459	SN49.1-12	gaṅgāpeyyālavagga		
sn49.13	S-v	1487	SN49.13-22	appamādavagga		
sn49.13-22	S-v	1487	SN49.13-22	appamādavagga		
sn49.14	S-v	1487	SN49.13-22	appamādavagga		
sn49.15	S-v	1487	SN49.13-22	appamādavagga		
sn49.16	S-v	1487	SN49.13-22	appamādavagga		
sn49.17	S-v	1487	SN49.13-22	appamādavagga		
sn49.18	S-v	1487	SN49.13-22	appamādavagga		
sn49.19	S-v	1487	SN49.13-22	appamādavagga		
sn49.20	S-v	1487	SN49.13-22	appamādavagga		
sn49.21	S-v	1487	SN49.13-22	appamādavagga		
sn49.22	S-v	1487	SN49.13-22	appamādavagga		
sn49.23	S-v	1473	SN49.23	balakaraṇīyavagga	SN49.23-34	
sn49.23-34	S-v	1473	SN49.23-34	balakaraṇīyavagga		
sn49.24	S-v	1473	SN49.24	balakaraṇīyavagga	SN49.23-34	
sn49.25	S-v	1473	SN49.25	balakaraṇīyavagga	SN49.23-34	
sn49.26	S-v	1473	SN49.26	balakaraṇīyavagga	SN49.23-34	
sn49.27	S-v	1473	SN49.27	balakaraṇīyavagga	SN49.23-34	
sn49.28	S-v	1473	SN49.28	balakaraṇīyavagga	SN49.23-34	
sn49.29	S-v	1473	SN49.29	balakaraṇīyavagga	SN49.23-34	
sn49.30	S-v	1473	SN49.30	balakaraṇīyavagga	SN49.23-34	
sn49.31	S-v	1473	SN49.31	balakaraṇīyavagga	SN49.23-34	
sn49.32	S-v	1473	SN49.32	balakaraṇīyavagga	SN49.23-34	
sn49.33	S-v	1473	SN49.33	balakaraṇīyavagga	SN49.23-34	
sn49.34	S-v	1473	SN49.34	balakaraṇīyavagga	SN49.23-34	
sn49.35	S-v	1480	SN49.35	esanāvagga	SN49.35-44	
sn49.35-44	S-v	1480	SN49.35-44	esanāvagga		
sn49.36	S-v	1480	SN49.36	esanāvagga	SN49.35-44	
sn49.37	S-v	1480	SN49.37	esanāvagga	SN49.35-44	
sn49.38	S-v	1480	SN49.38	esanāvagga	SN49.35-44	
sn49.39	S-v	1480	SN49.39	esanāvagga	SN49.35-44	
sn49.40	S-v	1480	SN49.40	esanāvagga	SN49.35-44	
sn49.41	S-v	1480	SN49.41	esanāvagga	SN49.35-44	
sn49.42	S-v	1480	SN49.42	esanāvagga	SN49.35-44	
sn49.43	S-v	1480	SN49.43	esanāvagga	SN49.35-44	
sn49.44	S-v	1480	SN49.44	esanāvagga	SN49.35-44	
sn49.45	S-v	1487	SN49.45	oghavagga	SN49.45-54	
sn49.45-54	S-v	1487	SN49.45-54	oghavagga		
sn49.46	S-v	1487	SN49.46	oghavagga	SN49.45-54	
sn49.47	S-v	1487	SN49.47	oghavagga	SN49.45-54	
sn49.48	S-v	1487	SN49.48	oghavagga	SN49.45-54	
sn49.49	S-v	1487	SN49.49	oghavagga	SN49.45-54	
sn49.50	S-v	1487	SN49.50	oghavagga	SN49.45-54	
sn49.51	S-v	1487	SN49.51	oghavagga	SN49.45-54	
sn49.52	S-v	1487	SN49.52	oghavagga	SN49.45-54	
sn49.53	S-v	1487	SN49.53	oghavagga	SN49.45-54	
sn49.54	S-v	1487	SN49.54	oghavagga	SN49.45-54	
sn50	S-v	1495	SN50	balasaṃyutta		
sn50.1	S-v	1495	SN50.1-12	gaṅgāpeyyālavagga		
sn50.1-12	S-v	1495	SN50.1-12	gaṅgāpeyyālavagga		
sn50.2	S-v	1495	SN50.1-12	gaṅgāpeyyālavagga		
sn50.3	S-v	1495	SN50.1-12	gaṅgāpeyyālavagga		
sn50.4	S-v	1495	SN50.1-12	gaṅgāpeyyālavagga		
sn50.5	S-v	1495	SN50.1-12	gaṅgāpeyyālavagga		
sn50.6	S-v	1495	SN50.1-12	gaṅgāpeyyālavagga		
sn50.7	S-v	1495	SN50.1-12	gaṅgāpeyyālavagga		
sn50.8	S-v	1495	SN50.1-12	gaṅgāpeyyālavagga		
sn50.9	S-v	1495	SN50.1-12	gaṅgāpeyyālavagga		
sn50.10	S-v	1495	SN50.1-12	gaṅgāpeyyālavagga		
sn50.11	S-v	1495	SN50.1-12	gaṅgāpeyyālavagga		
sn50.12	S-v	1495	SN50.1-12	gaṅgāpeyyālavagga		
sn50.13	S-v	1538	SN50.13-22	appamādavagga		
sn50.13-22	S-v	1538	SN50.13-22	appamādavagga		
sn50.14	S-v	1538	SN50.13-22	appamādavagga		
sn50.15	S-v	1538	SN50.13-22	appamādavagga		
sn50.16	S-v	1538	SN50.13-22	appamādavagga		
sn50.17	S-v	1538	SN50.13-22	appamādavagga		
sn50.18	S-v	1538	SN50.13-22	appamādavagga		
sn50.19	S-v	1538	SN50.13-22	appamādavagga		
sn50.20	S-v	1538	SN50.13-22	appamādavagga		
sn50.21	S-v	1538	SN50.13-22	appamādavagga		
sn50.22	S-v	1538	SN50.13-22	appamādavagga		
sn50.45	S-v	1516	SN50.45	oghavagga	SN50.45-54	
sn50.45-54	S-v	1516	SN50.45-54	oghavagga		
sn50.46	S-v	1516	SN50.46	oghavagga	SN50.45-54	
sn50.47	S-v	1516	SN50.47	oghavagga	SN50.45-54	
sn50.48	S-v	1516	SN50.48	oghavagga	SN50.45-54	
sn50.49	S-v	1516	SN50.49	oghavagga	SN50.45-54	
sn50.50	S-v	1516	SN50.50	oghavagga	SN50.45-54	
sn50.51	S-v	1516	SN50.51	oghavagga	SN50.45-54	
sn50.52	S-v	1516	SN50.52	oghavagga	SN50.45-54	
sn50.53	S-v	1516	SN50.53	oghavagga	SN50.45-54	
sn50.54	S-v	1516	SN50.54	oghavagga	SN50.45-54	
sn50.55	S-v	1523	SN50.55-66	gaṅgāpeyyālavagga		
sn50.55-66	S-v	1523	SN50.55-66	gaṅgāpeyyālavagga		
sn50.56	S-v	1523	SN50.55-66	gaṅgāpeyyālavagga		
sn50.57	S-v	1523	SN50.55-66	gaṅgāpeyyālavagga		
sn50.58	S-v	1523	SN50.55-66	gaṅgāpeyyālavagga		
sn50.59	S-v	1523	SN50.55-66	gaṅgāpeyyālavagga		
sn50.60	S-v	1523	SN50.55-66	gaṅgāpeyyālavagga		
sn50.61	S-v	1523	SN50.55-66	gaṅgāpeyyālavagga		
sn50.62	S-v	1523	SN50.55-66	gaṅgāpeyyālavagga		
sn50.63	S-v	1523	SN50.55-66	gaṅgāpeyyālavagga		
sn50.64	S-v	1523	SN50.55-66	gaṅgāpeyyālavagga		
sn50.65	S-v	1523	SN50.55-66	gaṅgāpeyyālavagga		
sn50.66	S-v	1523	SN50.55-66	gaṅgāpeyyālavagga		
sn50.89	S-v	1531	SN50.89-98	esanāvagga		
sn50.89-98	S-v	1531	SN50.89-98	esanāvagga		
sn50.90	S-v	1531	SN50.89-98	esanāvagga		
sn50.91	S-v	1531	SN50.89-98	esanāvagga		
sn50.92	S-v	1531	SN50.89-98	esanāvagga		
sn50.93	S-v	1531	SN50.89-98	esanāvagga		
sn50.94	S-v	1531	SN50.89-98	esanāvagga		
sn50.95	S-v	1531	SN50.89-98	esanāvagga		
sn50.96	S-v	1531	SN50.89-98	esanāvagga		
sn50.97	S-v	1531	SN50.89-98	esanāvagga		
sn50.98	S-v	1531	SN50.89-98	esanāvagga		
sn50.99	S-v	1538	SN50.99	oghavagga	SN50.99-108	
sn50.99-108	S-v	1538	SN50.99-108	oghavagga		
sn50.100	S-v	1538	SN50.100	oghavagga	SN50.99-108	
sn50.101	S-v	1538	SN50.101	oghavagga	SN50.99-108	
sn50.102	S-v	1538	SN50.102	oghavagga	SN50.99-108	
sn50.103	S-v	1538	SN50.103	oghavagga	SN50.99-108	
sn50.104	S-v	1538	SN50.104	oghavagga	SN50.99-108	
sn50.105	S-v	1538	SN50.105	oghavagga	SN50.99-108	
sn50.106	S-v	1538	SN50.106	oghavagga	SN50.99-108	
sn50.107	S-v	1538	SN50.107	oghavagga	SN50.99-108	
sn50.108	S-v	1538	SN50.108	oghavagga	SN50.99-108	
sn51	S-v	1546	SN51	iddhipādasaṃyutta		
sn51.1	S-v	1546	SN51.1	apārasutta		
sn51.1-10	S-v	1546	SN51.1-10	cāpālavagga		
sn51.2	S-v	1550	SN51.2	viraddhasutta		
sn51.3	S-v	1552	SN51.3	ariyasutta		
sn51.4	S-v	1554	SN51.4	nibbidāsutta		
sn51.5	S-v	1556	SN51.5	iddhipadesasutta		
sn51.6	S-v	1559	SN51.6	samattasutta		
sn51.7	S-v	1562	SN51.7	bhikkhusutta		
sn51.8	S-v	1565	SN51.8	buddhasutta		
sn51.9	S-v	1567	SN51.9	ñāṇasutta		
sn51.10	S-v	1572	SN51.10	cetiyasutta		
sn51.11	S-v	1592	SN51.11	pubbasutta		
sn51.11-20	S-v	1592	SN51.11-20	pāsādakampanavagga		
sn51.12	S-v	1604	SN51.12	mahapphalasutta		
sn51.13	S-v	1609	SN51.13	chandasamādhisutta		
sn51.14	S-v	1614	SN51.14	moggallānasutta		
sn51.15	S-v	1620	SN51.15	uṇṇābhabrāhmaṇasutta		
sn51.16	S-v	1627	SN51.16	paṭhamasamaṇabrāhmaṇasutta		
sn51.17	S-v	1630	SN51.17	dutiyasamaṇabrāhmaṇasutta		
sn51.18	S-v	1637	SN51.18	bhikkhusutta		
sn51.19	S-v	1640	SN51.19	iddhādidesanāsutta		
sn51.20	S-v	1646	SN51.20	vibhaṅgasutta		
sn51.21	S-v	1675	SN51.21	maggasutta		
sn51.21-32	S-v	1675	SN51.21-32	ayoguḷavagga		
sn51.22	S-v	1680	SN51.22	ayoguḷasutta		
sn51.23	S-v	1687	SN51.23	bhikkhusutta		
sn51.24	S-v	1689	SN51.24	suddhikasutta		
sn51.25	S-v	1691	SN51.25	paṭhamaphalasutta		
sn51.26	S-v	1693	SN51.26	dutiyaphalasutta		
sn51.27	S-v	1696	SN51.27	paṭhamaānandasutta		
sn51.28	S-v	1702	SN51.28	dutiyaānandasutta		
sn51.29	S-v	1708	SN51.29	paṭhamabhikkhusutta		
sn51.30	S-v	1714	SN51.30	dutiyabhikkhusutta		
sn51.31	S-v	1720	SN51.31	moggallānasutta		
sn51.32	S-v	1724	SN51.32	tathāgatasutta		
sn51.33	S-v	1733	SN51.33-44	gaṅgāpeyyālavagga		
sn51.33-44	S-v	1733	SN51.33-44	gaṅgāpeyyālavagga		
sn51.34	S-v	1733	SN51.33-44	gaṅgāpeyyālavagga		
sn51.35	S-v	1733	SN51.33-44	gaṅgāpeyyālavagga		
sn51.36	S-v	1733	SN51.33-44	gaṅgāpeyyālavagga		
sn51.37	S-v	1733	SN51.33-44	gaṅgāpeyyālavagga		
sn51.38	S-v	1733	SN51.33-44	gaṅgāpeyyālavagga		
sn51.39	S-v	1733	SN51.33-44	gaṅgāpeyyālavagga		
sn51.40	S-v	1733	SN51.33-44	gaṅgāpeyyālavagga		
sn51.41	S-v	1733	SN51.33-44	gaṅgāpeyyālavagga		
sn51.42	S-v	1733	SN51.33-44	gaṅgāpeyyālavagga		
sn51.43	S-v	1733	SN51.33-44	gaṅgāpeyyālavagga		
sn51.44	S-v	1733	SN51.33-44	gaṅgāpeyyālavagga		
sn51.77	S-v	1753	SN51.77	oghavagga	SN51.77-86	
sn51.77-86	S-v	1753	SN51.77-86	oghavagga		
sn51.78	S-v	1753	SN51.78	oghavagga	SN51.77-86	
sn51.79	S-v	1753	SN51.79	oghavagga	SN51.77-86	
sn51.80	S-v	1753	SN51.80	oghavagga	SN51.77-86	
sn51.81	S-v	1753	SN51.81	oghavagga	SN51.77-86	
sn51.82	S-v	1753	SN51.82	oghavagga	SN51.77-86	
sn51.83	S-v	1753	SN51.83	oghavagga	SN51.77-86	
sn51.84	S-v	1753	SN51.84	oghavagga	SN51.77-86	
sn51.85	S-v	1753	SN51.85	oghavagga	SN51.77-86	
sn51.86	S-v	1753	SN51.86	oghavagga	SN51.77-86	
sn52	S-v	1762	SN52	anuruddhasaṃyutta		
sn52.1	S-v	1762	SN52.1	paṭhamarahogatasutta		
sn52.1-10	S-v	1762	SN52.1-10	rahogatavagga		
sn52.2	S-v	1775	SN52.2	dutiyarahogatasutta		
sn52.3	S-v	1783	SN52.3	sutanusutta		
sn52.4	S-v	1786	SN52.4	paṭhamakaṇḍakīsutta		
sn52.5	S-v	1789	SN52.5	dutiyakaṇḍakīsutta		
sn52.6	S-v	1791	SN52.6	tatiyakaṇḍakīsutta		
sn52.7	S-v	1793	SN52.7	taṇhakkhayasutta		
sn52.8	S-v	1796	SN52.8	salaḷāgārasutta		
sn52.9	S-v	1800	SN52.9	ambapālivanasutta		
sn52.10	S-v	1804	SN52.10	bāḷhagilānasutta		
sn52.11	S-v	1811	SN52.11	kappasahassasutta		
sn52.11-24	S-v	1811	SN52.11-24	dutiyavagga		
sn52.12	S-v	1815	SN52.12	iddhividhasutta		
sn52.13	S-v	1817	SN52.13	dibbasotasutta		
sn52.14	S-v	1819	SN52.14	cetopariyasutta		
sn52.15	S-v	1821	SN52.15	ṭhānasutta		
sn52.16	S-v	1823	SN52.16	kammasamādānasutta		
sn52.17	S-v	1825	SN52.17	sabbatthagāminisutta		
sn52.18	S-v	1827	SN52.18	nānādhātusutta		
sn52.19	S-v	1829	SN52.19	nānādhimuttisutta		
sn52.20	S-v	1831	SN52.20	indriyaparopariyattasutta		
sn52.21	S-v	1833	SN52.21	jhānādisutta		
sn52.22	S-v	1835	SN52.22	pubbenivāsasutta		
sn52.23	S-v	1837	SN52.23	dibbacakkhusutta		
sn52.24	S-v	1839	SN52.24	āsavakkhayasutta		
sn53	S-v	1846	SN53	jhānasaṃyutta		
sn53.1	S-v	1846	SN53.1-12	jhānādisuttadvādasaka		
sn53.1-12	S-v	1846	SN53.1-12	jhānādisuttadvādasaka		
sn53.2	S-v	1846	SN53.1-12	jhānādisuttadvādasaka		
sn53.3	S-v	1846	SN53.1-12	jhānādisuttadvādasaka		
sn53.4	S-v	1846	SN53.1-12	jhānādisuttadvādasaka		
sn53.5	S-v	1846	SN53.1-12	jhānādisuttadvādasaka		
sn53.6	S-v	1846	SN53.1-12	jhānādisuttadvādasaka		
sn53.7	S-v	1846	SN53.1-12	jhānādisuttadvādasaka		
sn53.8	S-v	1846	SN53.1-12	jhānādisuttadvādasaka		
sn53.9	S-v	1846	SN53.1-12	jhānādisuttadvādasaka		
sn53.10	S-v	1846	SN53.1-12	jhānādisuttadvādasaka		
sn53.11	S-v	1846	SN53.1-12	jhānādisuttadvādasaka		
sn53.12	S-v	1846	SN53.1-12	jhānādisuttadvādasaka		
sn53.45	S-v	1867	SN53.45	oghādisutta	SN53.45-54	
sn53.45-54	S-v	1867	SN53.45-54	oghādisutta		
sn53.46	S-v	1867	SN53.46	oghādisutta	SN53.45-54	
sn53.47	S-v	1867	SN53.47	oghādisutta	SN53.45-54	
sn53.48	S-v	1867	SN53.48	oghādisutta	SN53.45-54	
sn53.49	S-v	1867	SN53.49	oghādisutta	SN53.45-54	
sn53.50	S-v	1867	SN53.50	oghādisutta	SN53.45-54	
sn53.51	S-v	1867	SN53.51	oghādisutta	SN53.45-54	
sn53.52	S-v	1867	SN53.52	oghādisutta	SN53.45-54	
sn53.53	S-v	1867	SN53.53	oghādisutta	SN53.45-54	
sn53.54	S-v	1867	SN53.54	oghādisutta	SN53.45-54	
sn54	S-v	1875	SN54	ānāpānasaṃyutta		
sn54.1	S-v	1875	SN54.1	ekadhammasutta		
sn54.1-10	S-v	1875	SN54.1-10	ekadhammavagga		
sn54.2	S-v	1879	SN54.2	bojjhaṅgasutta		
sn54.3	S-v	1881	SN54.3	suddhikasutta		
sn54.4	S-v	1883	SN54.4	paṭhamaphalasutta		
sn54.5	S-v	1885	SN54.5	dutiyaphalasutta		
sn54.6	S-v	1888	SN54.6	ariṭṭhasutta		
sn54.7	S-v	1892	SN54.7	mahākappinasutta		
sn54.8	S-v	1898	SN54.8	padīpopamasutta		
sn54.9	S-v	1921	SN54.9	vesālīsutta		
sn54.10	S-v	1930	SN54.10	kimilasutta		
sn54.11	S-v	1944	SN54.11	icchānaṅgalasutta		
sn54.11-20	S-v	1944	SN54.11-20	dutiyavagga		
sn54.12	S-v	1950	SN54.12	kaṅkheyyasutta		
sn54.13	S-v	1962	SN54.13	paṭhamaānandasutta		
sn54.14	S-v	1981	SN54.14	dutiyaānandasutta		
sn54.15	S-v	1984	SN54.15	paṭhamabhikkhusutta		
sn54.16	S-v	1988	SN54.16	dutiyabhikkhusutta		
sn54.17	S-v	2007	SN54.17	saṃyojanappahānasutta		
sn54.18	S-v	2009	SN54.18	anusayasamugghātasutta		
sn54.19	S-v	2011	SN54.19	addhānapariññāsutta		
sn54.20	S-v	2013	SN54.20	āsavakkhayasutta		
sn55	S-v	2020	SN55	sotāpattisaṃyutta		
sn55.1	S-v	2020	SN55.1	cakkavattirājasutta		
sn55.1-10	S-v	2020	SN55.1-10	veḷudvāravagga		
sn55.2	S-v	2025	SN55.2	brahmacariyogadhasutta		
sn55.3	S-v	2031	SN55.3	dīghāvuupāsakasutta		
sn55.4	S-v	2037	SN55.4	paṭhamasāriputtasutta		
sn55.5	S-v	2040	SN55.5	dutiyasāriputtasutta		
sn55.6	S-v	2044	SN55.6	thapatisutta		
sn55.7	S-v	2063	SN55.7	veḷudvāreyyasutta		
sn55.8	S-v	2076	SN55.8	paṭhamagiñjakāvasathasutta		
sn55.9	S-v	2084	SN55.9	dutiyagiñjakāvasathasutta		
sn55.10	S-v	2088	SN55.10	tatiyagiñjakāvasathasutta		
sn55.11	S-v	2099	SN55.11	sahassabhikkhunisaṅghasutta		
sn55.11-20	S-v	2099	SN55.11-20	rājakārāmavagga		
sn55.12	S-v	2103	SN55.12	brāhmaṇasutta		
sn55.13	S-v	2107	SN55.13	ānandattherasutta		
sn55.14	S-v	2113	SN55.14	duggatibhayasutta		
sn55.15	S-v	2115	SN55.15	duggativinipātabhayasutta		
sn55.16	S-v	2117	SN55.16	paṭhamamittāmaccasutta		
sn55.17	S-v	2119	SN55.17	dutiyamittāmaccasutta		
sn55.18	S-v	2122	SN55.18	paṭhamadevacārikasutta		
sn55.19	S-v	2126	SN55.19	dutiyadevacārikasutta		
sn55.20	S-v	2130	SN55.20	tatiyadevacārikasutta		
sn55.21	S-v	2138	SN55.21	paṭhamamahānāmasutta		
sn55.21-30	S-v	2138	SN55.21-30	saraṇānivagga		
sn55.22	S-v	2143	SN55.22	dutiyamahānāmasutta		
sn55.23	S-v	2147	SN55.23	godhasakkasutta		
sn55.24	S-v	2156	SN55.24	paṭhamasaraṇānisakkasutta		
sn55.25	S-v	2166	SN55.25	dutiyasaraṇānisakkasutta		
sn55.26	S-v	2178	SN55.26	paṭhamaanāthapiṇḍikasutta		
sn55.27	S-v	2206	SN55.27	dutiyaanāthapiṇḍikasutta		
sn55.28	S-v	2219	SN55.28	paṭhamabhayaverūpasantasutta		
sn55.29	S-v	2225	SN55.29	dutiyabhayaverūpasantasutta		
sn55.30	S-v	2227	SN55.30	nandakalicchavisutta		
sn55.31	S-v	2237	SN55.31	paṭhamapuññābhisandasutta		
sn55.31-40	S-v	2237	SN55.31-40	puññābhisandavagga		
sn55.32	S-v	2243	SN55.32	dutiyapuññābhisandasutta		
sn55.33	S-v	2247	SN55.33	tatiyapuññābhisandasutta		
sn55.34	S-v	2251	SN55.34	paṭhamadevapadasutta		
sn55.35	S-v	2256	SN55.35	dutiyadevapadasutta		
sn55.36	S-v	2261	SN55.36	devasabhāgasutta		
sn55.37	S-v	2264	SN55.37	mahānāmasutta		
sn55.38	S-v	2271	SN55.38	vassasutta		
sn55.39	S-v	2273	SN55.39	kāḷigodhasutta		
sn55.40	S-v	2277	SN55.40	nandiyasakkasutta		
sn55.41	S-v	2288	SN55.41	paṭhamaabhisandasutta		
sn55.41-50	S-v	2288	SN55.41-50	sagāthakapuññābhisandavagga		
sn55.42	S-v	2304	SN55.42	dutiyaabhisandasutta		
sn55.43	S-v	2318	SN55.43	tatiyaabhisandasutta		
sn55.44	S-v	2327	SN55.44	paṭhamamahaddhanasutta		
sn55.45	S-v	2330	SN55.45	dutiyamahaddhanasutta		
sn55.46	S-v	2333	SN55.46	suddhakasutta		
sn55.47	S-v	2336	SN55.47	nandiyasutta		
sn55.48	S-v	2339	SN55.48	bhaddiyasutta		
sn55.49	S-v	2342	SN55.49	mahānāmasutta		
sn55.50	S-v	2345	SN55.50	aṅgasutta		
sn55.51	S-v	2351	SN55.51	sagāthakasutta		
sn55.51-61	S-v	2351	SN55.51-61	sappaññavagga		
sn55.52	S-v	2361	SN55.52	vassaṃvutthasutta		
sn55.53	S-v	2366	SN55.53	dhammadinnasutta		
sn55.54	S-v	2371	SN55.54	gilānasutta		
sn55.55	S-v	2380	SN55.55	sotāpattiphalasutta		
sn55.56	S-v	2382	SN55.56	sakadāgāmiphalasutta		
sn55.57	S-v	2384	SN55.57	anāgāmiphalasutta		
sn55.58	S-v	2386	SN55.58	arahattaphalasutta		
sn55.59	S-v	2388	SN55.59	paññāpaṭilābhasutta		
sn55.60	S-v	2390	SN55.60	paññāvuddhisutta		
sn55.61	S-v	2392	SN55.61	paññāvepullasutta		
sn55.62	S-v	2398	SN55.62	mahāpaññāsutta		
sn55.62-74	S-v	2398	SN55.62-74	mahāpaññavagga		
sn55.63	S-v	2401	SN55.63	puthupaññāsutta		
sn55.64	S-v	2403	SN55.64	vipulapaññāsutta		
sn55.65	S-v	2405	SN55.65	gambhīrapaññāsutta		
sn55.66	S-v	2407	SN55.66	appamattapaññāsutta		
sn55.67	S-v	2409	SN55.67	bhūripaññāsutta		
sn55.68	S-v	2411	SN55.68	paññābāhullasutta		
sn55.69	S-v	2413	SN55.69	sīghapaññāsutta		
sn55.70	S-v	2415	SN55.70	lahupaññāsutta		
sn55.71	S-v	2417	SN55.71	hāsapaññāsutta		
sn55.72	S-v	2419	SN55.72	javanapaññāsutta		
sn55.73	S-v	2421	SN55.73	tikkhapaññāsutta		
sn55.74	S-v	2423	SN55.74	nibbedhikapaññāsutta		
sn56	S-v	2430	SN56	saccasaṃyutta		
sn56.1	S-v	2430	SN56.1	samādhisutta		
sn56.1-10	S-v	2430	SN56.1-10	samādhivagga		
sn56.2	S-v	2435	SN56.2	paṭisallānasutta		
sn56.3	S-v	2438	SN56.3	paṭhamakulaputtasutta		
sn56.4	S-v	2442	SN56.4	dutiyakulaputtasutta		
sn56.5	S-v	2446	SN56.5	paṭhamasamaṇabrāhmaṇasutta		
sn56.6	S-v	2450	SN56.6	dutiyasamaṇabrāhmaṇasutta		
sn56.7	S-v	2454	SN56.7	vitakkasutta		
sn56.8	S-v	2458	SN56.8	cintasutta		
sn56.9	S-v	2462	SN56.9	viggāhikakathāsutta		
sn56.10	S-v	2465	SN56.10	tiracchānakathāsutta		
sn56.11	S-v	2473	SN56.11	dhammacakkappavattanasutta		
sn56.11-20	S-v	2473	SN56.11-20	dhammacakkappavattanavagga		
sn56.12	S-v	2488	SN56.12	tathāgatasutta		
sn56.13	S-v	2493	SN56.13	khandhasutta		
sn56.14	S-v	2500	SN56.14	ajjhattikāyatanasutta		
sn56.15	S-v	2507	SN56.15	paṭhamadhāraṇasutta		
sn56.16	S-v	2511	SN56.16	dutiyadhāraṇasutta		
sn56.17	S-v	2516	SN56.17	avijjāsutta		
sn56.18	S-v	2519	SN56.18	vijjāsutta		
sn56.19	S-v	2522	SN56.19	saṅkāsanasutta		
sn56.20	S-v	2525	SN56.20	tathasutta		
sn56.21	S-v	2532	SN56.21	paṭhamakoṭigāmasutta		
sn56.21-30	S-v	2532	SN56.21-30	koṭigāmavagga		
sn56.22	S-v	2541	SN56.22	dutiyakoṭigāmasutta		
sn56.23	S-v	2555	SN56.23	sammāsambuddhasutta		
sn56.24	S-v	2558	SN56.24	arahantasutta		
sn56.25	S-v	2562	SN56.25	āsavakkhayasutta		
sn56.26	S-v	2565	SN56.26	mittasutta		
sn56.27	S-v	2569	SN56.27	tathasutta		
sn56.28	S-v	2572	SN56.28	lokasutta		
sn56.29	S-v	2575	SN56.29	pariññeyyasutta		
sn56.30	S-v	2579	SN56.30	gavampatisutta		
sn56.31	S-v	2586	SN56.31	sīsapāvanasutta		
sn56.31-40	S-v	2586	SN56.31-40	sīsapāvanavagga		
sn56.32	S-v	2592	SN56.32	khadirapattasutta		
sn56.33	S-v	2598	SN56.33	daṇḍasutta		
sn56.34	S-v	2601	SN56.34	celasutta		
sn56.35	S-v	2605	SN56.35	sattisatasutta		
sn56.36	S-v	2609	SN56.36	pāṇasutta		
sn56.37	S-v	2613	SN56.37	paṭhamasūriyasutta		
sn56.38	S-v	2616	SN56.38	dutiyasūriyasutta		
sn56.39	S-v	2621	SN56.39	indakhīlasutta		
sn56.40	S-v	2627	SN56.40	vādatthikasutta		
sn56.41	S-v	2635	SN56.41	lokacintāsutta		
sn56.41-50	S-v	2635	SN56.41-50	papātavagga		
sn56.42	S-v	2643	SN56.42	papātasutta		
sn56.43	S-v	2648	SN56.43	mahāpariḷāhasutta		
sn56.44	S-v	2654	SN56.44	kūṭāgārasutta		
sn56.45	S-v	2660	SN56.45	vālasutta		
sn56.46	S-v	2665	SN56.46	andhakārasutta		
sn56.47	S-v	2671	SN56.47	paṭhamachiggaḷayugasutta		
sn56.48	S-v	2676	SN56.48	dutiyachiggaḷayugasutta		
sn56.49	S-v	2680	SN56.49	paṭhamasinerupabbatarājasutta		
sn56.50	S-v	2683	SN56.50	dutiyasinerupabbatarājasutta		
sn56.51	S-v	2690	SN56.51	nakhasikhasutta		
sn56.51-60	S-v	2690	SN56.51-60	abhisamayavagga		
sn56.52	S-v	2694	SN56.52	pokkharaṇīsutta		
sn56.53	S-v	2696	SN56.53	paṭhamasaṃbhejjasutta		
sn56.54	S-v	2698	SN56.54	dutiyasaṃbhejjasutta		
sn56.55	S-v	2700	SN56.55	paṭhamamahāpathavīsutta		
sn56.56	S-v	2702	SN56.56	dutiyamahāpathavīsutta		
sn56.57	S-v	2704	SN56.57	paṭhamamahāsamuddasutta		
sn56.58	S-v	2706	SN56.58	dutiyamahāsamuddasutta		
sn56.59	S-v	2708	SN56.59	paṭhamapabbatūpamasutta		
sn56.60	S-v	2710	SN56.60	dutiyapabbatūpamasutta		
sn56.61	S-v	2717	SN56.61	aññatrasutta		
sn56.61-70	S-v	2717	SN56.61-70	paṭhamaāmakadhaññapeyyālavagga		
sn56.62	S-v	2722	SN56.62	paccantasutta		
sn56.63	S-v	2725	SN56.63	paññāsutta		
sn56.64	S-v	2727	SN56.64	surāmerayasutta		
sn56.65	S-v	2729	SN56.65	odakasutta		
sn56.66	S-v	2731	SN56.66	matteyyasutta		
sn56.67	S-v	2733	SN56.67	petteyyasutta		
sn56.68	S-v	2735	SN56.68	sāmaññasutta		
sn56.69	S-v	2737	SN56.69	brahmaññasutta		
sn56.70	S-v	2739	SN56.70	pacāyikasutta		
sn56.71	S-v	2745	SN56.71	pāṇātipātasutta		
sn56.71-80	S-v	2745	SN56.71-80	dutiyaāmakadhaññapeyyālavagga		
sn56.72	S-v	2748	SN56.72	adinnādānasutta		
sn56.73	S-v	2750	SN56.73	kāmesumicchācārasutta		
sn56.74	S-v	2752	SN56.74	musāvādasutta		
sn56.75	S-v	2754	SN56.75	pesuññasutta		
sn56.76	S-v	2756	SN56.76	pharusavācāsutta		
sn56.77	S-v	2758	SN56.77	samphappalāpasutta		
sn56.78	S-v	2760	SN56.78	bījagāmasutta		
sn56.79	S-v	2762	SN56.79	vikālabhojanasutta		
sn56.80	S-v	2764	SN56.80	gandhavilepanasutta		
sn56.81	S-v	2770	SN56.81	naccagītasutta		
sn56.81-90	S-v	2770	SN56.81-90	tatiyaāmakadhaññapeyyālavagga		
sn56.82	S-v	2774	SN56.82	uccāsayanasutta		
sn56.83	S-v	2776	SN56.83	jātarūparajatasutta		
sn56.84	S-v	2778	SN56.84	āmakadhaññasutta		
sn56.85	S-v	2780	SN56.85	āmakamaṃsasutta		
sn56.86	S-v	2782	SN56.86	kumārikasutta		
sn56.87	S-v	2784	SN56.87	dāsidāsasutta		
sn56.88	S-v	2786	SN56.88	ajeḷakasutta		
sn56.89	S-v	2788	SN56.89	kukkuṭasūkarasutta		
sn56.90	S-v	2790	SN56.90	hatthigavassasutta		
sn56.91	S-v	2796	SN56.91	khettavatthusutta		
sn56.91-101	S-v	2796	SN56.91-101	catutthaāmakadhaññapeyyālavagga		
sn56.92	S-v	2799	SN56.92	kayavikkayasutta		
sn56.93	S-v	2801	SN56.93	dūteyyasutta		
sn56.94	S-v	2803	SN56.94	tulākūṭasutta		
sn56.95	S-v	2805	SN56.95	ukkoṭanasutta		
sn56.96	S-v	2807	SN56.96	catutthaāmakadhaññapeyyālavagga	SN56.91-101	
sn56.96-101	S-v	2807	SN56.96-101	chedanādisutta		
sn56.97	S-v	2807	SN56.97	catutthaāmakadhaññapeyyālavagga	SN56.91-101	
sn56.98	S-v	2807	SN56.98	catutthaāmakadhaññapeyyālavagga	SN56.91-101	
sn56.99	S-v	2807	SN56.99	catutthaāmakadhaññapeyyālavagga	SN56.91-101	
sn56.100	S-v	2807	SN56.100	catutthaāmakadhaññapeyyālavagga	SN56.91-101	
sn56.101	S-v	2807	SN56.101	catutthaāmakadhaññapeyyālavagga	SN56.91-101	
sn56.102	S-v	2814	SN56.102	manussacutinirayasutta		
sn56.102-131	S-v	2814	SN56.102-131	pañcagatipeyyālavagga		
sn56.103	S-v	2817	SN56.103	manussacutitiracchānasutta		
sn56.104	S-v	2819	SN56.104	manussacutipettivisayasutta		
sn56.105	S-v	2821	SN56.105	pañcagatipeyyālavagga	SN56.102-131	
sn56.105-107	S-v	2821	SN56.105-107	manussacutidevanirayādisutta		
sn56.106	S-v	2821	SN56.106	pañcagatipeyyālavagga	SN56.102-131	
sn56.107	S-v	2821	SN56.107	pañcagatipeyyālavagga	SN56.102-131	
sn56.108	S-v	2823	SN56.108	pañcagatipeyyālavagga	SN56.102-131	
sn56.108-110	S-v	2823	SN56.108-110	devacutinirayādisutta		
sn56.109	S-v	2823	SN56.109	pañcagatipeyyālavagga	SN56.102-131	
sn56.110	S-v	2823	SN56.110	pañcagatipeyyālavagga	SN56.102-131	
sn56.111	S-v	2825	SN56.111	pañcagatipeyyālavagga	SN56.102-131	
sn56.111-113	S-v	2825	SN56.111-113	devamanussanirayādisutta		
sn56.112	S-v	2825	SN56.112	pañcagatipeyyālavagga	SN56.102-131	
sn56.113	S-v	2825	SN56.113	pañcagatipeyyālavagga	SN56.102-131	
sn56.114	S-v	2827	SN56.114	pañcagatipeyyālavagga	SN56.102-131	
sn56.114-116	S-v	2827	SN56.114-116	nirayamanussanirayādisutta		
sn56.115	S-v	2827	SN56.115	pañcagatipeyyālavagga	SN56.102-131	
sn56.116	S-v	2827	SN56.116	pañcagatipeyyālavagga	SN56.102-131	
sn56.117	S-v	2829	SN56.117	pañcagatipeyyālavagga	SN56.102-131	
sn56.117-119	S-v	2829	SN56.117-119	nirayadevanirayādisutta		
sn56.118	S-v	2829	SN56.118	pañcagatipeyyālavagga	SN56.102-131	
sn56.119	S-v	2829	SN56.119	pañcagatipeyyālavagga	SN56.102-131	
sn56.120	S-v	2831	SN56.120	pañcagatipeyyālavagga	SN56.102-131	
sn56.120-122	S-v	2831	SN56.120-122	tiracchānamanussanirayādisutta		
sn56.121	S-v	2831	SN56.121	pañcagatipeyyālavagga	SN56.102-131	
sn56.122	S-v	2831	SN56.122	pañcagatipeyyālavagga	SN56.102-131	
sn56.123	S-v	2833	SN56.123	pañcagatipeyyālavagga	SN56.102-131	
sn56.123-125	S-v	2833	SN56.123-125	tiracchānadevanirayādisutta		
sn56.124	S-v	2833	SN56.124	pañcagatipeyyālavagga	SN56.102-131	
sn56.125	S-v	2833	SN56.125	pañcagatipeyyālavagga	SN56.102-131	
sn56.126	S-v	2835	SN56.126	pañcagatipeyyālavagga	SN56.102-131	
sn56.126-128	S-v	2835	SN56.126-128	pettimanussanirayādisutta		
sn56.127	S-v	2835	SN56.127	pañcagatipeyyālavagga	SN56.102-131	
sn56.128	S-v	2835	SN56.128	pañcagatipeyyālavagga	SN56.102-131	
sn56.129	S-v	2837	SN56.129	pañcagatipeyyālavagga	SN56.102-131	
sn56.129-130	S-v	2837	SN56.129-130	pettidevanirayādisutta		
sn56.130	S-v	2837	SN56.130	pañcagatipeyyālavagga	SN56.102-131	
sn56.131	S-v	2839	SN56.131	pettidevapettivisayasutta		
snp1	Sn	3	SNP1	uragasutta		SNP1.1
snp1.1	Sn	3	SNP1	uragasutta		SNP1.1
snp1.2	Sn	58	SNP2	dhaniyasutta		SNP1.2
snp1.3	Sn	125	SNP3	khaggavisāṇasutta		SNP1.3
snp1.4	Sn	250	SNP4	kasibhāradvājasutta		SNP1.4
snp1.5	Sn	282	SNP5	cundasutta		SNP1.5
snp1.6	Sn	312	SNP6	parābhavasutta		SNP1.6
snp1.7	Sn	390	SNP7	vasalasutta		SNP1.7
snp1.8	Sn	479	SNP8	mettasutta		SNP1.8
snp1.9	Sn	511	SNP9	hemavatasutta		SNP1.9
snp1.10	Sn	616	SNP10	āḷavakasutta		SNP1.10
snp1.11	Sn	660	SNP11	vijayasutta		SNP1.11
snp1.12	Sn	704	SNP12	munisutta		SNP1.12
snp2	Sn	58	SNP2	dhaniyasutta		SNP1.2
snp2.1	Sn	759	SNP13	ratanasutta		SNP2.1
snp2.2	Sn	826	SNP14	āmagandhasutta		SNP2.2
snp2.3	Sn	872	SNP15	hirisutta		SNP2.3
snp2.4	Sn	889	SNP16	maṅgalasutta		SNP2.4
snp2.5	Sn	928	SNP17	sūcilomasutta		SNP2.5
snp2.6	Sn	946	SNP18	dhammacariyasutta		SNP2.6
snp2.7	Sn	978	SNP19	brāhmaṇadhammikasutta		SNP2.7
snp2.8	Sn	1085	SNP20	nāvāsutta		SNP2.8
snp2.9	Sn	1111	SNP21	kiṃsīlasutta		SNP2.9
snp2.10	Sn	1136	SNP22	uṭṭhānasutta		SNP2.10
snp2.11	Sn	1151	SNP23	rāhulasutta		SNP2.11
snp2.12	Sn	1178	SNP24	nigrodhakappasutta		SNP2.12
snp2.13	Sn	1231	SNP25	sammāparibbājanīyasutta		SNP2.13
snp2.14	Sn	1288	SNP26	dhammikasutta		SNP2.14
snp3	Sn	125	SNP3	khaggavisāṇasutta		SNP1.3
snp3.1	Sn	1384	SNP27	pabbajjāsutta		SNP3.1
snp3.2	Sn	1447	SNP28	padhānasutta		SNP3.2
snp3.3	Sn	1525	SNP29	subhāsitasutta		SNP3.3
snp3.4	Sn	1545	SNP30	sundarikabhāradvājasutta		SNP3.4
snp3.5	Sn	1655	SNP31	māghasutta		SNP3.5
snp3.6	Sn	1742	SNP32	sabhiyasutta		SNP3.6
snp3.7	Sn	1900	SNP33	selasutta		SNP3.7
snp3.8	Sn	1996	SNP34	sallasutta		SNP3.8
snp3.9	Sn	2059	SNP35	vāseṭṭhasutta		SNP3.9
snp3.10	Sn	2261	SNP36	kokālikasutta		SNP3.10
snp3.11	Sn	2338	SNP37	nālakasutta		SNP3.11
snp3.12	Sn	2478	SNP38	dvayatānupassanāsutta		SNP3.12
snp4	Sn	250	SNP4	kasibhāradvājasutta		SNP1.4
snp4.1	Sn	2645	SNP39	kāmasutta		SNP4.1
snp4.2	Sn	2666	SNP40	guhaṭṭhakasutta		SNP4.2
snp4.3	Sn	2692	SNP41	duṭṭhaṭṭhakasutta		SNP4.3
snp4.4	Sn	2718	SNP42	suddhaṭṭhakasutta		SNP4.4
snp4.5	Sn	2744	SNP43	paramaṭṭhakasutta		SNP4.5
snp4.6	Sn	2770	SNP44	jarāsutta		SNP4.6
snp4.7	Sn	2802	SNP45	tissametteyyasutta		SNP4.7
snp4.8	Sn	2834	SNP46	pasūrasutta		SNP4.8
snp4.9	Sn	2869	SNP47	māgaṇḍiyasutta		SNP4.9
snp4.10	Sn	2925	SNP48	purābhedasutta		SNP4.10
snp4.11	Sn	2969	SNP49	kalahavivādasutta		SNP4.11
snp4.12	Sn	3025	SNP50	cūḷabyūhasutta		SNP4.12
snp4.13	Sn	3078	SNP51	mahābyūhasutta		SNP4.13
snp4.14	Sn	3140	SNP52	tuvaṭakasutta		SNP4.14
snp4.15	Sn	3204	SNP53	attadaṇḍasutta		SNP4.15
snp4.16	Sn	3267	SNP54	sāriputtasutta		SNP4.16
snp5	Sn	282	SNP5	cundasutta		SNP1.5
snp5.1	Sn	3345	SNP55	vatthugāthā		SNP5.1
snp5.2	Sn	3519	SNP56	ajitamāṇavapucchā		SNP5.2
snp5.3	Sn	3551	SNP57	tissametteyyamāṇavapucchā		SNP5.3
snp5.4	Sn	3565	SNP58	puṇṇakamāṇavapucchā		SNP5.4
snp5.5	Sn	3595	SNP59	mettagūmāṇavapucchā		SNP5.5
snp5.6	Sn	3638	SNP60	dhotakamāṇavapucchā		SNP5.6
snp5.7	Sn	3666	SNP61	upasīvamāṇavapucchā		SNP5.7
snp5.8	Sn	3698	SNP62	nandamāṇavapucchā		SNP5.8
snp5.9	Sn	3736	SNP63	hemakamāṇavapucchā		SNP5.9
snp5.10	Sn	3752	SNP64	todeyyamāṇavapucchā		SNP5.10
snp5.11	Sn	3768	SNP65	kappamāṇavapucchā		SNP5.11
snp5.12	Sn	3785	SNP66	jatukaṇṇimāṇavapucchā		SNP5.12
snp5.13	Sn	3804	SNP67	bhadrāvudhamāṇavapucchā		SNP5.13
snp5.14	Sn	3820	SNP68	udayamāṇavapucchā		SNP5.14
snp5.15	Sn	3844	SNP69	posālamāṇavapucchā		SNP5.15
snp5.16	Sn	3860	SNP70	mogharājamāṇavapucchā		SNP5.16
snp5.17	Sn	3876	SNP71	piṅgiyamāṇavapucchā		SNP5.17
snp5.18	Sn	3897	SNP72	pārāyanatthutigāthā		SNP5.18
snp5.19	Sn	3921	SNP73	pārāyanānugītigāthā		SNP5.19
snp6	Sn	312	SNP6	parābhavasutta		SNP1.6
snp7	Sn	390	SNP7	vasalasutta		SNP1.7
snp8	Sn	479	SNP8	mettasutta		SNP1.8
snp9	Sn	511	SNP9	hemavatasutta		SNP1.9
snp10	Sn	616	SNP10	āḷavakasutta		SNP1.10
snp11	Sn	660	SNP11	vijayasutta		SNP1.11
snp12	Sn	704	SNP12	munisutta		SNP1.12
snp13	Sn	759	SNP13	ratanasutta		SNP2.1
snp14	Sn	826	SNP14	āmagandhasutta		SNP2.2
snp15	Sn	872	SNP15	hirisutta		SNP2.3
snp16	Sn	889	SNP16	maṅgalasutta		SNP2.4
snp17	Sn	928	SNP17	sūcilomasutta		SNP2.5
snp18	Sn	946	SNP18	dhammacariyasutta		SNP2.6
snp19	Sn	978	SNP19	brāhmaṇadhammikasutta		SNP2.7
snp20	Sn	1085	SNP20	nāvāsutta		SNP2.8
snp21	Sn	1111	SNP21	kiṃsīlasutta		SNP2.9
snp22	Sn	1136	SNP22	uṭṭhānasutta		SNP2.10
snp23	Sn	1151	SNP23	rāhulasutta		SNP2.11
snp24	Sn	1178	SNP24	nigrodhakappasutta		SNP2.12
snp25	Sn	1231	SNP25	sammāparibbājanīyasutta		SNP2.13
snp26	Sn	1288	SNP26	dhammikasutta		SNP2.14
snp27	Sn	1384	SNP27	pabbajjāsutta		SNP3.1
snp28	Sn	1447	SNP28	padhānasutta		SNP3.2
snp29	Sn	1525	SNP29	subhāsitasutta		SNP3.3
snp30	Sn	1545	SNP30	sundarikabhāradvājasutta		SNP3.4
snp31	Sn	1655	SNP31	māghasutta		SNP3.5
snp32	Sn	1742	SNP32	sabhiyasutta		SNP3.6
snp33	Sn	1900	SNP33	selasutta		SNP3.7
snp34	Sn	1996	SNP34	sallasutta		SNP3.8
snp35	Sn	2059	SNP35	vāseṭṭhasutta		SNP3.9
snp36	Sn	2261	SNP36	kokālikasutta		SNP3.10
snp37	Sn	2338	SNP37	nālakasutta		SNP3.11
snp38	Sn	2478	SNP38	dvayatānupassanāsutta		SNP3.12
snp39	Sn	2645	SNP39	kāmasutta		SNP4.1
snp40	Sn	2666	SNP40	guhaṭṭhakasutta		SNP4.2
snp41	Sn	2692	SNP41	duṭṭhaṭṭhakasutta		SNP4.3
snp42	Sn	2718	SNP42	suddhaṭṭhakasutta		SNP4.4
snp43	Sn	2744	SNP43	paramaṭṭhakasutta		SNP4.5
snp44	Sn	2770	SNP44	jarāsutta		SNP4.6
snp45	Sn	2802	SNP45	tissametteyyasutta		SNP4.7
snp46	Sn	2834	SNP46	pasūrasutta		SNP4.8
snp47	Sn	2869	SNP47	māgaṇḍiyasutta		SNP4.9
snp48	Sn	2925	SNP48	purābhedasutta		SNP4.10
snp49	Sn	2969	SNP49	kalahavivādasutta		SNP4.11
snp50	Sn	3025	SNP50	cūḷabyūhasutta		SNP4.12
snp51	Sn	3078	SNP51	mahābyūhasutta		SNP4.13
snp52	Sn	3140	SNP52	tuvaṭakasutta		SNP4.14
snp53	Sn	3204	SNP53	attadaṇḍasutta		SNP4.15
snp54	Sn	3267	SNP54	sāriputtasutta		SNP4.16
snp55	Sn	3345	SNP55	vatthugāthā		SNP5.1
snp56	Sn	3519	SNP56	ajitamāṇavapucchā		SNP5.2
snp57	Sn	3551	SNP57	tissametteyyamāṇavapucchā		SNP5.3
snp58	Sn	3565	SNP58	puṇṇakamāṇavapucchā		SNP5.4
snp59	Sn	3595	SNP59	mettagūmāṇavapucchā		SNP5.5
snp60	Sn	3638	SNP60	dhotakamāṇavapucchā		SNP5.6
snp61	Sn	3666	SNP61	upasīvamāṇavapucchā		SNP5.7
snp62	Sn	3698	SNP62	nandamāṇavapucchā		SNP5.8
snp63	Sn	3736	SNP63	hemakamāṇavapucchā		SNP5.9
snp64	Sn	3752	SNP64	todeyyamāṇavapucchā		SNP5.10
snp65	Sn	3768	SNP65	kappamāṇavapucchā		SNP5.11
snp66	Sn	3785	SNP66	jatukaṇṇimāṇavapucchā		SNP5.12
snp67	Sn	3804	SNP67	bhadrāvudhamāṇavapucchā		SNP5.13
snp68	Sn	3820	SNP68	udayamāṇavapucchā		SNP5.14
snp69	Sn	3844	SNP69	posālamāṇavapucchā		SNP5.15
snp70	Sn	3860	SNP70	mogharājamāṇavapucchā		SNP5.16
snp71	Sn	3876	SNP71	piṅgiyamāṇavapucchā		SNP5.17
snp72	Sn	3897	SNP72	pārāyanatthutigāthā		SNP5.18
snp73	Sn	3921	SNP73	pārāyanānugītigāthā		SNP5.19
th1	Th	11	TH1	subhūtittheragāthā		THAG1.1
th1.1	Th	11	TH1	subhūtittheragāthā		THAG1.1
th1.2	Th	18	TH2	mahākoṭṭhikattheragāthā		THAG1.2
th1.3	Th	23	TH3	kaṅkhārevatattheragāthā		THAG1.3
th1.4	Th	28	TH4	puṇṇattheragāthā		THAG1.4
th1.5	Th	34	TH5	dabbattheragāthā		THAG1.5
th1.6	Th	39	TH6	sītavaniyattheragāthā		THAG1.6
th1.7	Th	44	TH7	bhalliyattheragāthā		THAG1.7
th1.8	Th	49	TH8	vīrattheragāthā		THAG1.8
th1.9	Th	54	TH9	pilindavacchattheragāthā		THAG1.9
th1.10	Th	59	TH10	puṇṇamāsattheragāthā		THAG1.10
th1.11	Th	69	TH11	cūḷavacchattheragāthā		THAG1.11
th1.12	Th	75	TH12	mahāvacchattheragāthā		THAG1.12
th1.13	Th	80	TH13	vanavacchattheragāthā		THAG1.13
th1.14	Th	85	TH14	sivakasāmaṇeragāthā		THAG1.14
th1.15	Th	91	TH15	kuṇḍadhānattheragāthā		THAG1.15
th1.16	Th	96	TH16	belaṭṭhasīsattheragāthā		THAG1.16
th1.17	Th	102	TH17	dāsakattheragāthā		THAG1.17
th1.18	Th	107	TH18	siṅgālapituttheragāthā		THAG1.18
th1.19	Th	113	TH19	kulattheragāthā		THAG1.19
th1.20	Th	118	TH20	ajitattheragāthā		THAG1.20
th1.21	Th	128	TH21	nigrodhattheragāthā		THAG1.21
th1.22	Th	134	TH22	cittakattheragāthā		THAG1.22
th1.23	Th	139	TH23	gosālattheragāthā		THAG1.23
th1.24	Th	145	TH24	sugandhattheragāthā		THAG1.24
th1.25	Th	150	TH25	nandiyattheragāthā		THAG1.25
th1.26	Th	155	TH26	abhayattheragāthā		THAG1.26
th1.27	Th	160	TH27	lomasakaṅgiyattheragāthā		THAG1.27
th1.28	Th	165	TH28	jambugāmikaputtattheragāthā		THAG1.28
th1.29	Th	170	TH29	hāritattheragāthā		THAG1.29
th1.30	Th	175	TH30	uttiyattheragāthā		THAG1.30
th1.31	Th	185	TH31	gahvaratīriyattheragāthā		THAG1.31
th1.32	Th	191	TH32	suppiyattheragāthā		THAG1.32
th1.33	Th	196	TH33	sopākattheragāthā		THAG1.33
th1.34	Th	201	TH34	posiyattheragāthā		THAG1.34
th1.35	Th	207	TH35	sāmaññakānittheragāthā		THAG1.35
th1.36	Th	212	TH36	kumāputtattheragāthā		THAG1.36
th1.37	Th	217	TH37	kumāputtasahāyakattheragāthā		THAG1.37
th1.38	Th	223	TH38	gavampatittheragāthā		THAG1.38
th1.39	Th	228	TH39	tissattheragāthā		THAG1.39
th1.40	Th	233	TH40	vaḍḍhamānattheragāthā		THAG1.40
th1.41	Th	243	TH41	sirivaḍḍhattheragāthā		THAG1.41
th1.42	Th	249	TH42	khadiravaniyattheragāthā		THAG1.42
th1.43	Th	254	TH43	sumaṅgalattheragāthā		THAG1.43
th1.44	Th	261	TH44	sānuttheragāthā		THAG1.44
th1.45	Th	266	TH45	ramaṇīyavihārittheragāthā		THAG1.45
th1.46	Th	271	TH46	samiddhittheragāthā		THAG1.46
th1.47	Th	277	TH47	ujjayattheragāthā		THAG1.47
th1.48	Th	282	TH48	sañjayattheragāthā		THAG1.48
th1.49	Th	287	TH49	rāmaṇeyyakattheragāthā		THAG1.49
th1.50	Th	292	TH50	vimalattheragāthā		THAG1.50
th1.51	Th	302	TH51	godhikattheragāthā		THAG1.51
th1.52	Th	308	TH52	subāhuttheragāthā		THAG1.52
th1.53	Th	313	TH53	valliyattheragāthā		THAG1.53
th1.54	Th	318	TH54	uttiyattheragāthā		THAG1.54
th1.55	Th	323	TH55	añjanavaniyattheragāthā		THAG1.55
th1.56	Th	328	TH56	kuṭivihārittheragāthā		THAG1.56
th1.57	Th	333	TH57	dutiyakuṭivihārittheragāthā		THAG1.57
th1.58	Th	338	TH58	ramaṇīyakuṭikattheragāthā		THAG1.58
th1.59	Th	343	TH59	kosalavihārittheragāthā		THAG1.59
th1.60	Th	348	TH60	sīvalittheragāthā		THAG1.60
th1.61	Th	358	TH61	vappattheragāthā		THAG1.61
th1.62	Th	364	TH62	vajjiputtattheragāthā		THAG1.62
th1.63	Th	369	TH63	pakkhattheragāthā		THAG1.63
th1.64	Th	374	TH64	vimalakoṇḍaññattheragāthā		THAG1.64
th1.65	Th	379	TH65	ukkhepakatavacchattheragāthā		THAG1.65
th1.66	Th	384	TH66	meghiyattheragāthā		THAG1.66
th1.67	Th	390	TH67	ekadhammasavanīyattheragāthā		THAG1.67
th1.68	Th	395	TH68	ekudāniyattheragāthā		THAG1.68
th1.69	Th	400	TH69	channattheragāthā		THAG1.69
th1.70	Th	405	TH70	puṇṇattheragāthā		THAG1.70
th1.71	Th	415	TH71	vacchapālattheragāthā		THAG1.71
th1.72	Th	421	TH72	ātumattheragāthā		THAG1.72
th1.73	Th	426	TH73	māṇavattheragāthā		THAG1.73
th1.74	Th	431	TH74	suyāmanattheragāthā		THAG1.74
th1.75	Th	436	TH75	susāradattheragāthā		THAG1.75
th1.76	Th	441	TH76	piyañjahattheragāthā		THAG1.76
th1.77	Th	446	TH77	hatthārohaputtattheragāthā		THAG1.77
th1.78	Th	451	TH78	meṇḍasirattheragāthā		THAG1.78
th1.79	Th	456	TH79	rakkhitattheragāthā		THAG1.79
th1.80	Th	461	TH80	uggattheragāthā		THAG1.80
th1.81	Th	471	TH81	samitiguttattheragāthā		THAG1.81
th1.82	Th	477	TH82	kassapattheragāthā		THAG1.82
th1.83	Th	482	TH83	sīhattheragāthā		THAG1.83
th1.84	Th	487	TH84	nītattheragāthā		THAG1.84
th1.85	Th	492	TH85	sunāgattheragāthā		THAG1.85
th1.86	Th	497	TH86	nāgitattheragāthā		THAG1.86
th1.87	Th	502	TH87	paviṭṭhattheragāthā		THAG1.87
th1.88	Th	507	TH88	ajjunattheragāthā		THAG1.88
th1.89	Th	512	TH89	devasabhattheragāthā		THAG1.89
th1.90	Th	517	TH90	sāmidattattheragāthā		THAG1.90
th1.91	Th	527	TH91	paripuṇṇakattheragāthā		THAG1.91
th1.92	Th	533	TH92	vijayattheragāthā		THAG1.92
th1.93	Th	539	TH93	erakattheragāthā		THAG1.93
th1.94	Th	545	TH94	mettajittheragāthā		THAG1.94
th1.95	Th	550	TH95	cakkhupālattheragāthā		THAG1.95
th1.96	Th	555	TH96	khaṇḍasumanattheragāthā		THAG1.96
th1.97	Th	560	TH97	tissattheragāthā		THAG1.97
th1.98	Th	565	TH98	abhayattheragāthā		THAG1.98
th1.99	Th	571	TH99	uttiyattheragāthā		THAG1.99
th1.100	Th	577	TH100	devasabhattheragāthā		THAG1.100
th1.101	Th	587	TH101	belaṭṭhānikattheragāthā		THAG1.101
th1.102	Th	593	TH102	setucchattheragāthā		THAG1.102
th1.103	Th	598	TH103	bandhurattheragāthā		THAG1.103
th1.104	Th	603	TH104	khitakattheragāthā		THAG1.104
th1.105	Th	608	TH105	malitavambhattheragāthā		THAG1.105
th1.106	Th	613	TH106	suhemantattheragāthā		THAG1.106
th1.107	Th	618	TH107	dhammasavattheragāthā		THAG1.107
th1.108	Th	623	TH108	dhammasavapituttheragāthā		THAG1.108
th1.109	Th	628	TH109	saṅgharakkhitattheragāthā		THAG1.109
th1.110	Th	633	TH110	usabhattheragāthā		THAG1.110
th1.111	Th	643	TH111	jentattheragāthā		THAG1.111
th1.112	Th	649	TH112	vacchagottattheragāthā		THAG1.112
th1.113	Th	654	TH113	vanavacchattheragāthā		THAG1.113
th1.114	Th	659	TH114	adhimuttattheragāthā		THAG1.114
th1.115	Th	664	TH115	mahānāmattheragāthā		THAG1.115
th1.116	Th	669	TH116	pārāpariyattheragāthā		THAG1.116
th1.117	Th	674	TH117	yasattheragāthā		THAG1.117
th1.118	Th	679	TH118	kimilattheragāthā		THAG1.118
th1.119	Th	684	TH119	vajjiputtattheragāthā		THAG1.119
th1.120	Th	689	TH120	isidattattheragāthā		THAG1.120
th2	Th	18	TH2	mahākoṭṭhikattheragāthā		THAG1.2
th2.1	Th	703	TH121	uttarattheragāthā		THAG2.1
th2.2	Th	713	TH122	piṇḍolabhāradvājattheragāthā		THAG2.2
th2.3	Th	721	TH123	valliyattheragāthā		THAG2.3
th2.4	Th	729	TH124	gaṅgātīriyattheragāthā		THAG2.4
th2.5	Th	737	TH125	ajinattheragāthā		THAG2.5
th2.6	Th	745	TH126	meḷajinattheragāthā		THAG2.6
th2.7	Th	753	TH127	rādhattheragāthā		THAG2.7
th2.8	Th	761	TH128	surādhattheragāthā		THAG2.8
th2.9	Th	769	TH129	gotamattheragāthā		THAG2.9
th2.10	Th	777	TH130	vasabhattheragāthā		THAG2.10
th2.11	Th	790	TH131	mahācundattheragāthā		THAG2.11
th2.12	Th	799	TH132	jotidāsattheragāthā		THAG2.12
th2.13	Th	808	TH133	heraññakānittheragāthā		THAG2.13
th2.14	Th	816	TH134	somamittattheragāthā		THAG2.14
th2.15	Th	825	TH135	sabbamittattheragāthā		THAG2.15
th2.16	Th	833	TH136	mahākāḷattheragāthā		THAG2.16
th2.17	Th	842	TH137	tissattheragāthā		THAG2.17
th2.18	Th	850	TH138	kimilattheragāthā		THAG2.18
th2.19	Th	858	TH139	nandattheragāthā		THAG2.19
th2.20	Th	866	TH140	sirimattheragāthā		THAG2.20
th2.21	Th	879	TH141	uttarattheragāthā		THAG2.21
th2.22	Th	888	TH142	bhaddajittheragāthā		THAG2.22
th2.23	Th	896	TH143	sobhitattheragāthā		THAG2.23
th2.24	Th	904	TH144	valliyattheragāthā		THAG2.24
th2.25	Th	912	TH145	vītasokattheragāthā		THAG2.25
th2.26	Th	920	TH146	puṇṇamāsattheragāthā		THAG2.26
th2.27	Th	928	TH147	nandakattheragāthā		THAG2.27
th2.28	Th	936	TH148	bharatattheragāthā		THAG2.28
th2.29	Th	944	TH149	bhāradvājattheragāthā		THAG2.29
th2.30	Th	952	TH150	kaṇhadinnattheragāthā		THAG2.30
th2.31	Th	965	TH151	migasirattheragāthā		THAG2.31
th2.32	Th	974	TH152	sivakattheragāthā		THAG2.32
th2.33	Th	983	TH153	upavāṇattheragāthā		THAG2.33
th2.34	Th	991	TH154	isidinnattheragāthā		THAG2.34
th2.35	Th	999	TH155	sambulakaccānattheragāthā		THAG2.35
th2.36	Th	1009	TH156	nitakattheragāthā		THAG2.36
th2.37	Th	1019	TH157	soṇapoṭiriyattheragāthā		THAG2.37
th2.38	Th	1027	TH158	nisabhattheragāthā		THAG2.38
th2.39	Th	1035	TH159	usabhattheragāthā		THAG2.39
th2.40	Th	1043	TH160	kappaṭakurattheragāthā		THAG2.40
th2.41	Th	1056	TH161	kumārakassapattheragāthā		THAG2.41
th2.42	Th	1066	TH162	dhammapālattheragāthā		THAG2.42
th2.43	Th	1074	TH163	brahmālittheragāthā		THAG2.43
th2.44	Th	1082	TH164	mogharājattheragāthā		THAG2.44
th2.45	Th	1090	TH165	visākhapañcālaputtattheragāthā		THAG2.45
th2.46	Th	1098	TH166	cūḷakattheragāthā		THAG2.46
th2.47	Th	1106	TH167	anūpamattheragāthā		THAG2.47
th2.48	Th	1114	TH168	vajjitattheragāthā		THAG2.48
th2.49	Th	1122	TH169	sandhitattheragāthā		THAG2.49
th3	Th	23	TH3	kaṅkhārevatattheragāthā		THAG1.3
th3.1	Th	1139	TH170	aṅgaṇikabhāradvājattheragāthā		THAG3.1
th3.2	Th	1151	TH171	paccayattheragāthā		THAG3.2
th3.3	Th	1162	TH172	bākulattheragāthā		THAG3.3
th3.4	Th	1173	TH173	dhaniyattheragāthā		THAG3.4
th3.5	Th	1184	TH174	mātaṅgaputtattheragāthā		THAG3.5
th3.6	Th	1195	TH175	khujjasobhitattheragāthā		THAG3.6
th3.7	Th	1206	TH176	vāraṇattheragāthā		THAG3.7
th3.8	Th	1217	TH177	vassikattheragāthā		THAG3.8
th3.9	Th	1228	TH178	yasojattheragāthā		THAG3.9
th3.10	Th	1239	TH179	sāṭimattiyattheragāthā		THAG3.10
th3.11	Th	1250	TH180	upālittheragāthā		THAG3.11
th3.12	Th	1261	TH181	uttarapālattheragāthā		THAG3.12
th3.13	Th	1272	TH182	abhibhūtattheragāthā		THAG3.13
th3.14	Th	1283	TH183	gotamattheragāthā		THAG3.14
th3.15	Th	1294	TH184	hāritattheragāthā		THAG3.15
th3.16	Th	1305	TH185	vimalattheragāthā		THAG3.16
th4	Th	28	TH4	puṇṇattheragāthā		THAG1.4
th4.1	Th	1325	TH186	nāgasamālattheragāthā		THAG4.1
th4.2	Th	1340	TH187	bhaguttheragāthā		THAG4.2
th4.3	Th	1354	TH188	sabhiyattheragāthā		THAG4.3
th4.4	Th	1368	TH189	nandakattheragāthā		THAG4.4
th4.5	Th	1382	TH190	jambukattheragāthā		THAG4.5
th4.6	Th	1396	TH191	senakattheragāthā		THAG4.6
th4.7	Th	1410	TH192	sambhūtattheragāthā		THAG4.7
th4.8	Th	1424	TH193	rāhulattheragāthā		THAG4.8
th4.9	Th	1438	TH194	candanattheragāthā		THAG4.9
th4.10	Th	1452	TH195	dhammikattheragāthā		THAG4.10
th4.11	Th	1467	TH196	sappakattheragāthā		THAG4.11
th4.12	Th	1483	TH197	muditattheragāthā		THAG4.12
th5	Th	34	TH5	dabbattheragāthā		THAG1.5
th5.1	Th	1504	TH198	rājadattattheragāthā		THAG5.1
th5.2	Th	1522	TH199	subhūtattheragāthā		THAG5.2
th5.3	Th	1539	TH200	girimānandattheragāthā		THAG5.3
th5.4	Th	1554	TH201	sumanattheragāthā		THAG5.4
th5.5	Th	1571	TH202	vaḍḍhattheragāthā		THAG5.5
th5.6	Th	1589	TH203	nadīkassapattheragāthā		THAG5.6
th5.7	Th	1606	TH204	gayākassapattheragāthā		THAG5.7
th5.8	Th	1623	TH205	vakkalittheragāthā		THAG5.8
th5.9	Th	1640	TH206	vijitasenattheragāthā		THAG5.9
th5.10	Th	1657	TH207	yasadattattheragāthā		THAG5.10
th5.11	Th	1675	TH208	soṇakuṭikaṇṇattheragāthā		THAG5.11
th5.12	Th	1692	TH209	kosiyattheragāthā		THAG5.12
th6	Th	39	TH6	sītavaniyattheragāthā		THAG1.6
th6.1	Th	1715	TH210	uruveḷakassapattheragāthā		THAG6.1
th6.2	Th	1736	TH211	tekicchakārittheragāthā		THAG6.2
th6.3	Th	1756	TH212	mahānāgattheragāthā		THAG6.3
th6.4	Th	1776	TH213	kullattheragāthā		THAG6.4
th6.5	Th	1796	TH214	mālukyaputtattheragāthā		THAG6.5
th6.6	Th	1817	TH215	sappadāsattheragāthā		THAG6.6
th6.7	Th	1837	TH216	kātiyānattheragāthā		THAG6.7
th6.8	Th	1858	TH217	migajālattheragāthā		THAG6.8
th6.9	Th	1879	TH218	purohitaputtajentattheragāthā		THAG6.9
th6.10	Th	1899	TH219	sumanattheragāthā		THAG6.10
th6.11	Th	1919	TH220	nhātakamunittheragāthā		THAG6.11
th6.12	Th	1939	TH221	brahmadattattheragāthā		THAG6.12
th6.13	Th	1959	TH222	sirimaṇḍattheragāthā		THAG6.13
th6.14	Th	1979	TH223	sabbakāmittheragāthā		THAG6.14
th7	Th	44	TH7	bhalliyattheragāthā		THAG1.7
th7.1	Th	2006	TH224	sundarasamuddattheragāthā		THAG7.1
th7.2	Th	2029	TH225	lakuṇḍakabhaddiyattheragāthā		THAG7.2
th7.3	Th	2052	TH226	bhaddattheragāthā		THAG7.3
th7.4	Th	2075	TH227	sopākattheragāthā		THAG7.4
th7.5	Th	2099	TH228	sarabhaṅgattheragāthā		THAG7.5
th8	Th	49	TH8	vīrattheragāthā		THAG1.8
th8.1	Th	2128	TH229	mahākaccāyanattheragāthā		THAG8.1
th8.2	Th	2156	TH230	sirimittattheragāthā		THAG8.2
th8.3	Th	2182	TH231	mahāpanthakattheragāthā		THAG8.3
th9	Th	54	TH9	pilindavacchattheragāthā		THAG1.9
th9.1	Th	2212	TH232	bhūtattheragāthā		THAG9.1
th10	Th	59	TH10	puṇṇamāsattheragāthā		THAG1.10
th10.1	Th	2246	TH233	kāḷudāyittheragāthā		THAG10.1
th10.2	Th	2280	TH234	ekavihāriyattheragāthā		THAG10.2
th10.3	Th	2312	TH235	mahākappinattheragāthā		THAG10.3
th10.4	Th	2345	TH236	cūḷapanthakattheragāthā		THAG10.4
th10.5	Th	2377	TH237	kappattheragāthā		THAG10.5
th10.6	Th	2409	TH238	vaṅgantaputtaupasenattheragāthā		THAG10.6
th10.7	Th	2441	TH239	aparagotamattheragāthā		THAG10.7
th11	Th	69	TH11	cūḷavacchattheragāthā		THAG1.11
th11.1	Th	2478	TH240	saṃkiccattheragāthā		THAG11.1
th12	Th	75	TH12	mahāvacchattheragāthā		THAG1.12
th12.1	Th	2518	TH241	sīlavattheragāthā		THAG12.1
th12.2	Th	2557	TH242	sunītattheragāthā		THAG12.2
th13	Th	80	TH13	vanavacchattheragāthā		THAG1.13
th13.1	Th	2600	TH243	soṇakoḷivisattheragāthā		THAG13.1
th14	Th	85	TH14	sivakasāmaṇeragāthā		THAG1.14
th14.1	Th	2648	TH244	khadiravaniyarevatattheragāthā		THAG14.1
th14.2	Th	2692	TH245	godattattheragāthā		THAG14.2
th15	Th	91	TH15	kuṇḍadhānattheragāthā		THAG1.15
th15.1	Th	2740	TH246	aññāsikoṇḍaññattheragāthā		THAG15.1
th15.2	Th	2789	TH247	udāyittheragāthā		THAG15.2
th16	Th	96	TH16	belaṭṭhasīsattheragāthā		THAG1.16
th16.1	Th	2843	TH248	adhimuttattheragāthā		THAG16.1
th16.2	Th	2909	TH249	pārāpariyattheragāthā		THAG16.2
th16.3	Th	2974	TH250	telakānittheragāthā		THAG16.3
th16.4	Th	3042	TH251	raṭṭhapālattheragāthā		THAG16.4
th16.5	Th	3119	TH252	mālukyaputtattheragāthā		THAG16.5
th16.6	Th	3205	TH253	selattheragāthā		THAG16.6
th16.7	Th	3279	TH254	kāḷigodhāputtabhaddiyattheragāthā		THAG16.7
th16.8	Th	3336	TH255	aṅgulimālattheragāthā		THAG16.8
th16.9	Th	3416	TH256	anuruddhattheragāthā		THAG16.9
th16.10	Th	3502	TH257	pārāpariyattheragāthā		THAG16.10
th17	Th	102	TH17	dāsakattheragāthā		THAG1.17
th17.1	Th	3597	TH258	phussattheragāthā		THAG17.1
th17.2	Th	3696	TH259	sāriputtattheragāthā		THAG17.2
th17.3	Th	3809	TH260	ānandattheragāthā		THAG17.3
th18	Th	107	TH18	siṅgālapituttheragāthā		THAG1.18
th18.1	Th	3921	TH261	mahākassapattheragāthā		THAG18.1
th19	Th	113	TH19	kulattheragāthā		THAG1.19
th19.1	Th	4051	TH262	tālapuṭattheragāthā		THAG19.1
th20	Th	118	TH20	ajitattheragāthā		THAG1.20
th20.1	Th	4223	TH263	mahāmoggallānattheragāthā		THAG20.1
th21	Th	128	TH21	nigrodhattheragāthā		THAG1.21
th21.1	Th	4440	TH264	vaṅgīsattheragāthā		THAG21.1
th22	Th	134	TH22	cittakattheragāthā		THAG1.22
th23	Th	139	TH23	gosālattheragāthā		THAG1.23
th24	Th	145	TH24	sugandhattheragāthā		THAG1.24
th25	Th	150	TH25	nandiyattheragāthā		THAG1.25
th26	Th	155	TH26	abhayattheragāthā		THAG1.26
th27	Th	160	TH27	lomasakaṅgiyattheragāthā		THAG1.27
th28	Th	165	TH28	jambugāmikaputtattheragāthā		THAG1.28
th29	Th	170	TH29	hāritattheragāthā		THAG1.29
th30	Th	175	TH30	uttiyattheragāthā		THAG1.30
th31	Th	185	TH31	gahvaratīriyattheragāthā		THAG1.31
th32	Th	191	TH32	suppiyattheragāthā		THAG1.32
th33	Th	196	TH33	sopākattheragāthā		THAG1.33
th34	Th	201	TH34	posiyattheragāthā		THAG1.34
th35	Th	207	TH35	sāmaññakānittheragāthā		THAG1.35
th36	Th	212	TH36	kumāputtattheragāthā		THAG1.36
th37	Th	217	TH37	kumāputtasahāyakattheragāthā		THAG1.37
th38	Th	223	TH38	gavampatittheragāthā		THAG1.38
th39	Th	228	TH39	tissattheragāthā		THAG1.39
th40	Th	233	TH40	vaḍḍhamānattheragāthā		THAG1.40
th41	Th	243	TH41	sirivaḍḍhattheragāthā		THAG1.41
th42	Th	249	TH42	khadiravaniyattheragāthā		THAG1.42
th43	Th	254	TH43	sumaṅgalattheragāthā		THAG1.43
th44	Th	261	TH44	sānuttheragāthā		THAG1.44
th45	Th	266	TH45	ramaṇīyavihārittheragāthā		THAG1.45
th46	Th	271	TH46	samiddhittheragāthā		THAG1.46
th47	Th	277	TH47	ujjayattheragāthā		THAG1.47
th48	Th	282	TH48	sañjayattheragāthā		THAG1.48
th49	Th	287	TH49	rāmaṇeyyakattheragāthā		THAG1.49
th50	Th	292	TH50	vimalattheragāthā		THAG1.50
th51	Th	302	TH51	godhikattheragāthā		THAG1.51
th52	Th	308	TH52	subāhuttheragāthā		THAG1.52
th53	Th	313	TH53	valliyattheragāthā		THAG1.53
th54	Th	318	TH54	uttiyattheragāthā		THAG1.54
th55	Th	323	TH55	añjanavaniyattheragāthā		THAG1.55
th56	Th	328	TH56	kuṭivihārittheragāthā		THAG1.56
th57	Th	333	TH57	dutiyakuṭivihārittheragāthā		THAG1.57
th58	Th	338	TH58	ramaṇīyakuṭikattheragāthā		THAG1.58
th59	Th	343	TH59	kosalavihārittheragāthā		THAG1.59
th60	Th	348	TH60	sīvalittheragāthā		THAG1.60
th61	Th	358	TH61	vappattheragāthā		THAG1.61
th62	Th	364	TH62	vajjiputtattheragāthā		THAG1.62
th63	Th	369	TH63	pakkhattheragāthā		THAG1.63
th64	Th	374	TH64	vimalakoṇḍaññattheragāthā		THAG1.64
th65	Th	379	TH65	ukkhepakatavacchattheragāthā		THAG1.65
th66	Th	384	TH66	meghiyattheragāthā		THAG1.66
th67	Th	390	TH67	ekadhammasavanīyattheragāthā		THAG1.67
th68	Th	395	TH68	ekudāniyattheragāthā		THAG1.68
th69	Th	400	TH69	channattheragāthā		THAG1.69
th70	Th	405	TH70	puṇṇattheragāthā		THAG1.70
th71	Th	415	TH71	vacchapālattheragāthā		THAG1.71
th72	Th	421	TH72	ātumattheragāthā		THAG1.72
th73	Th	426	TH73	māṇavattheragāthā		THAG1.73
th74	Th	431	TH74	suyāmanattheragāthā		THAG1.74
th75	Th	436	TH75	susāradattheragāthā		THAG1.75
th76	Th	441	TH76	piyañjahattheragāthā		THAG1.76
th77	Th	446	TH77	hatthārohaputtattheragāthā		THAG1.77
th78	Th	451	TH78	meṇḍasirattheragāthā		THAG1.78
th79	Th	456	TH79	rakkhitattheragāthā		THAG1.79
th80	Th	461	TH80	uggattheragāthā		THAG1.80
th81	Th	471	TH81	samitiguttattheragāthā		THAG1.81
th82	Th	477	TH82	kassapattheragāthā		THAG1.82
th83	Th	482	TH83	sīhattheragāthā		THAG1.83
th84	Th	487	TH84	nītattheragāthā		THAG1.84
th85	Th	492	TH85	sunāgattheragāthā		THAG1.85
th86	Th	497	TH86	nāgitattheragāthā		THAG1.86
th87	Th	502	TH87	paviṭṭhattheragāthā		THAG1.87
th88	Th	507	TH88	ajjunattheragāthā		THAG1.88
th89	Th	512	TH89	devasabhattheragāthā		THAG1.89
th90	Th	517	TH90	sāmidattattheragāthā		THAG1.90
th91	Th	527	TH91	paripuṇṇakattheragāthā		THAG1.91
th92	Th	533	TH92	vijayattheragāthā		THAG1.92
th93	Th	539	TH93	erakattheragāthā		THAG1.93
th94	Th	545	TH94	mettajittheragāthā		THAG1.94
th95	Th	550	TH95	cakkhupālattheragāthā		THAG1.95
th96	Th	555	TH96	khaṇḍasumanattheragāthā		THAG1.96
th97	Th	560	TH97	tissattheragāthā		THAG1.97
th98	Th	565	TH98	abhayattheragāthā		THAG1.98
th99	Th	571	TH99	uttiyattheragāthā		THAG1.99
th100	Th	577	TH100	devasabhattheragāthā		THAG1.100
th101	Th	587	TH101	belaṭṭhānikattheragāthā		THAG1.101
th102	Th	593	TH102	setucchattheragāthā		THAG1.102
th103	Th	598	TH103	bandhurattheragāthā		THAG1.103
th104	Th	603	TH104	khitakattheragāthā		THAG1.104
th105	Th	608	TH105	malitavambhattheragāthā		THAG1.105
th106	Th	613	TH106	suhemantattheragāthā		THAG1.106
th107	Th	618	TH107	dhammasavattheragāthā		THAG1.107
th108	Th	623	TH108	dhammasavapituttheragāthā		THAG1.108
th109	Th	628	TH109	saṅgharakkhitattheragāthā		THAG1.109
th110	Th	633	TH110	usabhattheragāthā		THAG1.110
th111	Th	643	TH111	jentattheragāthā		THAG1.111
th112	Th	649	TH112	vacchagottattheragāthā		THAG1.112
th113	Th	654	TH113	vanavacchattheragāthā		THAG1.113
th114	Th	659	TH114	adhimuttattheragāthā		THAG1.114
th115	Th	664	TH115	mahānāmattheragāthā		THAG1.115
th116	Th	669	TH116	pārāpariyattheragāthā		THAG1.116
th117	Th	674	TH117	yasattheragāthā		THAG1.117
th118	Th	679	TH118	kimilattheragāthā		THAG1.118
th119	Th	684	TH119	vajjiputtattheragāthā		THAG1.119
th120	Th	689	TH120	isidattattheragāthā		THAG1.120
th121	Th	703	TH121	uttarattheragāthā		THAG2.1
th122	Th	713	TH122	piṇḍolabhāradvājattheragāthā		THAG2.2
th123	Th	721	TH123	valliyattheragāthā		THAG2.3
th124	Th	729	TH124	gaṅgātīriyattheragāthā		THAG2.4
th125	Th	737	TH125	ajinattheragāthā		THAG2.5
th126	Th	745	TH126	meḷajinattheragāthā		THAG2.6
th127	Th	753	TH127	rādhattheragāthā		THAG2.7
th128	Th	761	TH128	surādhattheragāthā		THAG2.8
th129	Th	769	TH129	gotamattheragāthā		THAG2.9
th130	Th	777	TH130	vasabhattheragāthā		THAG2.10
th131	Th	790	TH131	mahācundattheragāthā		THAG2.11
th132	Th	799	TH132	jotidāsattheragāthā		THAG2.12
th133	Th	808	TH133	heraññakānittheragāthā		THAG2.13
th134	Th	816	TH134	somamittattheragāthā		THAG2.14
th135	Th	825	TH135	sabbamittattheragāthā		THAG2.15
th136	Th	833	TH136	mahākāḷattheragāthā		THAG2.16
th137	Th	842	TH137	tissattheragāthā		THAG2.17
th138	Th	850	TH138	kimilattheragāthā		THAG2.18
th139	Th	858	TH139	nandattheragāthā		THAG2.19
th140	Th	866	TH140	sirimattheragāthā		THAG2.20
th141	Th	879	TH141	uttarattheragāthā		THAG2.21
th142	Th	888	TH142	bhaddajittheragāthā		THAG2.22
th143	Th	896	TH143	sobhitattheragāthā		THAG2.23
th144	Th	904	TH144	valliyattheragāthā		THAG2.24
th145	Th	912	TH145	vītasokattheragāthā		THAG2.25
th146	Th	920	TH146	puṇṇamāsattheragāthā		THAG2.26
th147	Th	928	TH147	nandakattheragāthā		THAG2.27
th148	Th	936	TH148	bharatattheragāthā		THAG2.28
th149	Th	944	TH149	bhāradvājattheragāthā		THAG2.29
th150	Th	952	TH150	kaṇhadinnattheragāthā		THAG2.30
th151	Th	965	TH151	migasirattheragāthā		THAG2.31
th152	Th	974	TH152	sivakattheragāthā		THAG2.32
th153	Th	983	TH153	upavāṇattheragāthā		THAG2.33
th154	Th	991	TH154	isidinnattheragāthā		THAG2.34
th155	Th	999	TH155	sambulakaccānattheragāthā		THAG2.35
th156	Th	1009	TH156	nitakattheragāthā		THAG2.36
th157	Th	1019	TH157	soṇapoṭiriyattheragāthā		THAG2.37
th158	Th	1027	TH158	nisabhattheragāthā		THAG2.38
th159	Th	1035	TH159	usabhattheragāthā		THAG2.39
th160	Th	1043	TH160	kappaṭakurattheragāthā		THAG2.40
th161	Th	1056	TH161	kumārakassapattheragāthā		THAG2.41
th162	Th	1066	TH162	dhammapālattheragāthā		THAG2.42
th163	Th	1074	TH163	brahmālittheragāthā		THAG2.43
th164	Th	1082	TH164	mogharājattheragāthā		THAG2.44
th165	Th	1090	TH165	visākhapañcālaputtattheragāthā		THAG2.45
th166	Th	1098	TH166	cūḷakattheragāthā		THAG2.46
th167	Th	1106	TH167	anūpamattheragāthā		THAG2.47
th168	Th	1114	TH168	vajjitattheragāthā		THAG2.48
th169	Th	1122	TH169	sandhitattheragāthā		THAG2.49
th170	Th	1139	TH170	aṅgaṇikabhāradvājattheragāthā		THAG3.1
th171	Th	1151	TH171	paccayattheragāthā		THAG3.2
th172	Th	1162	TH172	bākulattheragāthā		THAG3.3
th173	Th	1173	TH173	dhaniyattheragāthā		THAG3.4
th174	Th	1184	TH174	mātaṅgaputtattheragāthā		THAG3.5
th175	Th	1195	TH175	khujjasobhitattheragāthā		THAG3.6
th176	Th	1206	TH176	vāraṇattheragāthā		THAG3.7
th177	Th	1217	TH177	vassikattheragāthā		THAG3.8
th178	Th	1228	TH178	yasojattheragāthā		THAG3.9
th179	Th	1239	TH179	sāṭimattiyattheragāthā		THAG3.10
th180	Th	1250	TH180	upālittheragāthā		THAG3.11
th181	Th	1261	TH181	uttarapālattheragāthā		THAG3.12
th182	Th	1272	TH182	abhibhūtattheragāthā		THAG3.13
th183	Th	1283	TH183	gotamattheragāthā		THAG3.14
th184	Th	1294	TH184	hāritattheragāthā		THAG3.15
th185	Th	1305	TH185	vimalattheragāthā		THAG3.16
th186	Th	1325	TH186	nāgasamālattheragāthā		THAG4.1
th187	Th	1340	TH187	bhaguttheragāthā		THAG4.2
th188	Th	1354	TH188	sabhiyattheragāthā		THAG4.3
th189	Th	1368	TH189	nandakattheragāthā		THAG4.4
th190	Th	1382	TH190	jambukattheragāthā		THAG4.5
th191	Th	1396	TH191	senakattheragāthā		THAG4.6
th192	Th	1410	TH192	sambhūtattheragāthā		THAG4.7
th193	Th	1424	TH193	rāhulattheragāthā		THAG4.8
th194	Th	1438	TH194	candanattheragāthā		THAG4.9
th195	Th	1452	TH195	dhammikattheragāthā		THAG4.10
th196	Th	1467	TH196	sappakattheragāthā		THAG4.11
th197	Th	1483	TH197	muditattheragāthā		THAG4.12
th198	Th	1504	TH198	rājadattattheragāthā		THAG5.1
th199	Th	1522	TH199	subhūtattheragāthā		THAG5.2
th200	Th	1539	TH200	girimānandattheragāthā		THAG5.3
th201	Th	1554	TH201	sumanattheragāthā		THAG5.4
th202	Th	1571	TH202	vaḍḍhattheragāthā		THAG5.5
th203	Th	1589	TH203	nadīkassapattheragāthā		THAG5.6
th204	Th	1606	TH204	gayākassapattheragāthā		THAG5.7
th205	Th	1623	TH205	vakkalittheragāthā		THAG5.8
th206	Th	1640	TH206	vijitasenattheragāthā		THAG5.9
th207	Th	1657	TH207	yasadattattheragāthā		THAG5.10
th208	Th	1675	TH208	soṇakuṭikaṇṇattheragāthā		THAG5.11
th209	Th	1692	TH209	kosiyattheragāthā		THAG5.12
th210	Th	1715	TH210	uruveḷakassapattheragāthā		THAG6.1
th211	Th	1736	TH211	tekicchakārittheragāthā		THAG6.2
th212	Th	1756	TH212	mahānāgattheragāthā		THAG6.3
th213	Th	1776	TH213	kullattheragāthā		THAG6.4
th214	Th	1796	TH214	mālukyaputtattheragāthā		THAG6.5
th215	Th	1817	TH215	sappadāsattheragāthā		THAG6.6
th216	Th	1837	TH216	kātiyānattheragāthā		THAG6.7
th217	Th	1858	TH217	migajālattheragāthā		THAG6.8
th218	Th	1879	TH218	purohitaputtajentattheragāthā		THAG6.9
th219	Th	1899	TH219	sumanattheragāthā		THAG6.10
th220	Th	1919	TH220	nhātakamunittheragāthā		THAG6.11
th221	Th	1939	TH221	brahmadattattheragāthā		THAG6.12
th222	Th	1959	TH222	sirimaṇḍattheragāthā		THAG6.13
th223	Th	1979	TH223	sabbakāmittheragāthā		THAG6.14
th224	Th	2006	TH224	sundarasamuddattheragāthā		THAG7.1
th225	Th	2029	TH225	lakuṇḍakabhaddiyattheragāthā		THAG7.2
th226	Th	2052	TH226	bhaddattheragāthā		THAG7.3
th227	Th	2075	TH227	sopākattheragāthā		THAG7.4
th228	Th	2099	TH228	sarabhaṅgattheragāthā		THAG7.5
th229	Th	2128	TH229	mahākaccāyanattheragāthā		THAG8.1
th230	Th	2156	TH230	sirimittattheragāthā		THAG8.2
th231	Th	2182	TH231	mahāpanthakattheragāthā		THAG8.3
th232	Th	2212	TH232	bhūtattheragāthā		THAG9.1
th233	Th	2246	TH233	kāḷudāyittheragāthā		THAG10.1
th234	Th	2280	TH234	ekavihāriyattheragāthā		THAG10.2
th235	Th	2312	TH235	mahākappinattheragāthā		THAG10.3
th236	Th	2345	TH236	cūḷapanthakattheragāthā		THAG10.4
th237	Th	2377	TH237	kappattheragāthā		THAG10.5
th238	Th	2409	TH238	vaṅgantaputtaupasenattheragāthā		THAG10.6
th239	Th	2441	TH239	aparagotamattheragāthā		THAG10.7
th240	Th	2478	TH240	saṃkiccattheragāthā		THAG11.1
th241	Th	2518	TH241	sīlavattheragāthā		THAG12.1
th242	Th	2557	TH242	sunītattheragāthā		THAG12.2
th243	Th	2600	TH243	soṇakoḷivisattheragāthā		THAG13.1
th244	Th	2648	TH244	khadiravaniyarevatattheragāthā		THAG14.1
th245	Th	2692	TH245	godattattheragāthā		THAG14.2
th246	Th	2740	TH246	aññāsikoṇḍaññattheragāthā		THAG15.1
th247	Th	2789	TH247	udāyittheragāthā		THAG15.2
th248	Th	2843	TH248	adhimuttattheragāthā		THAG16.1
th249	Th	2909	TH249	pārāpariyattheragāthā		THAG16.2
th250	Th	2974	TH250	telakānittheragāthā		THAG16.3
th251	Th	3042	TH251	raṭṭhapālattheragāthā		THAG16.4
th252	Th	3119	TH252	mālukyaputtattheragāthā		THAG16.5
th253	Th	3205	TH253	selattheragāthā		THAG16.6
th254	Th	3279	TH254	kāḷigodhāputtabhaddiyattheragāthā		THAG16.7
th255	Th	3336	TH255	aṅgulimālattheragāthā		THAG16.8
th256	Th	3416	TH256	anuruddhattheragāthā		THAG16.9
th257	Th	3502	TH257	pārāpariyattheragāthā		THAG16.10
th258	Th	3597	TH258	phussattheragāthā		THAG17.1
th259	Th	3696	TH259	sāriputtattheragāthā		THAG17.2
th260	Th	3809	TH260	ānandattheragāthā		THAG17.3
th261	Th	3921	TH261	mahākassapattheragāthā		THAG18.1
th262	Th	4051	TH262	tālapuṭattheragāthā		THAG19.1
th263	Th	4223	TH263	mahāmoggallānattheragāthā		THAG20.1
th264	Th	4440	TH264	vaṅgīsattheragāthā		THAG21.1
thag1.1	Th	11	TH1	subhūtittheragāthā		THAG1.1
thag1.2	Th	18	TH2	mahākoṭṭhikattheragāthā		THAG1.2
thag1.3	Th	23	TH3	kaṅkhārevatattheragāthā		THAG1.3
thag1.4	Th	28	TH4	puṇṇattheragāthā		THAG1.4
thag1.5	Th	34	TH5	dabbattheragāthā		THAG1.5
thag1.6	Th	39	TH6	sītavaniyattheragāthā		THAG1.6
thag1.7	Th	44	TH7	bhalliyattheragāthā		THAG1.7
thag1.8	Th	49	TH8	vīrattheragāthā		THAG1.8
thag1.9	Th	54	TH9	pilindavacchattheragāthā		THAG1.9
thag1.10	Th	59	TH10	puṇṇamāsattheragāthā		THAG1.10
thag1.11	Th	69	TH11	cūḷavacchattheragāthā		THAG1.11
thag1.12	Th	75	TH12	mahāvacchattheragāthā		THAG1.12
thag1.13	Th	80	TH13	vanavacchattheragāthā		THAG1.13
thag1.14	Th	85	TH14	sivakasāmaṇeragāthā		THAG1.14
thag1.15	Th	91	TH15	kuṇḍadhānattheragāthā		THAG1.15
thag1.16	Th	96	TH16	belaṭṭhasīsattheragāthā		THAG1.16
thag1.17	Th	102	TH17	dāsakattheragāthā		THAG1.17
thag1.18	Th	107	TH18	siṅgālapituttheragāthā		THAG1.18
thag1.19	Th	113	TH19	kulattheragāthā		THAG1.19
thag1.20	Th	118	TH20	ajitattheragāthā		THAG1.20
thag1.21	Th	128	TH21	nigrodhattheragāthā		THAG1.21
thag1.22	Th	134	TH22	cittakattheragāthā		THAG1.22
thag1.23	Th	139	TH23	gosālattheragāthā		THAG1.23
thag1.24	Th	145	TH24	sugandhattheragāthā		THAG1.24
thag1.25	Th	150	TH25	nandiyattheragāthā		THAG1.25
thag1.26	Th	155	TH26	abhayattheragāthā		THAG1.26
thag1.27	Th	160	TH27	lomasakaṅgiyattheragāthā		THAG1.27
thag1.28	Th	165	TH28	jambugāmikaputtattheragāthā		THAG1.28
thag1.29	Th	170	TH29	hāritattheragāthā		THAG1.29
thag1.30	Th	175	TH30	uttiyattheragāthā		THAG1.30
thag1.31	Th	185	TH31	gahvaratīriyattheragāthā		THAG1.31
thag1.32	Th	191	TH32	suppiyattheragāthā		THAG1.32
thag1.33	Th	196	TH33	sopākattheragāthā		THAG1.33
thag1.34	Th	201	TH34	posiyattheragāthā		THAG1.34
thag1.35	Th	207	TH35	sāmaññakānittheragāthā		THAG1.35
thag1.36	Th	212	TH36	kumāputtattheragāthā		THAG1.36
thag1.37	Th	217	TH37	kumāputtasahāyakattheragāthā		THAG1.37
thag1.38	Th	223	TH38	gavampatittheragāthā		THAG1.38
thag1.39	Th	228	TH39	tissattheragāthā		THAG1.39
thag1.40	Th	233	TH40	vaḍḍhamānattheragāthā		THAG1.40
thag1.41	Th	243	TH41	sirivaḍḍhattheragāthā		THAG1.41
thag1.42	Th	249	TH42	khadiravaniyattheragāthā		THAG1.42
thag1.43	Th	254	TH43	sumaṅgalattheragāthā		THAG1.43
thag1.44	Th	261	TH44	sānuttheragāthā		THAG1.44
thag1.45	Th	266	TH45	ramaṇīyavihārittheragāthā		THAG1.45
thag1.46	Th	271	TH46	samiddhittheragāthā		THAG1.46
thag1.47	Th	277	TH47	ujjayattheragāthā		THAG1.47
thag1.48	Th	282	TH48	sañjayattheragāthā		THAG1.48
thag1.49	Th	287	TH49	rāmaṇeyyakattheragāthā		THAG1.49
thag1.50	Th	292	TH50	vimalattheragāthā		THAG1.50
thag1.51	Th	302	TH51	godhikattheragāthā		THAG1.51
thag1.52	Th	308	TH52	subāhuttheragāthā		THAG1.52
thag1.53	Th	313	TH53	valliyattheragāthā		THAG1.53
thag1.54	Th	318	TH54	uttiyattheragāthā		THAG1.54
thag1.55	Th	323	TH55	añjanavaniyattheragāthā		THAG1.55
thag1.56	Th	328	TH56	kuṭivihārittheragāthā		THAG1.56
thag1.57	Th	333	TH57	dutiyakuṭivihārittheragāthā		THAG1.57
thag1.58	Th	338	TH58	ramaṇīyakuṭikattheragāthā		THAG1.58
thag1.59	Th	343	TH59	kosalavihārittheragāthā		THAG1.59
thag1.60	Th	348	TH60	sīvalittheragāthā		THAG1.60
thag1.61	Th	358	TH61	vappattheragāthā		THAG1.61
thag1.62	Th	364	TH62	vajjiputtattheragāthā		THAG1.62
thag1.63	Th	369	TH63	pakkhattheragāthā		THAG1.63
thag1.64	Th	374	TH64	vimalakoṇḍaññattheragāthā		THAG1.64
thag1.65	Th	379	TH65	ukkhepakatavacchattheragāthā		THAG1.65
thag1.66	Th	384	TH66	meghiyattheragāthā		THAG1.66
thag1.67	Th	390	TH67	ekadhammasavanīyattheragāthā		THAG1.67
thag1.68	Th	395	TH68	ekudāniyattheragāthā		THAG1.68
thag1.69	Th	400	TH69	channattheragāthā		THAG1.69
thag1.70	Th	405	TH70	puṇṇattheragāthā		THAG1.70
thag1.71	Th	415	TH71	vacchapālattheragāthā		THAG1.71
thag1.72	Th	421	TH72	ātumattheragāthā		THAG1.72
thag1.73	Th	426	TH73	māṇavattheragāthā		THAG1.73
thag1.74	Th	431	TH74	suyāmanattheragāthā		THAG1.74
thag1.75	Th	436	TH75	susāradattheragāthā		THAG1.75
thag1.76	Th	441	TH76	piyañjahattheragāthā		THAG1.76
thag1.77	Th	446	TH77	hatthārohaputtattheragāthā		THAG1.77
thag1.78	Th	451	TH78	meṇḍasirattheragāthā		THAG1.78
thag1.79	Th	456	TH79	rakkhitattheragāthā		THAG1.79
thag1.80	Th	461	TH80	uggattheragāthā		THAG1.80
thag1.81	Th	471	TH81	samitiguttattheragāthā		THAG1.81
thag1.82	Th	477	TH82	kassapattheragāthā		THAG1.82
thag1.83	Th	482	TH83	sīhattheragāthā		THAG1.83
thag1.84	Th	487	TH84	nītattheragāthā		THAG1.84
thag1.85	Th	492	TH85	sunāgattheragāthā		THAG1.85
thag1.86	Th	497	TH86	nāgitattheragāthā		THAG1.86
thag1.87	Th	502	TH87	paviṭṭhattheragāthā		THAG1.87
thag1.88	Th	507	TH88	ajjunattheragāthā		THAG1.88
thag1.89	Th	512	TH89	devasabhattheragāthā		THAG1.89
thag1.90	Th	517	TH90	sāmidattattheragāthā		THAG1.90
thag1.91	Th	527	TH91	paripuṇṇakattheragāthā		THAG1.91
thag1.92	Th	533	TH92	vijayattheragāthā		THAG1.92
thag1.93	Th	539	TH93	erakattheragāthā		THAG1.93
thag1.94	Th	545	TH94	mettajittheragāthā		THAG1.94
thag1.95	Th	550	TH95	cakkhupālattheragāthā		THAG1.95
thag1.96	Th	555	TH96	khaṇḍasumanattheragāthā		THAG1.96
thag1.97	Th	560	TH97	tissattheragāthā		THAG1.97
thag1.98	Th	565	TH98	abhayattheragāthā		THAG1.98
thag1.99	Th	571	TH99	uttiyattheragāthā		THAG1.99
thag1.100	Th	577	TH100	devasabhattheragāthā		THAG1.100
thag1.101	Th	587	TH101	belaṭṭhānikattheragāthā		THAG1.101
thag1.102	Th	593	TH102	setucchattheragāthā		THAG1.102
thag1.103	Th	598	TH103	bandhurattheragāthā		THAG1.103
thag1.104	Th	603	TH104	khitakattheragāthā		THAG1.104
thag1.105	Th	608	TH105	malitavambhattheragāthā		THAG1.105
thag1.106	Th	613	TH106	suhemantattheragāthā		THAG1.106
thag1.107	Th	618	TH107	dhammasavattheragāthā		THAG1.107
thag1.108	Th	623	TH108	dhammasavapituttheragāthā		THAG1.108
thag1.109	Th	628	TH109	saṅgharakkhitattheragāthā		THAG1.109
thag1.110	Th	633	TH110	usabhattheragāthā		THAG1.110
thag1.111	Th	643	TH111	jentattheragāthā		THAG1.111
thag1.112	Th	649	TH112	vacchagottattheragāthā		THAG1.112
thag1.113	Th	654	TH113	vanavacchattheragāthā		THAG1.113
thag1.114	Th	659	TH114	adhimuttattheragāthā		THAG1.114
thag1.115	Th	664	TH115	mahānāmattheragāthā		THAG1.115
thag1.116	Th	669	TH116	pārāpariyattheragāthā		THAG1.116
thag1.117	Th	674	TH117	yasattheragāthā		THAG1.117
thag1.118	Th	679	TH118	kimilattheragāthā		THAG1.118
thag1.119	Th	684	TH119	vajjiputtattheragāthā		THAG1.119
thag1.120	Th	689	TH120	isidattattheragāthā		THAG1.120
thag2.1	Th	703	TH121	uttarattheragāthā		THAG2.1
thag2.2	Th	713	TH122	piṇḍolabhāradvājattheragāthā		THAG2.2
thag2.3	Th	721	TH123	valliyattheragāthā		THAG2.3
thag2.4	Th	729	TH124	gaṅgātīriyattheragāthā		THAG2.4
thag2.5	Th	737	TH125	ajinattheragāthā		THAG2.5
thag2.6	Th	745	TH126	meḷajinattheragāthā		THAG2.6
thag2.7	Th	753	TH127	rādhattheragāthā		THAG2.7
thag2.8	Th	761	TH128	surādhattheragāthā		THAG2.8
thag2.9	Th	769	TH129	gotamattheragāthā		THAG2.9
thag2.10	Th	777	TH130	vasabhattheragāthā		THAG2.10
thag2.11	Th	790	TH131	mahācundattheragāthā		THAG2.11
thag2.12	Th	799	TH132	jotidāsattheragāthā		THAG2.12
thag2.13	Th	808	TH133	heraññakānittheragāthā		THAG2.13
thag2.14	Th	816	TH134	somamittattheragāthā		THAG2.14
thag2.15	Th	825	TH135	sabbamittattheragāthā		THAG2.15
thag2.16	Th	833	TH136	mahākāḷattheragāthā		THAG2.16
thag2.17	Th	842	TH137	tissattheragāthā		THAG2.17
thag2.18	Th	850	TH138	kimilattheragāthā		THAG2.18
thag2.19	Th	858	TH139	nandattheragāthā		THAG2.19
thag2.20	Th	866	TH140	sirimattheragāthā		THAG2.20
thag2.21	Th	879	TH141	uttarattheragāthā		THAG2.21
thag2.22	Th	888	TH142	bhaddajittheragāthā		THAG2.22
thag2.23	Th	896	TH143	sobhitattheragāthā		THAG2.23
thag2.24	Th	904	TH144	valliyattheragāthā		THAG2.24
thag2.25	Th	912	TH145	vītasokattheragāthā		THAG2.25
thag2.26	Th	920	TH146	puṇṇamāsattheragāthā		THAG2.26
thag2.27	Th	928	TH147	nandakattheragāthā		THAG2.27
thag2.28	Th	936	TH148	bharatattheragāthā		THAG2.28
thag2.29	Th	944	TH149	bhāradvājattheragāthā		THAG2.29
thag2.30	Th	952	TH150	kaṇhadinnattheragāthā		THAG2.30
thag2.31	Th	965	TH151	migasirattheragāthā		THAG2.31
thag2.32	Th	974	TH152	sivakattheragāthā		THAG2.32
thag2.33	Th	983	TH153	upavāṇattheragāthā		THAG2.33
thag2.34	Th	991	TH154	isidinnattheragāthā		THAG2.34
thag2.35	Th	999	TH155	sambulakaccānattheragāthā		THAG2.35
thag2.36	Th	1009	TH156	nitakattheragāthā		THAG2.36
thag2.37	Th	1019	TH157	soṇapoṭiriyattheragāthā		THAG2.37
thag2.38	Th	1027	TH158	nisabhattheragāthā		THAG2.38
thag2.39	Th	1035	TH159	usabhattheragāthā		THAG2.39
thag2.40	Th	1043	TH160	kappaṭakurattheragāthā		THAG2.40
thag2.41	Th	1056	TH161	kumārakassapattheragāthā		THAG2.41
thag2.42	Th	1066	TH162	dhammapālattheragāthā		THAG2.42
thag2.43	Th	1074	TH163	brahmālittheragāthā		THAG2.43
thag2.44	Th	1082	TH164	mogharājattheragāthā		THAG2.44
thag2.45	Th	1090	TH165	visākhapañcālaputtattheragāthā		THAG2.45
thag2.46	Th	1098	TH166	cūḷakattheragāthā		THAG2.46
thag2.47	Th	1106	TH167	anūpamattheragāthā		THAG2.47
thag2.48	Th	1114	TH168	vajjitattheragāthā		THAG2.48
thag2.49	Th	1122	TH169	sandhitattheragāthā		THAG2.49
thag3.1	Th	1139	TH170	aṅgaṇikabhāradvājattheragāthā		THAG3.1
thag3.2	Th	1151	TH171	paccayattheragāthā		THAG3.2
thag3.3	Th	1162	TH172	bākulattheragāthā		THAG3.3
thag3.4	Th	1173	TH173	dhaniyattheragāthā		THAG3.4
thag3.5	Th	1184	TH174	mātaṅgaputtattheragāthā		THAG3.5
thag3.6	Th	1195	TH175	khujjasobhitattheragāthā		THAG3.6
thag3.7	Th	1206	TH176	vāraṇattheragāthā		THAG3.7
thag3.8	Th	1217	TH177	vassikattheragāthā		THAG3.8
thag3.9	Th	1228	TH178	yasojattheragāthā		THAG3.9
thag3.10	Th	1239	TH179	sāṭimattiyattheragāthā		THAG3.10
thag3.11	Th	1250	TH180	upālittheragāthā		THAG3.11
thag3.12	Th	1261	TH181	uttarapālattheragāthā		THAG3.12
thag3.13	Th	1272	TH182	abhibhūtattheragāthā		THAG3.13
thag3.14	Th	1283	TH183	gotamattheragāthā		THAG3.14
thag3.15	Th	1294	TH184	hāritattheragāthā		THAG3.15
thag3.16	Th	1305	TH185	vimalattheragāthā		THAG3.16
thag4.1	Th	1325	TH186	nāgasamālattheragāthā		THAG4.1
thag4.2	Th	1340	TH187	bhaguttheragāthā		THAG4.2
thag4.3	Th	1354	TH188	sabhiyattheragāthā		THAG4.3
thag4.4	Th	1368	TH189	nandakattheragāthā		THAG4.4
thag4.5	Th	1382	TH190	jambukattheragāthā		THAG4.5
thag4.6	Th	1396	TH191	senakattheragāthā		THAG4.6
thag4.7	Th	1410	TH192	sambhūtattheragāthā		THAG4.7
thag4.8	Th	1424	TH193	rāhulattheragāthā		THAG4.8
thag4.9	Th	1438	TH194	candanattheragāthā		THAG4.9
thag4.10	Th	1452	TH195	dhammikattheragāthā		THAG4.10
thag4.11	Th	1467	TH196	sappakattheragāthā		THAG4.11
thag4.12	Th	1483	TH197	muditattheragāthā		THAG4.12
thag5.1	Th	1504	TH198	rājadattattheragāthā		THAG5.1
thag5.2	Th	1522	TH199	subhūtattheragāthā		THAG5.2
thag5.3	Th	1539	TH200	girimānandattheragāthā		THAG5.3
thag5.4	Th	1554	TH201	sumanattheragāthā		THAG5.4
thag5.5	Th	1571	TH202	vaḍḍhattheragāthā		THAG5.5
thag5.6	Th	1589	TH203	nadīkassapattheragāthā		THAG5.6
thag5.7	Th	1606	TH204	gayākassapattheragāthā		THAG5.7
thag5.8	Th	1623	TH205	vakkalittheragāthā		THAG5.8
thag5.9	Th	1640	TH206	vijitasenattheragāthā		THAG5.9
thag5.10	Th	1657	TH207	yasadattattheragāthā		THAG5.10
thag5.11	Th	1675	TH208	soṇakuṭikaṇṇattheragāthā		THAG5.11
thag5.12	Th	1692	TH209	kosiyattheragāthā		THAG5.12
thag6.1	Th	1715	TH210	uruveḷakassapattheragāthā		THAG6.1
thag6.2	Th	1736	TH211	tekicchakārittheragāthā		THAG6.2
thag6.3	Th	1756	TH212	mahānāgattheragāthā		THAG6.3
thag6.4	Th	1776	TH213	kullattheragāthā		THAG6.4
thag6.5	Th	1796	TH214	mālukyaputtattheragāthā		THAG6.5
thag6.6	Th	1817	TH215	sappadāsattheragāthā		THAG6.6
thag6.7	Th	1837	TH216	kātiyānattheragāthā		THAG6.7
thag6.8	Th	1858	TH217	migajālattheragāthā		THAG6.8
thag6.9	Th	1879	TH218	purohitaputtajentattheragāthā		THAG6.9
thag6.10	Th	1899	TH219	sumanattheragāthā		THAG6.10
thag6.11	Th	1919	TH220	nhātakamunittheragāthā		THAG6.11
thag6.12	Th	1939	TH221	brahmadattattheragāthā		THAG6.12
thag6.13	Th	1959	TH222	sirimaṇḍattheragāthā		THAG6.13
thag6.14	Th	1979	TH223	sabbakāmittheragāthā		THAG6.14
thag7.1	Th	2006	TH224	sundarasamuddattheragāthā		THAG7.1
thag7.2	Th	2029	TH225	lakuṇḍakabhaddiyattheragāthā		THAG7.2
thag7.3	Th	2052	TH226	bhaddattheragāthā		THAG7.3
thag7.4	Th	2075	TH227	sopākattheragāthā		THAG7.4
thag7.5	Th	2099	TH228	sarabhaṅgattheragāthā		THAG7.5
thag8.1	Th	2128	TH229	mahākaccāyanattheragāthā		THAG8.1
thag8.2	Th	2156	TH230	sirimittattheragāthā		THAG8.2
thag8.3	Th	2182	TH231	mahāpanthakattheragāthā		THAG8.3
thag9.1	Th	2212	TH232	bhūtattheragāthā		THAG9.1
thag10.1	Th	2246	TH233	kāḷudāyittheragāthā		THAG10.1
thag10.2	Th	2280	TH234	ekavihāriyattheragāthā		THAG10.2
thag10.3	Th	2312	TH235	mahākappinattheragāthā		THAG10.3
thag10.4	Th	2345	TH236	cūḷapanthakattheragāthā		THAG10.4
thag10.5	Th	2377	TH237	kappattheragāthā		THAG10.5
thag10.6	Th	2409	TH238	vaṅgantaputtaupasenattheragāthā		THAG10.6
thag10.7	Th	2441	TH239	aparagotamattheragāthā		THAG10.7
thag11.1	Th	2478	TH240	saṃkiccattheragāthā		THAG11.1
thag12.1	Th	2518	TH241	sīlavattheragāthā		THAG12.1
thag12.2	Th	2557	TH242	sunītattheragāthā		THAG12.2
thag13.1	Th	2600	TH243	soṇakoḷivisattheragāthā		THAG13.1
thag14.1	Th	2648	TH244	khadiravaniyarevatattheragāthā		THAG14.1
thag14.2	Th	2692	TH245	godattattheragāthā		THAG14.2
thag15.1	Th	2740	TH246	aññāsikoṇḍaññattheragāthā		THAG15.1
thag15.2	Th	2789	TH247	udāyittheragāthā		THAG15.2
thag16.1	Th	2843	TH248	adhimuttattheragāthā		THAG16.1
thag16.2	Th	2909	TH249	pārāpariyattheragāthā		THAG16.2
thag16.3	Th	2974	TH250	telakānittheragāthā		THAG16.3
thag16.4	Th	3042	TH251	raṭṭhapālattheragāthā		THAG16.4
thag16.5	Th	3119	TH252	mālukyaputtattheragāthā		THAG16.5
thag16.6	Th	3205	TH253	selattheragāthā		THAG16.6
thag16.7	Th	3279	TH254	kāḷigodhāputtabhaddiyattheragāthā		THAG16.7
thag16.8	Th	3336	TH255	aṅgulimālattheragāthā		THAG16.8
thag16.9	Th	3416	TH256	anuruddhattheragāthā		THAG16.9
thag16.10	Th	3502	TH257	pārāpariyattheragāthā		THAG16.10
thag17.1	Th	3597	TH258	phussattheragāthā		THAG17.1
thag17.2	Th	3696	TH259	sāriputtattheragāthā		THAG17.2
thag17.3	Th	3809	TH260	ānandattheragāthā		THAG17.3
thag18.1	Th	3921	TH261	mahākassapattheragāthā		THAG18.1
thag19.1	Th	4051	TH262	tālapuṭattheragāthā		THAG19.1
thag20.1	Th	4223	TH263	mahāmoggallānattheragāthā		THAG20.1
thag21.1	Th	4440	TH264	vaṅgīsattheragāthā		THAG21.1
thi1	Thī	3	THI1	aññatarātherīgāthā		THIG1.1
thi1.1	Thī	3	THI1	aññatarātherīgāthā		THIG1.1
thi1.2	Thī	10	THI2	muttātherīgāthā		THIG1.2
thi1.3	Thī	15	THI3	puṇṇātherīgāthā		THIG1.3
thi1.4	Thī	20	THI4	tissātherīgāthā		THIG1.4
thi1.5	Thī	25	THI5	aññatarātissātherīgāthā		THIG1.5
thi1.6	Thī	30	THI6	dhīrātherīgāthā		THIG1.6
thi1.7	Thī	35	THI7	vīrātherīgāthā		THIG1.7
thi1.8	Thī	40	THI8	mittātherīgāthā		THIG1.8
thi1.9	Thī	45	THI9	bhadrātherīgāthā		THIG1.9
thi1.10	Thī	50	THI10	upasamātherīgāthā		THIG1.10
thi1.11	Thī	55	THI11	muttātherīgāthā		THIG1.11
thi1.12	Thī	61	THI12	dhammadinnātherīgāthā		THIG1.12
thi1.13	Thī	66	THI13	visākhātherīgāthā		THIG1.13
thi1.14	Thī	71	THI14	sumanātherīgāthā		THIG1.14
thi1.15	Thī	76	THI15	uttarātherīgāthā		THIG1.15
thi1.16	Thī	81	THI16	vuḍḍhapabbajitasumanātherīgāthā		THIG1.16
thi1.17	Thī	86	THI17	dhammātherīgāthā		THIG1.17
thi1.18	Thī	92	THI18	saṅghātherīgāthā		THIG1.18
thi2	Thī	10	THI2	muttātherīgāthā		THIG1.2
thi2.1	Thī	99	THI19	abhirūpanandātherīgāthā		THIG2.1
thi2.2	Thī	108	THI20	jentātherīgāthā		THIG2.2
thi2.3	Thī	116	THI21	sumaṅgalamātātherīgāthā		THIG2.3
thi2.4	Thī	124	THI22	aḍḍhakāsitherīgāthā		THIG2.4
thi2.5	Thī	133	THI23	cittātherīgāthā		THIG2.5
thi2.6	Thī	141	THI24	mettikātherīgāthā		THIG2.6
thi2.7	Thī	150	THI25	mittātherīgāthā		THIG2.7
thi2.8	Thī	159	THI26	abhayamātutherīgāthā		THIG2.8
thi2.9	Thī	167	THI27	abhayātherīgāthā		THIG2.9
thi2.10	Thī	175	THI28	sāmātherīgāthā		THIG2.10
thi3	Thī	15	THI3	puṇṇātherīgāthā		THIG1.3
thi3.1	Thī	185	THI29	aparāsāmātherīgāthā		THIG3.1
thi3.2	Thī	198	THI30	uttamātherīgāthā		THIG3.2
thi3.3	Thī	210	THI31	aparāuttamātherīgāthā		THIG3.3
thi3.4	Thī	221	THI32	dantikātherīgāthā		THIG3.4
thi3.5	Thī	232	THI33	ubbiritherīgāthā		THIG3.5
thi3.6	Thī	244	THI34	sukkātherīgāthā		THIG3.6
thi3.7	Thī	255	THI35	selātherīgāthā		THIG3.7
thi3.8	Thī	266	THI36	somātherīgāthā		THIG3.8
thi4	Thī	20	THI4	tissātherīgāthā		THIG1.4
thi4.1	Thī	278	THI37	bhaddākāpilānītherīgāthā		THIG4.1
thi5	Thī	25	THI5	aññatarātissātherīgāthā		THIG1.5
thi5.1	Thī	294	THI38	aññatarātherīgāthā		THIG5.1
thi5.2	Thī	313	THI39	vimalātherīgāthā		THIG5.2
thi5.3	Thī	330	THI40	sīhātherīgāthā		THIG5.3
thi5.4	Thī	347	THI41	sundarīnandātherīgāthā		THIG5.4
thi5.5	Thī	364	THI42	nanduttarātherīgāthā		THIG5.5
thi5.6	Thī	381	THI43	mittākāḷītherīgāthā		THIG5.6
thi5.7	Thī	398	THI44	sakulātherīgāthā		THIG5.7
thi5.8	Thī	415	THI45	soṇātherīgāthā		THIG5.8
thi5.9	Thī	432	THI46	bhaddākuṇḍalakesātherīgāthā		THIG5.9
thi5.10	Thī	449	THI47	paṭācārātherīgāthā		THIG5.10
thi5.11	Thī	467	THI48	tiṃsamattātherīgāthā		THIG5.11
thi5.12	Thī	488	THI49	candātherīgāthā		THIG5.12
thi6	Thī	30	THI6	dhīrātherīgāthā		THIG1.6
thi6.1	Thī	506	THI50	pañcasatamattātherīgāthā		THIG6.1
thi6.2	Thī	528	THI51	vāseṭṭhītherīgāthā		THIG6.2
thi6.3	Thī	548	THI52	khemātherīgāthā		THIG6.3
thi6.4	Thī	568	THI53	sujātātherīgāthā		THIG6.4
thi6.5	Thī	588	THI54	anopamātherīgāthā		THIG6.5
thi6.6	Thī	608	THI55	mahāpajāpatigotamītherīgāthā		THIG6.6
thi6.7	Thī	628	THI56	guttātherīgāthā		THIG6.7
thi6.8	Thī	648	THI57	vijayātherīgāthā		THIG6.8
thi7	Thī	35	THI7	vīrātherīgāthā		THIG1.7
thi7.1	Thī	669	THI58	uttarātherīgāthā		THIG7.1
thi7.2	Thī	693	THI59	cālātherīgāthā		THIG7.2
thi7.3	Thī	716	THI60	upacālātherīgāthā		THIG7.3
thi8	Thī	40	THI8	mittātherīgāthā		THIG1.8
thi8.1	Thī	740	THI61	sīsūpacālātherīgāthā		THIG8.1
thi9	Thī	45	THI9	bhadrātherīgāthā		THIG1.9
thi9.1	Thī	769	THI62	vaḍḍhamātutherīgāthā		THIG9.1
thi10	Thī	50	THI10	upasamātherīgāthā		THIG1.10
thi10.1	Thī	800	THI63	kisāgotamītherīgāthā		THIG10.1
thi11	Thī	55	THI11	muttātherīgāthā		THIG1.11
thi11.1	Thī	837	THI64	uppalavaṇṇātherīgāthā		THIG11.1
thi12	Thī	61	THI12	dhammadinnātherīgāthā		THIG1.12
thi12.1	Thī	877	THI65	puṇṇātherīgāthā		THIG12.1
thi13	Thī	66	THI13	visākhātherīgāthā		THIG1.13
thi13.1	Thī	930	THI66	ambapālītherīgāthā		THIG13.1
thi13.2	Thī	991	THI67	rohinītherīgāthā		THIG13.2
thi13.3	Thī	1056	THI68	cāpātherīgāthā		THIG13.3
thi13.4	Thī	1124	THI69	sundarītherīgāthā		THIG13.4
thi13.5	Thī	1209	THI70	subhākammāradhītutherīgāthā		THIG13.5
thi14	Thī	71	THI14	sumanātherīgāthā		THIG1.14
thi14.1	Thī	1299	THI71	subhājīvakambavanikātherīgāthā		THIG14.1
thi15	Thī	76	THI15	uttarātherīgāthā		THIG1.15
thi15.1	Thī	1405	THI72	isidāsītherīgāthā		THIG15.1
thi16	Thī	81	THI16	vuḍḍhapabbajitasumanātherīgāthā		THIG1.16
thi16.1	Thī	1553	THI73	sumedhātherīgāthā		THIG16.1
thi17	Thī	86	THI17	dhammātherīgāthā		THIG1.17
thi18	Thī	92	THI18	saṅghātherīgāthā		THIG1.18
thi19	Thī	99	THI19	abhirūpanandātherīgāthā		THIG2.1
thi20	Thī	108	THI20	jentātherīgāthā		THIG2.2
thi21	Thī	116	THI21	sumaṅgalamātātherīgāthā		THIG2.3
thi22	Thī	124	THI22	aḍḍhakāsitherīgāthā		THIG2.4
thi23	Thī	133	THI23	cittātherīgāthā		THIG2.5
thi24	Thī	141	THI24	mettikātherīgāthā		THIG2.6
thi25	Thī	150	THI25	mittātherīgāthā		THIG2.7
thi26	Thī	159	THI26	abhayamātutherīgāthā		THIG2.8
thi27	Thī	167	THI27	abhayātherīgāthā		THIG2.9
thi28	Thī	175	THI28	sāmātherīgāthā		THIG2.10
thi29	Thī	185	THI29	aparāsāmātherīgāthā		THIG3.1
thi30	Thī	198	THI30	uttamātherīgāthā		THIG3.2
thi31	Thī	210	THI31	aparāuttamātherīgāthā		THIG3.3
thi32	Thī	221	THI32	dantikātherīgāthā		THIG3.4
thi33	Thī	232	THI33	ubbiritherīgāthā		THIG3.5
thi34	Thī	244	THI34	sukkātherīgāthā		THIG3.6
thi35	Thī	255	THI35	selātherīgāthā		THIG3.7
thi36	Thī	266	THI36	somātherīgāthā		THIG3.8
thi37	Thī	278	THI37	bhaddākāpilānītherīgāthā		THIG4.1
thi38	Thī	294	THI38	aññatarātherīgāthā		THIG5.1
thi39	Thī	313	THI39	vimalātherīgāthā		THIG5.2
thi40	Thī	330	THI40	sīhātherīgāthā		THIG5.3
thi41	Thī	347	THI41	sundarīnandātherīgāthā		THIG5.4
thi42	Thī	364	THI42	nanduttarātherīgāthā		THIG5.5
thi43	Thī	381	THI43	mittākāḷītherīgāthā		THIG5.6
thi44	Thī	398	THI44	sakulātherīgāthā		THIG5.7
thi45	Thī	415	THI45	soṇātherīgāthā		THIG5.8
thi46	Thī	432	THI46	bhaddākuṇḍalakesātherīgāthā		THIG5.9
thi47	Thī	449	THI47	paṭācārātherīgāthā		THIG5.10
thi48	Thī	467	THI48	tiṃsamattātherīgāthā		THIG5.11
thi49	Thī	488	THI49	candātherīgāthā		THIG5.12
thi50	Thī	506	THI50	pañcasatamattātherīgāthā		THIG6.1
thi51	Thī	528	THI51	vāseṭṭhītherīgāthā		THIG6.2
thi52	Thī	548	THI52	khemātherīgāthā		THIG6.3
thi53	Thī	568	THI53	sujātātherīgāthā		THIG6.4
thi54	Thī	588	THI54	anopamātherīgāthā		THIG6.5
thi55	Thī	608	THI55	mahāpajāpatigotamītherīgāthā		THIG6.6
thi56	Thī	628	THI56	guttātherīgāthā		THIG6.7
thi57	Thī	648	THI57	vijayātherīgāthā		THIG6.8
thi58	Thī	669	THI58	uttarātherīgāthā		THIG7.1
thi59	Thī	693	THI59	cālātherīgāthā		THIG7.2
thi60	Thī	716	THI60	upacālātherīgāthā		THIG7.3
thi61	Thī	740	THI61	sīsūpacālātherīgāthā		THIG8.1
thi62	Thī	769	THI62	vaḍḍhamātutherīgāthā		THIG9.1
thi63	Thī	800	THI63	kisāgotamītherīgāthā		THIG10.1
thi64	Thī	837	THI64	uppalavaṇṇātherīgāthā		THIG11.1
thi65	Thī	877	THI65	puṇṇātherīgāthā		THIG12.1
thi66	Thī	930	THI66	ambapālītherīgāthā		THIG13.1
thi67	Thī	991	THI67	rohinītherīgāthā		THIG13.2
thi68	Thī	1056	THI68	cāpātherīgāthā		THIG13.3
thi69	Thī	1124	THI69	sundarītherīgāthā		THIG13.4
thi70	Thī	1209	THI70	subhākammāradhītutherīgāthā		THIG13.5
thi71	Thī	1299	THI71	subhājīvakambavanikātherīgāthā		THIG14.1
thi72	Thī	1405	THI72	isidāsītherīgāthā		THIG15.1
thi73	Thī	1553	THI73	sumedhātherīgāthā		THIG16.1
thig1.1	Thī	3	THI1	aññatarātherīgāthā		THIG1.1
thig1.2	Thī	10	THI2	muttātherīgāthā		THIG1.2
thig1.3	Thī	15	THI3	puṇṇātherīgāthā		THIG1.3
thig1.4	Thī	20	THI4	tissātherīgāthā		THIG1.4
thig1.5	Thī	25	THI5	aññatarātissātherīgāthā		THIG1.5
thig1.6	Thī	30	THI6	dhīrātherīgāthā		THIG1.6
thig1.7	Thī	35	THI7	vīrātherīgāthā		THIG1.7
thig1.8	Thī	40	THI8	mittātherīgāthā		THIG1.8
thig1.9	Thī	45	THI9	bhadrātherīgāthā		THIG1.9
thig1.10	Thī	50	THI10	upasamātherīgāthā		THIG1.10
thig1.11	Thī	55	THI11	muttātherīgāthā		THIG1.11
thig1.12	Thī	61	THI12	dhammadinnātherīgāthā		THIG1.12
thig1.13	Thī	66	THI13	visākhātherīgāthā		THIG1.13
thig1.14	Thī	71	THI14	sumanātherīgāthā		THIG1.14
thig1.15	Thī	76	THI15	uttarātherīgāthā		THIG1.15
thig1.16	Thī	81	THI16	vuḍḍhapabbajitasumanātherīgāthā		THIG1.16
thig1.17	Thī	86	THI17	dhammātherīgāthā		THIG1.17
thig1.18	Thī	92	THI18	saṅghātherīgāthā		THIG1.18
thig2.1	Thī	99	THI19	abhirūpanandātherīgāthā		THIG2.1
thig2.2	Thī	108	THI20	jentātherīgāthā		THIG2.2
thig2.3	Thī	116	THI21	sumaṅgalamātātherīgāthā		THIG2.3
thig2.4	Thī	124	THI22	aḍḍhakāsitherīgāthā		THIG2.4
thig2.5	Thī	133	THI23	cittātherīgāthā		THIG2.5
thig2.6	Thī	141	THI24	mettikātherīgāthā		THIG2.6
thig2.7	Thī	150	THI25	mittātherīgāthā		THIG2.7
thig2.8	Thī	159	THI26	abhayamātutherīgāthā		THIG2.8
thig2.9	Thī	167	THI27	abhayātherīgāthā		THIG2.9
thig2.10	Thī	175	THI28	sāmātherīgāthā		THIG2.10
thig3.1	Thī	185	THI29	aparāsāmātherīgāthā		THIG3.1
thig3.2	Thī	198	THI30	uttamātherīgāthā		THIG3.2
thig3.3	Thī	210	THI31	aparāuttamātherīgāthā		THIG3.3
thig3.4	Thī	221	THI32	dantikātherīgāthā		THIG3.4
thig3.5	Thī	232	THI33	ubbiritherīgāthā		THIG3.5
thig3.6	Thī	244	THI34	sukkātherīgāthā		THIG3.6
thig3.7	Thī	255	THI35	selātherīgāthā		THIG3.7
thig3.8	Thī	266	THI36	somātherīgāthā		THIG3.8
thig4.1	Thī	278	THI37	bhaddākāpilānītherīgāthā		THIG4.1
thig5.1	Thī	294	THI38	aññatarātherīgāthā		THIG5.1
thig5.2	Thī	313	THI39	vimalātherīgāthā		THIG5.2
thig5.3	Thī	330	THI40	sīhātherīgāthā		THIG5.3
thig5.4	Thī	347	THI41	sundarīnandātherīgāthā		THIG5.4
thig5.5	Thī	364	THI42	nanduttarātherīgāthā		THIG5.5
thig5.6	Thī	381	THI43	mittākāḷītherīgāthā		THIG5.6
thig5.7	Thī	398	THI44	sakulātherīgāthā		THIG5.7
thig5.8	Thī	415	THI45	soṇātherīgāthā		THIG5.8
thig5.9	Thī	432	THI46	bhaddākuṇḍalakesātherīgāthā		THIG5.9
thig5.10	Thī	449	THI47	paṭācārātherīgāthā		THIG5.10
thig5.11	Thī	467	THI48	tiṃsamattātherīgāthā		THIG5.11
thig5.12	Thī	488	THI49	candātherīgāthā		THIG5.12
thig6.1	Thī	506	THI50	pañcasatamattātherīgāthā		THIG6.1
thig6.2	Thī	528	THI51	vāseṭṭhītherīgāthā		THIG6.2
thig6.3	Thī	548	THI52	khemātherīgāthā		THIG6.3
thig6.4	Thī	568	THI53	sujātātherīgāthā		THIG6.4
thig6.5	Thī	588	THI54	anopamātherīgāthā		THIG6.5
thig6.6	Thī	608	THI55	mahāpajāpatigotamītherīgāthā		THIG6.6
thig6.7	Thī	628	THI56	guttātherīgāthā		THIG6.7
thig6.8	Thī	648	THI57	vijayātherīgāthā		THIG6.8
thig7.1	Thī	669	THI58	uttarātherīgāthā		THIG7.1
thig7.2	Thī	693	THI59	cālātherīgāthā		THIG7.2
thig7.3	Thī	716	THI60	upacālātherīgāthā		THIG7.3
thig8.1	Thī	740	THI61	sīsūpacālātherīgāthā		THIG8.1
thig9.1	Thī	769	THI62	vaḍḍhamātutherīgāthā		THIG9.1
thig10.1	Thī	800	THI63	kisāgotamītherīgāthā		THIG10.1
thig11.1	Thī	837	THI64	uppalavaṇṇātherīgāthā		THIG11.1
thig12.1	Thī	877	THI65	puṇṇātherīgāthā		THIG12.1
thig13.1	Thī	930	THI66	ambapālītherīgāthā		THIG13.1
thig13.2	Thī	991	THI67	rohinītherīgāthā		THIG13.2
thig13.3	Thī	1056	THI68	cāpātherīgāthā		THIG13.3
thig13.4	Thī	1124	THI69	sundarītherīgāthā		THIG13.4
thig13.5	Thī	1209	THI70	subhākammāradhītutherīgāthā		THIG13.5
thig14.1	Thī	1299	THI71	subhājīvakambavanikātherīgāthā		THIG14.1
thig15.1	Thī	1405	THI72	isidāsītherīgāthā		THIG15.1
thig16.1	Thī	1553	THI73	sumedhātherīgāthā		THIG16.1
ud1	Ud	3	UD1	paṭhamabodhisutta		UD1.1
ud1.1	Ud	3	UD1	paṭhamabodhisutta		UD1.1
ud1.2	Ud	13	UD2	dutiyabodhisutta		UD1.2
ud1.3	Ud	21	UD3	tatiyabodhisutta		UD1.3
ud1.4	Ud	30	UD4	huṃhuṅkasutta		UD1.4
ud1.5	Ud	39	UD5	brāhmaṇasutta		UD1.5
ud1.6	Ud	45	UD6	mahākassapasutta		UD1.6
ud1.7	Ud	51	UD7	ajakalāpakasutta		UD1.7
ud1.8	Ud	56	UD8	saṅgāmajisutta		UD1.8
ud1.9	Ud	66	UD9	jaṭilasutta		UD1.9
ud1.10	Ud	72	UD10	bāhiyasutta		UD1.10
ud2	Ud	13	UD2	dutiyabodhisutta		UD1.2
ud2.1	Ud	96	UD11	mucalindasutta		UD2.1
ud2.2	Ud	106	UD12	rājasutta		UD2.2
ud2.3	Ud	114	UD13	daṇḍasutta		UD2.3
ud2.4	Ud	121	UD14	sakkārasutta		UD2.4
ud2.5	Ud	129	UD15	upāsakasutta		UD2.5
ud2.6	Ud	137	UD16	gabbhinīsutta		UD2.6
ud2.7	Ud	149	UD17	ekaputtakasutta		UD2.7
ud2.8	Ud	162	UD18	suppavāsāsutta		UD2.8
ud2.9	Ud	182	UD19	visākhāsutta		UD2.9
ud2.10	Ud	188	UD20	bhaddiyasutta		UD2.10
ud3	Ud	21	UD3	tatiyabodhisutta		UD1.3
ud3.1	Ud	206	UD21	kammavipākajasutta		UD3.1
ud3.2	Ud	215	UD22	nandasutta		UD3.2
ud3.3	Ud	237	UD23	yasojasutta		UD3.3
ud3.4	Ud	258	UD24	sāriputtasutta		UD3.4
ud3.5	Ud	263	UD25	mahāmoggallānasutta		UD3.5
ud3.6	Ud	270	UD26	pilindavacchasutta		UD3.6
ud3.7	Ud	280	UD27	sakkudānasutta		UD3.7
ud3.8	Ud	290	UD28	piṇḍapātikasutta		UD3.8
ud3.9	Ud	302	UD29	sippasutta		UD3.9
ud3.10	Ud	314	UD30	lokasutta		UD3.10
ud4	Ud	30	UD4	huṃhuṅkasutta		UD1.4
ud4.1	Ud	341	UD31	meghiyasutta		UD4.1
ud4.2	Ud	373	UD32	uddhatasutta		UD4.2
ud4.3	Ud	382	UD33	gopālakasutta		UD4.3
ud4.4	Ud	391	UD34	yakkhapahārasutta		UD4.4
ud4.5	Ud	404	UD35	nāgasutta		UD4.5
ud4.6	Ud	414	UD36	piṇḍolasutta		UD4.6
ud4.7	Ud	421	UD37	sāriputtasutta		UD4.7
ud4.8	Ud	429	UD38	sundarīsutta		UD4.8
ud4.9	Ud	458	UD39	upasenasutta		UD4.9
ud4.10	Ud	465	UD40	sāriputtaupasamasutta		UD4.10
ud5	Ud	39	UD5	brāhmaṇasutta		UD1.5
ud5.1	Ud	476	UD41	piyatarasutta		UD5.1
ud5.2	Ud	487	UD42	appāyukasutta		UD5.2
ud5.3	Ud	495	UD43	suppabuddhakuṭṭhisutta		UD5.3
ud5.4	Ud	510	UD44	kumārakasutta		UD5.4
ud5.5	Ud	518	UD45	uposathasutta		UD5.5
ud5.6	Ud	548	UD46	soṇasutta		UD5.6
ud5.7	Ud	570	UD47	kaṅkhārevatasutta		UD5.7
ud5.8	Ud	578	UD48	saṅghabhedasutta		UD5.8
ud5.9	Ud	586	UD49	sadhāyamānasutta		UD5.9
ud5.10	Ud	591	UD50	cūḷapanthakasutta		UD5.10
ud6	Ud	45	UD6	mahākassapasutta		UD1.6
ud6.1	Ud	605	UD51	āyusaṅkhārossajjanasutta		UD6.1
ud6.2	Ud	627	UD52	sattajaṭilasutta		UD6.2
ud6.3	Ud	639	UD53	paccavekkhaṇasutta		UD6.3
ud6.4	Ud	644	UD54	paṭhamanānātitthiyasutta		UD6.4
ud6.5	Ud	670	UD55	dutiyanānātitthiyasutta		UD6.5
ud6.6	Ud	681	UD56	tatiyanānātitthiyasutta		UD6.6
ud6.7	Ud	697	UD57	subhūtisutta		UD6.7
ud6.8	Ud	705	UD58	gaṇikāsutta		UD6.8
ud6.9	Ud	711	UD59	upātidhāvantisutta		UD6.9
ud6.10	Ud	719	UD60	uppajjantisutta		UD6.10
ud7	Ud	51	UD7	ajakalāpakasutta		UD1.7
ud7.1	Ud	736	UD61	paṭhamalakuṇḍakabhaddiyasutta		UD7.1
ud7.2	Ud	744	UD62	dutiyalakuṇḍakabhaddiyasutta		UD7.2
ud7.3	Ud	750	UD63	paṭhamasattasutta		UD7.3
ud7.4	Ud	758	UD64	dutiyasattasutta		UD7.4
ud7.5	Ud	765	UD65	aparalakuṇḍakabhaddiyasutta		UD7.5
ud7.6	Ud	773	UD66	taṇhāsaṅkhayasutta		UD7.6
ud7.7	Ud	780	UD67	papañcakhayasutta		UD7.7
ud7.8	Ud	787	UD68	kaccānasutta		UD7.8
ud7.9	Ud	797	UD69	udapānasutta		UD7.9
ud7.10	Ud	808	UD70	utenasutta		UD7.10
ud8	Ud	56	UD8	saṅgāmajisutta		UD1.8
ud8.1	Ud	820	UD71	paṭhamanibbānapaṭisaṃyuttasutta		UD8.1
ud8.2	Ud	825	UD72	dutiyanibbānapaṭisaṃyuttasutta		UD8.2
ud8.3	Ud	830	UD73	tatiyanibbānapaṭisaṃyuttasutta		UD8.3
ud8.4	Ud	834	UD74	catutthanibbānapaṭisaṃyuttasutta		UD8.4
ud8.5	Ud	838	UD75	cundasutta		UD8.5
ud8.6	Ud	876	UD76	pāṭaligāmiyasutta		UD8.6
ud8.7	Ud	913	UD77	dvidhāpathasutta		UD8.7
ud8.8	Ud	922	UD78	visākhāsutta		UD8.8
ud8.9	Ud	937	UD79	paṭhamadabbasutta		UD8.9
ud8.10	Ud	946	UD80	dutiyadabbasutta		UD8.10
ud9	Ud	66	UD9	jaṭilasutta		UD1.9
ud10	Ud	72	UD10	bāhiyasutta		UD1.10
ud11	Ud	96	UD11	mucalindasutta		UD2.1
ud12	Ud	106	UD12	rājasutta		UD2.2
ud13	Ud	114	UD13	daṇḍasutta		UD2.3
ud14	Ud	121	UD14	sakkārasutta		UD2.4
ud15	Ud	129	UD15	upāsakasutta		UD2.5
ud16	Ud	137	UD16	gabbhinīsutta		UD2.6
ud17	Ud	149	UD17	ekaputtakasutta		UD2.7
ud18	Ud	162	UD18	suppavāsāsutta		UD2.8
ud19	Ud	182	UD19	visākhāsutta		UD2.9
ud20	Ud	188	UD20	bhaddiyasutta		UD2.10
ud21	Ud	206	UD21	kammavipākajasutta		UD3.1
ud22	Ud	215	UD22	nandasutta		UD3.2
ud23	Ud	237	UD23	yasojasutta		UD3.3
ud24	Ud	258	UD24	sāriputtasutta		UD3.4
ud25	Ud	263	UD25	mahāmoggallānasutta		UD3.5
ud26	Ud	270	UD26	pilindavacchasutta		UD3.6
ud27	Ud	280	UD27	sakkudānasutta		UD3.7
ud28	Ud	290	UD28	piṇḍapātikasutta		UD3.8
ud29	Ud	302	UD29	sippasutta		UD3.9
ud30	Ud	314	UD30	lokasutta		UD3.10
ud31	Ud	341	UD31	meghiyasutta		UD4.1
ud32	Ud	373	UD32	uddhatasutta		UD4.2
ud33	Ud	382	UD33	gopālakasutta		UD4.3
ud34	Ud	391	UD34	yakkhapahārasutta		UD4.4
ud35	Ud	404	UD35	nāgasutta		UD4.5
ud36	Ud	414	UD36	piṇḍolasutta		UD4.6
ud37	Ud	421	UD37	sāriputtasutta		UD4.7
ud38	Ud	429	UD38	sundarīsutta		UD4.8
ud39	Ud	458	UD39	upasenasutta		UD4.9
ud40	Ud	465	UD40	sāriputtaupasamasutta		UD4.10
ud41	Ud	476	UD41	piyatarasutta		UD5.1
ud42	Ud	487	UD42	appāyukasutta		UD5.2
ud43	Ud	495	UD43	suppabuddhakuṭṭhisutta		UD5.3
ud44	Ud	510	UD44	kumārakasutta		UD5.4
ud45	Ud	518	UD45	uposathasutta		UD5.5
ud46	Ud	548	UD46	soṇasutta		UD5.6
ud47	Ud	570	UD47	kaṅkhārevatasutta		UD5.7
ud48	Ud	578	UD48	saṅghabhedasutta		UD5.8
ud49	Ud	586	UD49	sadhāyamānasutta		UD5.9
ud50	Ud	591	UD50	cūḷapanthakasutta		UD5.10
ud51	Ud	605	UD51	āyusaṅkhārossajjanasutta		UD6.1
ud52	Ud	627	UD52	sattajaṭilasutta		UD6.2
ud53	Ud	639	UD53	paccavekkhaṇasutta		UD6.3
ud54	Ud	644	UD54	paṭhamanānātitthiyasutta		UD6.4
ud55	Ud	670	UD55	dutiyanānātitthiyasutta		UD6.5
ud56	Ud	681	UD56	tatiyanānātitthiyasutta		UD6.6
ud57	Ud	697	UD57	subhūtisutta		UD6.7
ud58	Ud	705	UD58	gaṇikāsutta		UD6.8
ud59	Ud	711	UD59	upātidhāvantisutta		UD6.9
ud60	Ud	719	UD60	uppajjantisutta		UD6.10
ud61	Ud	736	UD61	paṭhamalakuṇḍakabhaddiyasutta		UD7.1
ud62	Ud	744	UD62	dutiyalakuṇḍakabhaddiyasutta		UD7.2
ud63	Ud	750	UD63	paṭhamasattasutta		UD7.3
ud64	Ud	758	UD64	dutiyasattasutta		UD7.4
ud65	Ud	765	UD65	aparalakuṇḍakabhaddiyasutta		UD7.5
ud66	Ud	773	UD66	taṇhāsaṅkhayasutta		UD7.6
ud67	Ud	780	UD67	papañcakhayasutta		UD7.7
ud68	Ud	787	UD68	kaccānasutta		UD7.8
ud69	Ud	797	UD69	udapānasutta		UD7.9
ud70	Ud	808	UD70	utenasutta		UD7.10
ud71	Ud	820	UD71	paṭhamanibbānapaṭisaṃyuttasutta		UD8.1
ud72	Ud	825	UD72	dutiyanibbānapaṭisaṃyuttasutta		UD8.2
ud73	Ud	830	UD73	tatiyanibbānapaṭisaṃyuttasutta		UD8.3
ud74	Ud	834	UD74	catutthanibbānapaṭisaṃyuttasutta		UD8.4
ud75	Ud	838	UD75	cundasutta		UD8.5
ud76	Ud	876	UD76	pāṭaligāmiyasutta		UD8.6
ud77	Ud	913	UD77	dvidhāpathasutta		UD8.7
ud78	Ud	922	UD78	visākhāsutta		UD8.8
ud79	Ud	937	UD79	paṭhamadabbasutta		UD8.9
ud80	Ud	946	UD80	dutiyadabbasutta		UD8.10
vv1	Vv	3	VV1	paṭhamapīṭhavimānavatthu		
vv2	Vv	29	VV2	dutiyapīṭhavimānavatthu		
vv3	Vv	52	VV3	tatiyapīṭhavimānavatthu		
vv4	Vv	78	VV4	catutthapīṭhavimānavatthu		
vv5	Vv	104	VV5	kuñjaravimānavatthu		
vv6	Vv	142	VV6	paṭhamanāvāvimānavatthu		
vv7	Vv	174	VV7	dutiyanāvāvimānavatthu		
vv8	Vv	206	VV8	tatiyanāvāvimānavatthu		
vv9	Vv	245	VV9	dīpavimānavatthu		
vv10	Vv	277	VV10	tiladakkhiṇavimānavatthu		
vv11	Vv	303	VV11	paṭhamapatibbatāvimānavatthu		
vv12	Vv	329	VV12	dutiyapatibbatāvimānavatthu		
vv13	Vv	353	VV13	paṭhamasuṇisāvimānavatthu		
vv14	Vv	379	VV14	dutiyasuṇisāvimānavatthu		
vv15	Vv	405	VV15	uttarāvimānavatthu		
vv16	Vv	444	VV16	sirimāvimānavatthu		
vv17	Vv	489	VV17	kesakārīvimānavatthu		
vv18	Vv	518	VV18	dāsivimānavatthu		
vv19	Vv	569	VV19	lakhumāvimānavatthu		
vv20	Vv	604	VV20	ācāmadāyikāvimānavatthu		
vv21	Vv	639	VV21	caṇḍālivimānavatthu		
vv22	Vv	674	VV22	bhadditthivimānavatthu		
vv23	Vv	711	VV23	soṇadinnāvimānavatthu		
vv24	Vv	746	VV24	uposathāvimānavatthu		
vv25	Vv	793	VV25	niddāvimānavatthu		
vv26	Vv	823	VV26	suniddāvimānavatthu		
vv27	Vv	841	VV27	paṭhamabhikkhādāyikāvimānavatthu		
vv28	Vv	858	VV28	dutiyabhikkhādāyikāvimānavatthu		
vv29	Vv	881	VV29	uḷāravimānavatthu		
vv30	Vv	914	VV30	ucchudāyikāvimānavatthu		
vv31	Vv	950	VV31	pallaṅkavimānavatthu		
vv32	Vv	981	VV32	latāvimānavatthu		
vv33	Vv	1016	VV33	guttilavimānavatthu		
vv34	Vv	1301	VV34	daddallavimānavatthu		
vv35	Vv	1383	VV35	pesavatīvimānavatthu		
vv36	Vv	1421	VV36	mallikāvimānavatthu		
vv37	Vv	1447	VV37	visālakkhivimānavatthu		
vv38	Vv	1492	VV38	pāricchattakavimānavatthu		
vv39	Vv	1526	VV39	mañjiṭṭhakavimānavatthu		
vv40	Vv	1553	VV40	pabhassaravimānavatthu		
vv41	Vv	1580	VV41	nāgavimānavatthu		
vv42	Vv	1600	VV42	alomavimānavatthu		
vv43	Vv	1618	VV43	kañjikadāyikāvimānavatthu		
vv44	Vv	1647	VV44	vihāravimānavatthu		
vv45	Vv	1728	VV45	caturitthivimānavatthu		
vv46	Vv	1768	VV46	ambavimānavatthu		
vv47	Vv	1797	VV47	pītavimānavatthu		
vv48	Vv	1838	VV48	ucchuvimānavatthu		
vv49	Vv	1874	VV49	vandanavimānavatthu		
vv50	Vv	1889	VV50	rajjumālāvimānavatthu		
vv51	Vv	1992	VV51	maṇḍūkadevaputtavimānavatthu		
vv52	Vv	2008	VV52	revatīvimānavatthu		
vv53	Vv	2088	VV53	chattamāṇavakavimānavatthu		
vv54	Vv	2165	VV54	kakkaṭakarasadāyakavimānavatthu		
vv55	Vv	2192	VV55	dvārapālavimānavatthu		
vv56	Vv	2210	VV56	paṭhamakaraṇīyavimānavatthu		
vv57	Vv	2231	VV57	dutiyakaraṇīyavimānavatthu		
vv58	Vv	2252	VV58	paṭhamasūcivimānavatthu		
vv59	Vv	2270	VV59	dutiyasūcivimānavatthu		
vv60	Vv	2289	VV60	paṭhamanāgavimānavatthu		
vv61	Vv	2308	VV61	dutiyanāgavimānavatthu		
vv62	Vv	2327	VV62	tatiyanāgavimānavatthu		
vv63	Vv	2344	VV63	cūḷarathavimānavatthu		
vv64	Vv	2448	VV64	mahārathavimānavatthu		
vv65	Vv	2556	VV65	paṭhamāgāriyavimānavatthu		
vv66	Vv	2573	VV66	dutiyāgāriyavimānavatthu		
vv67	Vv	2588	VV67	phaladāyakavimānavatthu		
vv68	Vv	2613	VV68	paṭhamaupassayadāyakavimānavatthu		
vv69	Vv	2628	VV69	dutiyaupassayadāyakavimānavatthu		
vv70	Vv	2635	VV70	bhikkhādāyakavimānavatthu		
vv71	Vv	2650	VV71	yavapālakavimānavatthu		
vv72	Vv	2664	VV72	paṭhamakuṇḍalīvimānavatthu		
vv73	Vv	2683	VV73	dutiyakuṇḍalīvimānavatthu		
vv74	Vv	2702	VV74	uttarapāyāsivimānavatthu		
vv75	Vv	2723	VV75	cittalatāvimānavatthu		
vv76	Vv	2740	VV76	nandanavimānavatthu		
vv77	Vv	2756	VV77	maṇithūṇavimānavatthu		
vv78	Vv	2774	VV78	suvaṇṇavimānavatthu		
vv79	Vv	2812	VV79	ambavimānavatthu		
vv80	Vv	2848	VV80	gopālavimānavatthu		
vv81	Vv	2885	VV81	kaṇḍakavimānavatthu		
vv82	Vv	2970	VV82	anekavaṇṇavimānavatthu		
vv83	Vv	2996	VV83	maṭṭhakuṇḍalīvimānavatthu		
vv84	Vv	3061	VV84	serīsakavimānavatthu		
vv85	Vv	3243	VV85	sunikkhittavimānavatthu		
